race_id,date,race_datetime,horse_id,horse_name,draw,weight,distance,field_size,form_avg_3,form_avg_5,form_avg_10,form_var_5,last_run_perf,trend_3_10,days_since_last_race,fatigue_score,recovery_score,short_rest_flag,long_layoff_flag,race_frequency_3,race_frequency_5,seasonal_race_load,pace_hint,style_front_prob,style_presser_prob,style_stalker_prob,style_closer_prob,distance_fit,surface_fit,track_fit,condition_fit,market_probability,implied_probability,odds,is_winner,track,surface,track_condition
Bursa-2026-09-07-1,2026-09-07,2026-09-07 14:30:00,ALKURUŞ BEYİ-1,ALKURUŞ BEYİ,1,57.0,1500.0,15.0,-2.2777777777777777,-1.9083333333333332,-1.9083333333333332,4.6262037037037045,-5.0,-0.3694444444444442,24.0,0.679178699175393,0.1436868327588291,0.0,0.0,0.125,0.2083333333333333,0.0333333333333333,0.0,0.25,0.25,0.25,0.25,-0.9166666666666666,-2.2777777777777777,-1.9083333333333332,0.45,0.0892857142857142,0.0892857142857142,11.2,0,BURSA,Cim,NORMAL
Bursa-2026-09-07-1,2026-09-07,2026-09-07 14:30:00,GÖKKILIÇ-2,GÖKKILIÇ,2,53.0,1500.0,15.0,-2.388888888888889,-3.1533333333333333,-2.7527777777777778,15.945333333333334,0.1666666666666666,0.3638888888888889,12.0,0.320821300824607,0.6607563687658172,0.0,0.0,0.25,0.4166666666666667,0.0416666666666666,0.0,0.25,0.25,0.25,0.25,-2.191666666666667,-4.944444444444445,0.0,0.45,0.0421940928270042,0.0421940928270042,23.7,0,BURSA,Cim,NORMAL
Bursa-2026-09-07-1,2026-09-07,2026-09-07 14:30:00,KOLAYSA YAKALA-3,KOLAYSA YAKALA,3,54.0,1500.0,15.0,-2.592592592592593,-2.592592592592593,-2.592592592592593,5.94238683127572,-4.0,0.0,11.0,0.2942149721629887,0.1886527860027925,0.0,0.0,0.2727272727272727,0.4545454545454545,0.0166666666666666,0.0,0.25,0.25,0.25,0.25,0.0,0.0,-1.8888888888888888,0.45,0.0288184438040345,0.0288184438040345,34.7,0,BURSA,Cim,NORMAL
Bursa-2026-09-07-1,2026-09-07,2026-09-07 14:30:00,LAVEKAR-4,LAVEKAR,4,57.0,1500.0,15.0,-0.6777777777777777,-2.1844444444444444,-2.1844444444444444,16.038617283950614,-2.5,1.5066666666666668,17.0,0.4687906266262437,0.3542988354005146,0.0,0.0,0.1764705882352941,0.2941176470588235,0.0333333333333333,0.0,0.25,0.25,0.25,0.25,-0.3333333333333332,-2.7583333333333333,-2.1844444444444444,0.45,0.303030303030303,0.303030303030303,3.3,0,BURSA,Cim,NORMAL
Bursa-2026-09-07-1,2026-09-07,2026-09-07 14:30:00,RULER STONE-5,RULER STONE,5,57.0,1500.0,15.0,-0.2083333333333333,-0.2083333333333333,-0.2083333333333333,0.0034722222222222,-0.1666666666666667,0.0,25.0,0.7057850278370112,0.679469156399048,0.0,0.0,0.12,0.2,0.0166666666666666,0.0,0.25,0.25,0.25,0.25,-0.2083333333333333,0.0,0.0,0.45,0.0668896321070234,0.0668896321070234,14.95,0,BURSA,Cim,NORMAL
Bursa-2026-09-07-1,2026-09-07,2026-09-07 14:30:00,SEZGİNAĞA-7,SEZGİNAĞA,7,57.0,1500.0,15.0,0.45,0.45,0.45,0.03,0.45,0.0,30.0,0.8175744761936437,0.7499476922271856,0.0,0.0,0.1,0.1666666666666666,0.0,0.0,0.25,0.25,0.25,0.25,0.45,0.45,0.45,0.45,0.099009900990099,0.099009900990099,10.1,0,BURSA,Cim,NORMAL
Bursa-2026-09-07-1,2026-09-07,2026-09-07 14:30:00,TÜMERK-8,TÜMERK,8,57.0,1500.0,15.0,0.1607142857142857,0.1607142857142857,0.1607142857142857,0.3373724489795918,0.5714285714285714,0.0,21.0,0.5926665999540697,0.7358991223348303,0.0,0.0,0.1428571428571428,0.238095238095238,0.0166666666666666,0.0,0.25,0.25,0.25,0.25,0.5714285714285714,0.0,0.5714285714285714,0.45,0.145985401459854,0.145985401459854,6.85,0,BURSA,Cim,NORMAL
Bursa-2026-09-07-1,2026-09-07,2026-09-07 14:30:00,YALNIZ AŞIK-9,YALNIZ AŞIK,9,57.0,1500.0,15.0,0.0,0.0,0.0,0.03,0.0,0.0,17.0,0.4687906266262437,0.6688829745744311,0.0,0.0,0.1764705882352941,0.2941176470588235,0.0083333333333333,0.0,0.25,0.25,0.25,0.25,0.0,0.0,0.0,0.45,0.1156069364161849,0.1156069364161849,8.65,0,BURSA,Cim,NORMAL
Bursa-2026-09-07-1,2026-09-07,2026-09-07 14:30:00,BESTE BEGÜM-10,BESTE BEGÜM,10,55.0,1500.0,15.0,0.1999999999999999,0.1999999999999999,0.1999999999999999,0.03,0.1999999999999999,0.0,17.0,0.4687906266262437,0.6906451700919695,0.0,0.0,0.1764705882352941,0.2941176470588235,0.0083333333333333,0.0,0.25,0.25,0.25,0.25,0.1999999999999999,0.1999999999999999,0.1999999999999999,0.45,0.0092250922509225,0.0092250922509225,108.4,0,BURSA,Cim,NORMAL
Bursa-2026-09-07-1,2026-09-07,2026-09-07 14:30:00,BODRUM RÜZGARI  K Kulaklık takılacağını ifade eder.-11,BODRUM RÜZGARI  K Kulaklık takılacağını ifade eder.,11,55.0,1500.0,15.0,0.8333333333333334,0.8333333333333334,0.8333333333333334,0.03,0.8333333333333334,0.0,17.0,0.4687906266262437,0.7539523441019896,0.0,0.0,0.1764705882352941,0.2941176470588235,0.0083333333333333,0.0,0.25,0.25,0.25,0.25,0.8333333333333334,0.8333333333333334,0.8333333333333334,0.45,0.4166666666666667,0.4166666666666667,2.4,0,BURSA,Cim,NORMAL
Bursa-2026-09-07-1,2026-09-07,2026-09-07 14:30:00,İVECEN-12,İVECEN,12,52.0,1500.0,15.0,-1.0173160173160174,-1.7770562770562766,-1.7770562770562766,5.900034669515189,0.0909090909090909,0.7597402597402592,78.0,0.9994472213630764,0.6326037477926676,0.0,1.0,0.0384615384615384,0.0641025641025641,0.025,0.0,0.25,0.25,0.25,0.25,0.0909090909090909,0.0909090909090909,0.0,0.45,0.0175284837861524,0.0175284837861524,57.05,0,BURSA,Cim,NORMAL
Bursa-2026-09-07-1,2026-09-07,2026-09-07 14:30:00,TOKATHANIN GÜLÜ-14,TOKATHANIN GÜLÜ,14,51.0,1500.0,15.0,0.1111111111111111,0.1151515151515151,0.0155844155844155,0.1660468319559229,0.5,0.0955266955266955,12.0,0.320821300824607,0.6942363401080306,0.0,0.0,0.25,0.4166666666666667,0.0583333333333333,0.0,0.25,0.25,0.25,0.25,0.0818181818181818,0.1292929292929293,-0.0651515151515151,0.45,0.0684931506849315,0.0684931506849315,14.6,0,BURSA,Cim,NORMAL
Bursa-2026-09-07-1,2026-09-07,2026-09-07 14:30:00,ZAMANE KIZ  K Kulaklık takılacağını ifade eder.-15,ZAMANE KIZ  K Kulaklık takılacağını ifade eder.,15,53.0,1500.0,15.0,0.45,0.45,0.45,0.03,0.45,0.0,30.0,0.8175744761936437,0.7499476922271856,0.0,0.0,0.1,0.1666666666666666,0.0,0.0,0.25,0.25,0.25,0.25,0.45,0.45,0.45,0.45,0.0344827586206896,0.0344827586206896,29.0,0,BURSA,Cim,NORMAL
Bursa-2026-09-07-2,2026-09-07,2026-09-07 15:00:00,KING BALDWIN-1,KING BALDWIN,1,60.0,1300.0,6.0,0.4666666666666666,0.4133333333333334,0.4133333333333334,0.3542222222222222,0.4,0.0533333333333332,12.0,0.320821300824607,0.700567142473973,0.0,0.0,0.25,0.4166666666666667,0.0416666666666666,0.0,0.25,0.25,0.25,0.25,0.4133333333333334,1.0,1.0,0.45,0.25,0.25,4.0,0,BURSA,Cim,NORMAL
Bursa-2026-09-07-2,2026-09-07,2026-09-07 15:00:00,ANTIGONIA-2,ANTIGONIA,2,57.0,1300.0,6.0,7.401486830834377e-17,0.2142857142857143,0.2142857142857143,1.5910808767951623,-1.6666666666666663,-0.2142857142857142,23.0,0.6513548646660542,0.4970290204733237,0.0,0.0,0.1304347826086956,0.217391304347826,0.0166666666666666,0.0,0.25,0.25,0.25,0.25,-0.4999999999999999,0.2142857142857143,0.8412698412698413,0.45,0.6451612903225806,0.6451612903225806,1.55,1,BURSA,Cim,NORMAL
Bursa-2026-09-07-2,2026-09-07,2026-09-07 15:00:00,I LOVE SPEED-3,I LOVE SPEED,3,57.0,1300.0,6.0,0.0555555555555555,-0.1523809523809523,-0.2698412698412697,1.538718820861678,0.6666666666666667,0.3253968253968253,17.0,0.4687906266262437,0.7358823711557269,0.0,0.0,0.1764705882352941,0.2941176470588235,0.0583333333333333,0.0,0.25,0.25,0.25,0.25,-0.1269841269841269,-0.3035714285714285,-0.3035714285714285,0.45,0.1886792452830188,0.1886792452830188,5.3,0,BURSA,Cim,NORMAL
Bursa-2026-09-07-2,2026-09-07,2026-09-07 15:00:00,LA PERLE RARE-4,LA PERLE RARE,4,54.0,1300.0,6.0,0.1666666666666666,0.15,-0.2821428571428571,0.3,-0.5,0.4488095238095237,29.0,0.7981867777396212,0.6272656058541298,0.0,0.0,0.1034482758620689,0.1724137931034483,0.075,0.0,0.25,0.25,0.25,0.25,0.0255102040816326,-0.25,1.0,0.45,0.0516795865633074,0.0516795865633074,19.35,0,BURSA,Cim,NORMAL
Bursa-2026-09-07-2,2026-09-07,2026-09-07 15:00:00,LA MUNECA-5,LA MUNECA,5,55.0,1300.0,6.0,-1.3333333333333333,-0.7333333333333334,-0.5,1.1888888888888889,-1.0,-0.8333333333333333,8.0,0.2227001388253088,0.4866377978157187,0.0,0.0,0.375,0.625,0.05,0.0,0.25,0.25,0.25,0.25,-0.5,-0.5,0.6666666666666667,0.45,0.2150537634408602,0.2150537634408602,4.65,0,BURSA,Cim,NORMAL
Bursa-2026-09-07-2,2026-09-07,2026-09-07 15:00:00,MOON ASH-6,MOON ASH,6,54.5,1300.0,6.0,-0.8333333333333334,-1.125,-1.125,2.0625,1.0,0.2916666666666666,14.0,0.3775406687981454,0.7619578034000571,0.0,0.0,0.2142857142857142,0.3571428571428571,0.0333333333333333,0.0,0.25,0.25,0.25,0.25,-1.125,-0.8333333333333334,-1.125,0.45,0.0970873786407767,0.0970873786407767,10.3,0,BURSA,Cim,NORMAL
Bursa-2026-09-07-3,2026-09-07,2026-09-07 15:30:00,GÖNÜL SARAYI-1,GÖNÜL SARAYI,1,57.0,1500.0,15.0,-0.8611111111111112,-0.3366666666666667,-0.2451190476190476,1.7125555555555558,-2.333333333333333,-0.6159920634920635,21.0,0.5926665999540697,0.383602375425621,0.0,0.0,0.1428571428571428,0.238095238095238,0.075,0.0,0.25,0.25,0.25,0.25,-0.8333333333333334,-0.75,-0.9940476190476192,0.45,0.0709219858156028,0.0709219858156028,14.1,0,BURSA,Cim,NORMAL
Bursa-2026-09-07-3,2026-09-07,2026-09-07 15:30:00,TOPLUSER-2,TOPLUSER,2,59.0,1500.0,15.0,0.4107142857142857,0.4413003663003663,0.2061011904761905,0.1101769529310738,0.375,0.2046130952380952,9.0,0.2450850131323717,0.6649156229178979,0.0,0.0,0.3333333333333333,0.5555555555555556,0.0583333333333333,0.0,0.25,0.25,0.25,0.25,0.5664682539682541,0.5,0.2123015873015873,0.45,0.1388888888888889,0.1388888888888889,7.2,0,BURSA,Cim,NORMAL
Bursa-2026-09-07-3,2026-09-07,2026-09-07 15:30:00,AKÇİVİ-3,AKÇİVİ,3,57.0,1500.0,15.0,0.0,0.0,0.0,0.03,0.0,0.0,17.0,0.4687906266262437,0.6688829745744311,0.0,0.0,0.1764705882352941,0.2941176470588235,0.0083333333333333,0.0,0.25,0.25,0.25,0.25,0.0,0.0,0.0,0.45,0.1724137931034483,0.1724137931034483,5.8,0,BURSA,Cim,NORMAL
Bursa-2026-09-07-3,2026-09-07,2026-09-07 15:30:00,AKREP YÜREK-4,AKREP YÜREK,4,57.0,1500.0,15.0,0.4,0.4,0.4,0.03,0.4,0.0,17.0,0.4687906266262437,0.7115937825571509,0.0,0.0,0.1764705882352941,0.2941176470588235,0.0083333333333333,0.0,0.25,0.25,0.25,0.25,0.4,0.4,0.4,0.45,0.202020202020202,0.202020202020202,4.95,0,BURSA,Cim,NORMAL
Bursa-2026-09-07-3,2026-09-07,2026-09-07 15:30:00,BAŞKATAY-5,BAŞKATAY,5,57.0,1500.0,15.0,-2.0,-2.0,-2.0,0.0,-2.0,0.0,24.0,0.679178699175393,0.432497976640646,0.0,0.0,0.125,0.2083333333333333,0.0166666666666666,0.0,0.25,0.25,0.25,0.25,-2.0,-2.0,-2.0,0.45,0.0264900662251655,0.0264900662251655,37.75,0,BURSA,Cim,NORMAL
Bursa-2026-09-07-3,2026-09-07,2026-09-07 15:30:00,DAVRANTAY-6,DAVRANTAY,6,57.0,1500.0,15.0,0.3414141414141414,-0.0451515151515151,-0.4608225108225108,1.25792056932966,0.0909090909090909,0.8022366522366522,11.0,0.2942149721629887,0.6349086034775155,0.0,0.0,0.2727272727272727,0.4545454545454545,0.0583333333333333,0.0,0.25,0.25,0.25,0.25,-0.0375,-0.3055555555555555,-0.5527777777777777,0.45,0.090497737556561,0.090497737556561,11.05,0,BURSA,Cim,NORMAL
Bursa-2026-09-07-3,2026-09-07,2026-09-07 15:30:00,HIRÇIN DADAŞ-7,HIRÇIN DADAŞ,7,53.0,1500.0,15.0,-0.5666666666666667,-0.6288888888888889,-0.1583333333333332,0.9052839506172838,-0.1999999999999999,-0.4083333333333334,9.0,0.2450850131323717,0.5965501480371941,0.0,0.0,0.3333333333333333,0.5555555555555556,0.0666666666666666,0.0,0.25,0.25,0.25,0.25,-0.2148148148148148,0.3472222222222222,0.0,0.45,0.0396825396825396,0.0396825396825396,25.2,0,BURSA,Cim,NORMAL
Bursa-2026-09-07-3,2026-09-07,2026-09-07 15:30:00,ILGARCAN-8,ILGARCAN,8,54.0,1500.0,15.0,-0.3560606060606061,-0.2517316017316017,-0.8139249639249638,0.5400582822660744,0.1818181818181817,0.4578643578643577,11.0,0.2942149721629887,0.6453789430595718,0.0,0.0,0.2727272727272727,0.4545454545454545,0.0583333333333333,0.0,0.25,0.25,0.25,0.25,-0.5277777777777778,-0.3333333333333332,0.0,0.45,0.0344827586206896,0.0344827586206896,29.0,0,BURSA,Cim,NORMAL
Bursa-2026-09-07-3,2026-09-07,2026-09-07 15:30:00,MERDÜMGİRİZ-9,MERDÜMGİRİZ,9,55.0,1500.0,15.0,-1.5944444444444443,-1.2966666666666666,-0.9081349206349209,1.1075555555555556,-2.25,-0.6863095238095236,24.0,0.679178699175393,0.3957193885288144,0.0,0.0,0.125,0.2083333333333333,0.05,0.0,0.25,0.25,0.25,0.25,-1.2666666666666666,-0.6982142857142857,-1.0174603174603174,0.45,0.0100959111559818,0.0100959111559818,99.05,0,BURSA,Cim,NORMAL
Bursa-2026-09-07-3,2026-09-07,2026-09-07 15:30:00,KAZAN GİRİL-10,KAZAN GİRİL,10,57.0,1500.0,15.0,0.4559523809523809,0.0291269841269841,0.1914399092970521,1.342932382212144,0.6,0.2645124716553287,21.0,0.5926665999540697,0.73218059090651,0.0,0.0,0.1428571428571428,0.238095238095238,0.0583333333333333,0.0,0.25,0.25,0.25,0.25,0.6675925925925926,0.0,0.6888888888888889,0.45,0.1869158878504673,0.1869158878504673,5.35,0,BURSA,Cim,NORMAL
Bursa-2026-09-07-3,2026-09-07,2026-09-07 15:30:00,DİKKALDIRIM-11,DİKKALDIRIM,11,51.0,1500.0,15.0,-3.75,-3.75,-3.75,10.125,-1.5,0.0,21.0,0.5926665999540697,0.4989285730685101,0.0,0.0,0.1428571428571428,0.238095238095238,0.0083333333333333,0.0,0.25,0.25,0.25,0.25,-1.5,0.0,-3.75,0.45,0.0283687943262411,0.0283687943262411,35.25,0,BURSA,Cim,NORMAL
Bursa-2026-09-07-3,2026-09-07,2026-09-07 15:30:00,HATUN DİDEM-12,HATUN DİDEM,12,55.0,1500.0,15.0,-0.7833333333333333,-0.41,-0.41,0.493,-0.75,-0.3733333333333333,12.0,0.320821300824607,0.5535439031511183,0.0,0.0,0.25,0.4166666666666667,0.0333333333333333,0.0,0.25,0.25,0.25,0.25,-0.75,-0.875,-0.0999999999999999,0.45,0.0289855072463768,0.0289855072463768,34.5,0,BURSA,Cim,NORMAL
Bursa-2026-09-07-3,2026-09-07,2026-09-07 15:30:00,İCLAL HANIM-13,İCLAL HANIM,13,51.0,1500.0,15.0,-5.333333333333333,-4.457142857142857,-4.457142857142857,16.187755102040818,0.0,-0.8761904761904757,24.0,0.679178699175393,0.6700327828664843,0.0,0.0,0.125,0.2083333333333333,0.0416666666666666,0.0,0.25,0.25,0.25,0.25,-7.333333333333333,-2.7619047619047623,-4.457142857142857,0.45,0.1123595505617977,0.1123595505617977,8.9,0,BURSA,Cim,NORMAL
Bursa-2026-09-07-3,2026-09-07,2026-09-07 15:30:00,SARAYTAY-14,SARAYTAY,14,55.0,1500.0,15.0,0.5095238095238096,0.4663203463203462,0.5098124098124098,0.0347841494724611,0.4285714285714286,-0.0002886002886002,24.0,0.679178699175393,0.7155754540162946,0.0,0.0,0.125,0.2083333333333333,0.0416666666666666,0.0,0.25,0.25,0.25,0.25,0.55,0.5412337662337663,0.5098124098124098,0.45,0.2564102564102564,0.2564102564102564,3.9,1,BURSA,Cim,NORMAL
Bursa-2026-09-07-3,2026-09-07,2026-09-07 15:30:00,UÇAN TURBOCU-15,UÇAN TURBOCU,15,52.0,1500.0,15.0,-1.5238095238095235,-1.0178571428571428,-1.0178571428571428,1.4774659863945578,-2.0,-0.5059523809523809,22.0,0.6224593312018546,0.4503160172578015,0.0,0.0,0.1363636363636363,0.2272727272727272,0.0333333333333333,0.0,0.25,0.25,0.25,0.25,-2.0,-0.5714285714285714,0.0,0.45,0.035778175313059,0.035778175313059,27.95,0,BURSA,Cim,NORMAL
Bursa-2026-09-07-4,2026-09-07,2026-09-07 16:00:00,DRAGON HERO-1,DRAGON HERO,1,60.0,1400.0,14.0,0.0,-0.0666666666666666,0.2666666666666667,0.5222222222222221,0.0,-0.2666666666666667,10.0,0.2689414213699951,0.6307039836787257,0.0,0.0,0.3,0.5,0.0166666666666666,0.0,0.25,0.25,0.25,0.25,0.206060606060606,0.5142857142857143,0.3333333333333333,0.45,0.8,0.8,1.25,0,BURSA,Cim,NORMAL
Bursa-2026-09-07-4,2026-09-07,2026-09-07 16:00:00,UNSEEN POWER-2,UNSEEN POWER,2,60.0,1400.0,14.0,-0.3809523809523809,-0.1119047619047619,-0.0142857142857142,0.3245181405895691,-1.0,-0.3666666666666666,9.0,0.2450850131323717,0.4949208096432398,0.0,0.0,0.3333333333333333,0.5555555555555556,0.0333333333333333,0.0,0.25,0.25,0.25,0.25,-0.18,0.0,-1.0,0.45,0.0307692307692307,0.0307692307692307,32.5,0,BURSA,Cim,NORMAL
Bursa-2026-09-07-4,2026-09-07,2026-09-07 16:00:00,BOREAL-3,BOREAL,3,58.0,1400.0,14.0,0.7333333333333334,0.5034920634920634,-0.1344797178130511,0.3972831947593851,0.5,0.8678130511463845,17.0,0.4687906266262437,0.7066828910918218,0.0,0.0,0.1764705882352941,0.2941176470588235,0.05,0.0,0.25,0.25,0.25,0.25,-0.8598412698412699,0.3628117913832199,0.6622222222222222,0.45,0.101010101010101,0.101010101010101,9.9,0,BURSA,Cim,NORMAL
Bursa-2026-09-07-4,2026-09-07,2026-09-07 16:00:00,KAFKAS CEYLANI-4,KAFKAS CEYLANI,4,56.0,1400.0,14.0,-1.1785714285714286,-0.3738095238095238,-0.3583333333333333,1.5974773242630385,-2.0,-0.8202380952380953,12.0,0.320821300824607,0.3507567966587676,0.0,0.0,0.25,0.4166666666666667,0.0166666666666666,0.0,0.25,0.25,0.25,0.25,-0.1836734693877551,-0.6004761904761905,-0.2388888888888889,0.45,0.0150602409638554,0.0150602409638554,66.4,0,BURSA,Cim,NORMAL
Bursa-2026-09-07-4,2026-09-07,2026-09-07 16:00:00,PANCHO-5,PANCHO,5,53.0,1400.0,14.0,-2.555555555555556,-2.1933333333333334,-2.7299999999999995,14.248,-0.3333333333333332,0.1744444444444441,11.0,0.2942149721629887,0.5897947336182096,0.0,0.0,0.2727272727272727,0.4545454545454545,0.0666666666666666,0.0,0.25,0.25,0.25,0.25,-1.1366496598639455,-1.3227272727272728,0.75,0.45,0.0324675324675324,0.0324675324675324,30.8,0,BURSA,Cim,NORMAL
Bursa-2026-09-07-4,2026-09-07,2026-09-07 16:00:00,APOLLON-6,APOLLON,6,55.0,1400.0,14.0,0.5555555555555557,-0.1666666666666666,-1.0048076923076923,1.277777777777778,0.3333333333333333,1.560363247863248,7.0,0.2018132222603788,0.2262647810683162,1.0,0.0,0.4285714285714285,0.7142857142857143,0.0666666666666666,0.0,0.25,0.25,0.25,0.25,-0.592687074829932,-0.263771484925331,-0.547676282051282,0.45,0.1129943502824858,0.1129943502824858,8.85,1,BURSA,Cim,NORMAL
Bursa-2026-09-07-4,2026-09-07,2026-09-07 16:00:00,KINGS POWER-7,KINGS POWER,7,56.0,1400.0,14.0,-2.211111111111111,-1.4083333333333332,-1.4083333333333332,9.911388888888888,0.1666666666666666,-0.8027777777777776,30.0,0.8175744761936437,0.705141884700456,0.0,0.0,0.1,0.1666666666666666,0.0166666666666666,0.0,0.25,0.25,0.25,0.25,-1.4083333333333332,0.0,0.0,0.45,0.0255102040816326,0.0255102040816326,39.2,0,BURSA,Cim,NORMAL
Bursa-2026-09-07-4,2026-09-07,2026-09-07 16:00:00,KUZU DAYI-8,KUZU DAYI,8,55.0,1400.0,14.0,-2.45,-1.53,-2.941666666666667,13.352,0.4,0.4916666666666671,7.0,0.2018132222603788,0.2369410687255144,1.0,0.0,0.4285714285714285,0.7142857142857143,0.0333333333333333,0.0,0.25,0.25,0.25,0.25,-2.475,0.3833333333333333,0.0875,0.45,0.050251256281407,0.050251256281407,19.9,0,BURSA,Cim,NORMAL
Bursa-2026-09-07-4,2026-09-07,2026-09-07 16:00:00,QUEEN OF ALBANY-9,QUEEN OF ALBANY,9,53.0,1400.0,14.0,-1.0555555555555556,-1.1833333333333331,-0.4895833333333333,1.772222222222222,-1.0,-0.5659722222222222,129.0,0.9999990577554062,0.4997785160720724,0.0,1.0,0.0232558139534883,0.0387596899224806,0.0,0.0,0.25,0.25,0.25,0.25,-0.4895833333333333,0.3333333333333333,0.0,0.45,0.1785714285714285,0.1785714285714285,5.6,0,BURSA,Cim,NORMAL
Bursa-2026-09-07-4,2026-09-07,2026-09-07 16:00:00,TROJAN QUEEN-10,TROJAN QUEEN,10,53.0,1400.0,14.0,-2.8666666666666667,-2.234285714285714,-1.2839285714285713,4.931591836734694,-0.6000000000000001,-1.5827380952380954,13.0,0.3486451353339457,0.5925118389065275,0.0,0.0,0.2307692307692307,0.3846153846153846,0.0416666666666666,0.0,0.25,0.25,0.25,0.25,-1.3785714285714283,-0.6119047619047618,-1.3816326530612244,0.45,0.0138408304498269,0.0138408304498269,72.25,0,BURSA,Cim,NORMAL
Bursa-2026-09-07-4,2026-09-07,2026-09-07 16:00:00,YOUNG SITARE-11,YOUNG SITARE,11,55.0,1400.0,14.0,-0.7171717171717171,-1.78030303030303,-2.4835858585858586,7.548151974288337,0.1818181818181817,1.7664141414141414,7.0,0.2018132222603788,0.2177861213789279,1.0,0.0,0.4285714285714285,0.7142857142857143,0.0333333333333333,0.0,0.25,0.25,0.25,0.25,-2.8303030303030305,-2.4835858585858586,-2.4835858585858586,0.45,0.0187090739008419,0.0187090739008419,53.45,0,BURSA,Cim,NORMAL
Bursa-2026-09-07-4,2026-09-07,2026-09-07 16:00:00,UTAH-12,UTAH,12,57.0,1400.0,14.0,0.3849206349206349,0.3849206349206349,0.3849206349206349,0.0582325522801713,0.5555555555555556,0.0,7.0,0.2018132222603788,0.2550711790467225,1.0,0.0,0.4285714285714285,0.7142857142857143,0.0083333333333333,0.0,0.25,0.25,0.25,0.25,0.3849206349206349,0.5555555555555556,0.5555555555555556,0.45,0.0331125827814569,0.0331125827814569,30.2,0,BURSA,Cim,NORMAL
Bursa-2026-09-07-4,2026-09-07,2026-09-07 16:00:00,BEYOND BRAVE-13,BEYOND BRAVE,13,52.0,1400.0,14.0,-0.0982142857142857,-0.0982142857142857,-0.0982142857142857,0.5550063775510204,-0.625,0.0,7.0,0.2018132222603788,0.1594905116270313,1.0,0.0,0.4285714285714285,0.7142857142857143,0.0083333333333333,0.0,0.25,0.25,0.25,0.25,-0.0982142857142857,-0.625,-0.625,0.45,0.0194363459669582,0.0194363459669582,51.45,0,BURSA,Cim,NORMAL
Bursa-2026-09-07-4,2026-09-07,2026-09-07 16:00:00,SILVER CROWN-14,SILVER CROWN,14,53.0,1400.0,14.0,-4.761904761904762,-2.7904761904761903,-2.7904761904761903,16.814739229024944,-0.2857142857142858,-1.9714285714285715,7.0,0.2018132222603788,0.1796018051580954,1.0,0.0,0.4285714285714285,0.7142857142857143,0.0416666666666666,0.0,0.25,0.25,0.25,0.25,-1.761904761904762,-2.7904761904761903,-2.7904761904761903,0.45,0.015420200462606,0.015420200462606,64.85,0,BURSA,Cim,NORMAL
Bursa-2026-09-07-5,2026-09-07,2026-09-07 16:30:00,SİNSİNATEŞİ-1,SİNSİNATEŞİ,1,60.0,2000.0,10.0,-0.9333333333333332,-2.56,-1.2692857142857144,13.567999999999996,-1.0,0.3359523809523811,21.0,0.5926665999540697,0.5570128678204764,0.0,0.0,0.1428571428571428,0.238095238095238,0.05,0.0,0.25,0.25,0.25,0.25,-0.5752314814814814,-1.0681096681096682,-1.391609977324263,0.45,0.0584795321637426,0.0584795321637426,17.1,0,BURSA,Cim,NORMAL
Bursa-2026-09-07-5,2026-09-07,2026-09-07 16:30:00,SOĞUKDAĞ-2,SOĞUKDAĞ,2,57.5,2000.0,10.0,0.0249999999999999,-0.185,0.144673202614379,1.314875,-0.5,-0.1196732026143791,10.0,0.2689414213699951,0.5320393728427394,0.0,0.0,0.3,0.5,0.0833333333333333,0.0,0.25,0.25,0.25,0.25,-0.1199346405228758,-0.1676623213387919,0.4023109243697479,0.45,0.1418439716312056,0.1418439716312056,7.05,0,BURSA,Cim,NORMAL
Bursa-2026-09-07-5,2026-09-07,2026-09-07 16:30:00,ALSAKİB-3,ALSAKİB,3,56.0,2000.0,10.0,-0.3813131313131312,-0.1681818181818181,0.2813059163059163,1.551492194674013,0.2727272727272727,-0.6626190476190476,10.0,0.2689414213699951,0.6490114984003439,0.0,0.0,0.3,0.5,0.0833333333333333,0.0,0.25,0.25,0.25,0.25,0.0666666666666667,-0.342027417027417,0.2746959389816533,0.45,0.119047619047619,0.119047619047619,8.4,0,BURSA,Cim,NORMAL
Bursa-2026-09-07-5,2026-09-07,2026-09-07 16:30:00,BİRGEDAĞ-4,BİRGEDAĞ,4,56.0,2000.0,10.0,0.806060606060606,0.8636363636363636,0.4199494949494949,0.0275206611570247,0.8181818181818181,0.386111111111111,17.0,0.4687906266262437,0.7525442766776141,0.0,0.0,0.1764705882352941,0.2941176470588235,0.0916666666666666,0.0,0.25,0.25,0.25,0.25,0.4863242817788272,0.0953282828282828,-0.6039742664742661,0.45,0.145985401459854,0.145985401459854,6.85,0,BURSA,Cim,NORMAL
Bursa-2026-09-07-5,2026-09-07,2026-09-07 16:30:00,ALLER GÜLÜ-5,ALLER GÜLÜ,5,55.0,2000.0,10.0,-1.0277777777777777,-0.4666666666666666,-0.987878787878788,1.1826388888888888,-2.0,-0.0398989898989897,14.0,0.3775406687981454,0.4073908805760821,0.0,0.0,0.2142857142857142,0.3571428571428571,0.0666666666666666,0.0,0.25,0.25,0.25,0.25,-0.4005872176603883,-0.835960276282857,-0.6743722943722943,0.45,0.0396825396825396,0.0396825396825396,25.2,0,BURSA,Cim,NORMAL
Bursa-2026-09-07-5,2026-09-07,2026-09-07 16:30:00,CEVATHAN-6,CEVATHAN,6,55.0,2000.0,10.0,0.9523809523809524,0.4345864661654136,-0.1772122614227877,0.7225224715925151,1.0,1.12959321380374,7.0,0.2018132222603788,0.2783105906341069,1.0,0.0,0.4285714285714285,0.7142857142857143,0.075,0.0,0.25,0.25,0.25,0.25,-0.6785714285714286,-0.4738529014844803,-0.6476768845189899,0.45,0.3846153846153846,0.3846153846153846,2.6,1,BURSA,Cim,NORMAL
Bursa-2026-09-07-5,2026-09-07,2026-09-07 16:30:00,İKİGAİ-7,İKİGAİ,7,55.5,2000.0,10.0,-2.208333333333333,-1.6583333333333332,-0.9558333333333332,4.609722222222223,-5.0,-1.2525000000000002,10.0,0.2689414213699951,0.117636992125077,0.0,0.0,0.3,0.5,0.075,0.0,0.25,0.25,0.25,0.25,-0.8150462962962964,-0.2883903133903134,-0.0951646090534979,0.45,0.0655737704918032,0.0655737704918032,15.25,0,BURSA,Cim,NORMAL
Bursa-2026-09-07-5,2026-09-07,2026-09-07 16:30:00,SANCAR EFESİ-8,SANCAR EFESİ,8,52.0,2000.0,10.0,0.7083333333333334,-1.175,-0.5358333333333334,8.684375,0.625,1.2441666666666666,7.0,0.2018132222603788,0.2471835100912604,1.0,0.0,0.4285714285714285,0.7142857142857143,0.0416666666666666,0.0,0.25,0.25,0.25,0.25,0.179421768707483,-0.2605371900826446,-0.628373015873016,0.45,0.1526717557251908,0.1526717557251908,6.55,0,BURSA,Cim,NORMAL
Bursa-2026-09-07-5,2026-09-07,2026-09-07 16:30:00,YAKUP ABİ-9,YAKUP ABİ,9,50.0,2000.0,10.0,-0.4652777777777777,-0.4625,-0.950297619047619,3.148524305555555,0.6666666666666667,0.4850198412698412,7.0,0.2018132222603788,0.2485817835044085,1.0,0.0,0.4285714285714285,0.7142857142857143,0.0583333333333333,0.0,0.25,0.25,0.25,0.25,-0.7682291666666666,-1.0551303854875285,-0.4663461538461538,0.45,0.3278688524590164,0.3278688524590164,3.05,0,BURSA,Cim,NORMAL
Bursa-2026-09-07-5,2026-09-07,2026-09-07 16:30:00,ERMERHAN-10,ERMERHAN,10,52.0,2000.0,10.0,-0.3148148148148148,-2.188888888888889,-1.6627777777777777,19.187654320987654,-0.8333333333333333,1.3479629629629628,14.0,0.3775406687981454,0.5601829943705893,0.0,0.0,0.2142857142857142,0.3571428571428571,0.025,0.0,0.25,0.25,0.25,0.25,-1.3251261701261705,-1.7640109890109887,-1.0824059110823818,0.45,0.1526717557251908,0.1526717557251908,6.55,0,BURSA,Cim,NORMAL
Bursa-2026-09-07-6,2026-09-07,2026-09-07 17:00:00,ERDUMAN-1,ERDUMAN,1,61.0,1400.0,8.0,-1.5,-0.94,-0.7633333333333333,5.617999999999999,-5.0,-0.7366666666666667,14.0,0.3775406687981454,0.1305402451460284,0.0,0.0,0.2142857142857142,0.3571428571428571,0.0666666666666666,0.0,0.25,0.25,0.25,0.25,-0.1337403757858303,-0.2089199689199689,-0.3458333333333333,0.45,0.0892857142857142,0.0892857142857142,11.2,1,BURSA,Cim,NORMAL
Bursa-2026-09-07-6,2026-09-07,2026-09-07 17:00:00,WADRON-2,WADRON,2,58.5,1400.0,8.0,0.8666666666666667,0.6449999999999999,0.2558333333333333,0.147625,0.8,0.6108333333333333,24.0,0.679178699175393,0.7636180945840313,0.0,0.0,0.125,0.2083333333333333,0.0416666666666666,0.0,0.25,0.25,0.25,0.25,0.3234848484848485,0.715625,0.4031249999999999,0.45,0.4166666666666667,0.4166666666666667,2.4,0,BURSA,Cim,NORMAL
Bursa-2026-09-07-6,2026-09-07,2026-09-07 17:00:00,MİKEA-3,MİKEA,3,61.5,1400.0,8.0,-0.5793650793650794,-0.1976190476190476,-0.3851731601731601,2.498837868480725,-3.0,-0.1941919191919192,14.0,0.3775406687981454,0.2912081062059634,0.0,0.0,0.2142857142857142,0.3571428571428571,0.0583333333333333,0.0,0.25,0.25,0.25,0.25,-0.4771960678210679,-0.1696674537583628,-0.8269129519129519,0.45,0.131578947368421,0.131578947368421,7.6,0,BURSA,Cim,NORMAL
Bursa-2026-09-07-6,2026-09-07,2026-09-07 17:00:00,BIG HONEY-4,BIG HONEY,4,59.0,1400.0,8.0,0.7658730158730158,0.5845238095238096,0.4663847117794485,0.1123582766439909,0.75,0.2994883040935672,14.0,0.3775406687981454,0.7268719359889401,0.0,0.0,0.2142857142857142,0.3571428571428571,0.0666666666666666,0.0,0.25,0.25,0.25,0.25,0.5910173160173161,0.6365019692087363,0.6365019692087363,0.45,0.4,0.4,2.5,0,BURSA,Cim,NORMAL
Bursa-2026-09-07-6,2026-09-07,2026-09-07 17:00:00,RED SMOKE-5,RED SMOKE,5,54.5,1400.0,8.0,0.5448717948717948,0.5269230769230769,0.301517094017094,0.2055473372781065,0.25,0.2433547008547008,10.0,0.2689414213699951,0.6487550621322764,0.0,0.0,0.3,0.5,0.075,0.0,0.25,0.25,0.25,0.25,-0.1893036701860231,0.2912781662781663,0.4557387057387058,0.45,0.1282051282051282,0.1282051282051282,7.8,0,BURSA,Cim,NORMAL
Bursa-2026-09-07-6,2026-09-07,2026-09-07 17:00:00,ANGEL QUEST  K Kulaklık takılacağını ifade eder.-6,ANGEL QUEST  K Kulaklık takılacağını ifade eder.,6,56.5,1400.0,8.0,-0.388888888888889,-0.3133333333333333,-0.0943589743589743,0.8408888888888888,1.0,-0.2945299145299146,7.0,0.2018132222603788,0.2912081062059634,1.0,0.0,0.4285714285714285,0.7142857142857143,0.0583333333333333,0.0,0.25,0.25,0.25,0.25,-0.1233723265981331,0.2404945054945054,-0.2582445332445332,0.45,0.1342281879194631,0.1342281879194631,7.45,0,BURSA,Cim,NORMAL
Bursa-2026-09-07-6,2026-09-07,2026-09-07 17:00:00,AFTER BURNER-7,AFTER BURNER,7,52.5,1400.0,8.0,-1.012121212121212,-0.7406060606060607,-0.0803030303030302,4.173547291092746,0.6,-0.9318181818181818,14.0,0.3775406687981454,0.6673426112130184,0.0,0.0,0.2142857142857142,0.3571428571428571,0.0583333333333333,0.0,0.25,0.25,0.25,0.25,-2.0,-0.5336700336700336,-0.5507575757575757,0.45,0.1169590643274853,0.1169590643274853,8.55,0,BURSA,Cim,NORMAL
Bursa-2026-09-07-6,2026-09-07,2026-09-07 17:00:00,LORD OF NORTH  K Kulaklık takılacağını ifade eder.-8,LORD OF NORTH  K Kulaklık takılacağını ifade eder.,8,52.0,1400.0,8.0,0.3055555555555555,0.2788220551378446,0.4638554720133667,0.0227959937437578,0.25,-0.1582999164578112,7.0,0.2018132222603788,0.2224941297297595,1.0,0.0,0.4285714285714285,0.7142857142857143,0.0416666666666666,0.0,0.25,0.25,0.25,0.25,0.4915681709203976,0.4428369875738296,0.4846222734380629,0.45,0.0239808153477218,0.0239808153477218,41.7,0,BURSA,Cim,NORMAL
Bursa-2026-09-07-7,2026-09-07,2026-09-07 17:30:00,ALPLİ  SKG-1,ALPLİ  SKG,1,59.0,1500.0,15.0,-1.9814814814814816,-0.9852525252525254,-0.826497113997114,8.103612692582388,-0.5,-1.1549843674843676,43.0,0.9579122720843812,0.641441901625261,0.0,0.0,0.0697674418604651,0.1162790697674418,0.0583333333333333,0.0,0.25,0.25,0.25,0.25,-0.9852525252525254,0.3777777777777777,0.0,0.45,0.1041666666666666,0.1041666666666666,9.6,0,BURSA,Cim,NORMAL
Bursa-2026-09-07-7,2026-09-07,2026-09-07 17:30:00,BARLABEY-2,BARLABEY,2,59.0,1500.0,15.0,-0.5,-0.8,-0.6916666666666667,1.075,0.5,0.1916666666666666,21.0,0.5926665999540697,0.7222629137355544,0.0,0.0,0.1428571428571428,0.238095238095238,0.0583333333333333,0.0,0.25,0.25,0.25,0.25,-0.75,-1.5,-0.5055555555555555,0.45,0.0591715976331361,0.0591715976331361,16.9,0,BURSA,Cim,NORMAL
Bursa-2026-09-07-7,2026-09-07,2026-09-07 17:30:00,CİHANDERE-3,CİHANDERE,3,54.0,1500.0,15.0,-1.1333333333333333,-0.6228571428571429,-0.6010912698412699,3.707102040816327,0.6,-0.5322420634920634,12.0,0.320821300824607,0.7033566124198648,0.0,0.0,0.25,0.4166666666666667,0.0666666666666666,0.0,0.25,0.25,0.25,0.25,0.3603174603174602,-0.626031746031746,0.2777777777777778,0.45,0.0516795865633074,0.0516795865633074,19.35,0,BURSA,Cim,NORMAL
Bursa-2026-09-07-7,2026-09-07,2026-09-07 17:30:00,ÇAĞIM-4,ÇAĞIM,4,57.0,1500.0,15.0,-0.1444444444444444,-0.3033333333333333,-0.9921768707482992,0.8690833333333334,0.25,0.8477324263038547,21.0,0.5926665999540697,0.6965059405958596,0.0,0.0,0.1428571428571428,0.238095238095238,0.0583333333333333,0.0,0.25,0.25,0.25,0.25,-0.3033333333333333,-0.753968253968254,-0.9921768707482992,0.45,0.0233100233100233,0.0233100233100233,42.9,0,BURSA,Cim,NORMAL
Bursa-2026-09-07-7,2026-09-07,2026-09-07 17:30:00,DOMANİÇ BEYİ-5,DOMANİÇ BEYİ,5,57.0,1500.0,15.0,-0.3333333333333333,-0.0583333333333333,-0.0583333333333333,0.3086805555555556,0.0,-0.2749999999999999,24.0,0.679178699175393,0.6715050342254059,0.0,0.0,0.125,0.2083333333333333,0.0333333333333333,0.0,0.25,0.25,0.25,0.25,-0.5,-0.2222222222222222,-0.0583333333333333,0.45,0.25,0.25,4.0,0,BURSA,Cim,NORMAL
Bursa-2026-09-07-7,2026-09-07,2026-09-07 17:30:00,DOSTBAŞAR-6,DOSTBAŞAR,6,57.0,1500.0,15.0,-1.4761904761904765,-0.8023809523809524,-1.6686507936507935,5.549433106575964,0.5714285714285714,0.1924603174603172,24.0,0.679178699175393,0.7298866611685974,0.0,0.0,0.125,0.2083333333333333,0.0416666666666666,0.0,0.25,0.25,0.25,0.25,-1.1458333333333333,0.2470238095238095,-1.0023809523809524,0.45,0.1333333333333333,0.1333333333333333,7.5,1,BURSA,Cim,NORMAL
Bursa-2026-09-07-7,2026-09-07,2026-09-07 17:30:00,KRENSİA-7,KRENSİA,7,57.0,1500.0,15.0,-0.6527777777777778,-1.7250000000000003,-1.7250000000000003,10.23576388888889,0.6666666666666667,1.0722222222222224,24.0,0.679178699175393,0.7518182627028918,0.0,0.0,0.125,0.2083333333333333,0.0416666666666666,0.0,0.25,0.25,0.25,0.25,-0.4062499999999999,-0.6527777777777778,-0.4062499999999999,0.45,0.1273885350318471,0.1273885350318471,7.85,0,BURSA,Cim,NORMAL
Bursa-2026-09-07-7,2026-09-07,2026-09-07 17:30:00,TUMBUL HABERKAN-8,TUMBUL HABERKAN,8,57.0,1500.0,15.0,0.6666666666666667,0.6666666666666667,0.6666666666666667,0.03,0.6666666666666667,0.0,17.0,0.4687906266262437,0.7381684298420623,0.0,0.0,0.1764705882352941,0.2941176470588235,0.0083333333333333,0.0,0.25,0.25,0.25,0.25,0.6666666666666667,0.6666666666666667,0.6666666666666667,0.45,0.0947867298578199,0.0947867298578199,10.55,0,BURSA,Cim,NORMAL
Bursa-2026-09-07-7,2026-09-07,2026-09-07 17:30:00,YİĞİDİM EFE-9,YİĞİDİM EFE,9,57.0,1500.0,15.0,-0.1833333333333333,-0.1833333333333333,-0.1833333333333333,0.0005555555555555,-0.1666666666666667,0.0,23.0,0.6513548646660542,0.6692472838183057,0.0,0.0,0.1304347826086956,0.217391304347826,0.0166666666666666,0.0,0.25,0.25,0.25,0.25,-0.1666666666666667,0.0,0.0,0.45,0.0196270853778213,0.0196270853778213,50.95,0,BURSA,Cim,NORMAL
Bursa-2026-09-07-7,2026-09-07,2026-09-07 17:30:00,BANGU-10,BANGU,10,55.0,1500.0,15.0,-0.4365079365079364,-0.5563492063492064,-0.4622574955908288,1.7920005039052658,-1.6666666666666663,0.0257495590828923,21.0,0.5926665999540697,0.4681384694186583,0.0,0.0,0.1428571428571428,0.238095238095238,0.0583333333333333,0.0,0.25,0.25,0.25,0.25,-0.5563492063492064,-0.7230158730158731,-0.4622574955908288,0.45,0.0793650793650793,0.0793650793650793,12.6,0,BURSA,Cim,NORMAL
Bursa-2026-09-07-7,2026-09-07,2026-09-07 17:30:00,GOLAÇİYA  SKG-11,GOLAÇİYA  SKG,11,52.0,1500.0,15.0,0.6666666666666667,0.6666666666666667,0.6666666666666667,0.03,0.6666666666666667,0.0,17.0,0.4687906266262437,0.7381684298420623,0.0,0.0,0.1764705882352941,0.2941176470588235,0.0083333333333333,0.0,0.25,0.25,0.25,0.25,0.6666666666666667,0.6666666666666667,0.6666666666666667,0.45,0.0749063670411985,0.0749063670411985,13.35,0,BURSA,Cim,NORMAL
Bursa-2026-09-07-7,2026-09-07,2026-09-07 17:30:00,GÜLNARLI-12,GÜLNARLI,12,55.0,1500.0,15.0,0.5,0.5,0.5,0.03,0.5,0.0,17.0,0.4687906266262437,0.7217456674422635,0.0,0.0,0.1764705882352941,0.2941176470588235,0.0083333333333333,0.0,0.25,0.25,0.25,0.25,0.5,0.5,0.5,0.45,0.2150537634408602,0.2150537634408602,4.65,0,BURSA,Cim,NORMAL
Bursa-2026-09-07-7,2026-09-07,2026-09-07 17:30:00,ÖZASYALI-13,ÖZASYALI,13,55.0,1500.0,15.0,0.5,0.5,0.5,0.03,0.5,0.0,17.0,0.4687906266262437,0.7217456674422635,0.0,0.0,0.1764705882352941,0.2941176470588235,0.0083333333333333,0.0,0.25,0.25,0.25,0.25,0.5,0.5,0.5,0.45,0.0138408304498269,0.0138408304498269,72.25,0,BURSA,Cim,NORMAL
Bursa-2026-09-07-7,2026-09-07,2026-09-07 17:30:00,SAROSLU-14,SAROSLU,14,51.0,1500.0,15.0,0.3134920634920635,0.3134920634920635,0.3134920634920635,0.5150699168556312,0.5833333333333333,0.0,10.0,0.2689414213699951,0.7023123223380756,0.0,0.0,0.3,0.5,0.025,0.0,0.25,0.25,0.25,0.25,0.5833333333333333,0.7202380952380952,0.0,0.45,0.1739130434782608,0.1739130434782608,5.75,0,BURSA,Cim,NORMAL
Bursa-2026-09-07-7,2026-09-07,2026-09-07 17:30:00,SELİNNAZ  K Kulaklık takılacağını ifade eder.-15,SELİNNAZ  K Kulaklık takılacağını ifade eder.,15,54.0,1500.0,15.0,-3.5,-3.5,-3.5,0.03,-3.5,0.0,17.0,0.4687906266262437,0.2598279947850261,0.0,0.0,0.1764705882352941,0.2941176470588235,0.0083333333333333,0.0,0.25,0.25,0.25,0.25,-3.5,-3.5,-3.5,0.45,0.0149588631264023,0.0149588631264023,66.85,0,BURSA,Cim,NORMAL
Elazığ-2026-09-07-1,2026-09-07,2026-09-07 17:45:00,SEDERİ GÜZELİ-1,SEDERİ GÜZELİ,1,58.0,1600.0,8.0,0.3148148148148148,0.3222222222222222,0.4166666666666667,0.2598765432098765,0.4444444444444444,-0.1018518518518518,7.0,0.2018132222603788,0.2143387093331241,1.0,0.0,0.4285714285714285,0.7142857142857143,0.0666666666666666,0.0,0.25,0.25,0.25,0.25,0.0,0.196969696969697,0.196969696969697,0.45,0.0851063829787234,0.0851063829787234,11.75,0,ELAZIĞ,Kum,NORMAL
Elazığ-2026-09-07-1,2026-09-07,2026-09-07 17:45:00,SON KRALİÇE-2,SON KRALİÇE,2,58.0,1600.0,8.0,0.1111111111111111,0.3666666666666667,-0.2327380952380952,0.6722222222222223,1.0,0.3438492063492063,7.0,0.2018132222603788,0.2647955750788721,1.0,0.0,0.4285714285714285,0.7142857142857143,0.0666666666666666,0.0,0.25,0.25,0.25,0.25,-1.0,-0.2327380952380952,-0.0677083333333333,0.45,0.1587301587301587,0.1587301587301587,6.3,0,ELAZIĞ,Kum,NORMAL
Elazığ-2026-09-07-1,2026-09-07,2026-09-07 17:45:00,GÜZELBİLGE  K Kulaklık takılacağını ifade eder.-3,GÜZELBİLGE  K Kulaklık takılacağını ifade eder.,3,57.0,1600.0,8.0,-3.1111111111111107,-2.0666666666666664,-2.1333333333333337,8.022222222222222,-6.0,-0.977777777777777,7.0,0.2018132222603788,0.0106883277113005,1.0,0.0,0.4285714285714285,0.7142857142857143,0.075,0.0,0.25,0.25,0.25,0.25,0.0,-1.8939393939393945,-1.8939393939393945,0.45,0.0655737704918032,0.0655737704918032,15.25,0,ELAZIĞ,Kum,NORMAL
Elazığ-2026-09-07-1,2026-09-07,2026-09-07 17:45:00,HİFANINOĞLU-4,HİFANINOĞLU,4,57.0,1600.0,8.0,0.4055555555555556,0.6033333333333333,0.6033333333333333,0.1042222222222222,0.6666666666666667,-0.1977777777777776,12.0,0.320821300824607,0.7023123223380756,0.0,0.0,0.25,0.4166666666666667,0.0416666666666666,0.0,0.25,0.25,0.25,0.25,0.8,0.6033333333333333,0.4833333333333334,0.45,0.2127659574468085,0.2127659574468085,4.7,0,ELAZIĞ,Kum,NORMAL
Elazığ-2026-09-07-1,2026-09-07,2026-09-07 17:45:00,KAUÇUKÇU  K Kulaklık takılacağını ifade eder. SKG-5,KAUÇUKÇU  K Kulaklık takılacağını ifade eder. SKG,5,57.0,1600.0,8.0,-0.0952380952380951,-0.7142857142857142,-0.7142857142857142,4.86734693877551,1.0,0.619047619047619,7.0,0.2018132222603788,0.2902629850579856,1.0,0.0,0.4285714285714285,0.7142857142857143,0.025,0.0,0.25,0.25,0.25,0.25,1.0,0.8571428571428572,0.8571428571428572,0.45,0.202020202020202,0.202020202020202,4.95,0,ELAZIĞ,Kum,NORMAL
Elazığ-2026-09-07-1,2026-09-07,2026-09-07 17:45:00,NALIN SESİ-6,NALIN SESİ,6,57.0,1600.0,8.0,0.75,-1.13,-1.13,14.922,1.0,1.88,26.0,0.7310585786300049,0.7840223877649442,0.0,0.0,0.1153846153846153,0.1923076923076923,0.0416666666666666,0.0,0.25,0.25,0.25,0.25,-3.5,0.75,0.75,0.45,0.6666666666666666,0.6666666666666666,1.5,1,ELAZIĞ,Kum,NORMAL
Elazığ-2026-09-07-1,2026-09-07,2026-09-07 17:45:00,NECAT-8,NECAT,8,57.0,1600.0,8.0,-1.2698412698412698,-0.4819047619047619,-0.2803571428571428,4.032589569160997,-4.0,-0.989484126984127,26.0,0.7310585786300049,0.2295706415279541,0.0,0.0,0.1153846153846153,0.1923076923076923,0.0416666666666666,0.0,0.25,0.25,0.25,0.25,-4.0,-0.2803571428571428,-0.5404761904761904,0.45,0.0443458980044345,0.0443458980044345,22.55,0,ELAZIĞ,Kum,NORMAL
Bursa-2026-09-07-8,2026-09-07,2026-09-07 18:00:00,ÇUKUROVA EFESİ-1,ÇUKUROVA EFESİ,1,58.0,1700.0,19.0,-2.0,-1.5533333333333332,-0.4937179487179487,6.180888888888889,1.0,-1.5062820512820512,10.0,0.2689414213699951,0.747753513669603,0.0,0.0,0.3,0.5,0.0416666666666666,0.0,0.25,0.25,0.25,0.25,0.3049145299145299,-0.3477777777777778,-0.479551282051282,0.45,0.3448275862068966,0.3448275862068966,2.9,0,BURSA,Cim,NORMAL
Bursa-2026-09-07-8,2026-09-07,2026-09-07 18:00:00,KAYAŞAH   K Kulaklık takılacağını ifade eder.-2,KAYAŞAH   K Kulaklık takılacağını ifade eder.,2,58.0,1700.0,19.0,-0.5555555555555555,-0.0982456140350876,-0.7150318979266348,1.8457756232686984,0.3333333333333333,0.1594763423710793,10.0,0.2689414213699951,0.6681877721681662,0.0,0.0,0.3,0.5,0.1083333333333333,0.0,0.25,0.25,0.25,0.25,-0.3420929947245736,-0.6881409526146367,-0.4170557512662776,0.45,0.0586510263929618,0.0586510263929618,17.05,0,BURSA,Cim,NORMAL
Bursa-2026-09-07-8,2026-09-07,2026-09-07 18:00:00,SARPDAĞ-3,SARPDAĞ,3,58.0,1700.0,19.0,0.5740740740740741,0.2777777777777778,-0.2263888888888889,0.3672839506172839,0.2222222222222222,0.8004629629629629,7.0,0.2018132222603788,0.2184894141503488,1.0,0.0,0.4285714285714285,0.7142857142857143,0.0166666666666666,0.0,0.25,0.25,0.25,0.25,0.0,-0.3944444444444444,0.0,0.45,0.0526315789473684,0.0526315789473684,0.0,0,BURSA,Cim,NORMAL
Bursa-2026-09-07-8,2026-09-07,2026-09-07 18:00:00,DAĞ YONCASI-4,DAĞ YONCASI,4,56.0,1700.0,19.0,0.7489177489177489,0.0493506493506493,-0.9961580086580086,0.9749686100335452,0.7142857142857143,1.7450757575757576,7.0,0.2018132222603788,0.2569670132124935,1.0,0.0,0.4285714285714285,0.7142857142857143,0.0583333333333333,0.0,0.25,0.25,0.25,0.25,-0.3673469387755101,-0.9359012199921292,-0.5503246753246753,0.45,0.1169590643274853,0.1169590643274853,8.55,0,BURSA,Cim,NORMAL
Bursa-2026-09-07-8,2026-09-07,2026-09-07 18:00:00,ELİFLİ-5,ELİFLİ,5,56.0,1700.0,19.0,-2.583333333333333,-1.5595238095238095,-2.3464285714285715,2.2439058956916096,-3.0,-0.2369047619047619,194.0,0.9999999997210532,0.2560413591551731,0.0,1.0,0.0154639175257731,0.0257731958762886,0.0,0.0,0.25,0.25,0.25,0.25,-1.5,-1.2916666666666667,-2.3,0.45,0.072992700729927,0.072992700729927,13.7,0,BURSA,Cim,NORMAL
Bursa-2026-09-07-8,2026-09-07,2026-09-07 18:00:00,ESENYIL-6,ESENYIL,6,56.0,1700.0,19.0,-1.4285714285714286,-2.257142857142857,-2.5626984126984125,6.40204081632653,1.0,1.134126984126984,7.0,0.2018132222603788,0.2693822363952416,1.0,0.0,0.4285714285714285,0.7142857142857143,0.0833333333333333,0.0,0.25,0.25,0.25,0.25,-2.669160997732426,-0.8696417961123843,-0.296649531024531,0.45,0.1052631578947368,0.1052631578947368,9.5,0,BURSA,Cim,NORMAL
Bursa-2026-09-07-8,2026-09-07,2026-09-07 18:00:00,HÜMALI KIZ-7,HÜMALI KIZ,7,56.0,1700.0,19.0,-0.6296296296296297,-1.0777777777777775,-1.4622655122655122,2.24783950617284,0.7777777777777778,0.8326358826358825,7.0,0.2018132222603788,0.2630750533395965,1.0,0.0,0.4285714285714285,0.7142857142857143,0.0583333333333333,0.0,0.25,0.25,0.25,0.25,-0.4656084656084656,-0.2016030844155844,-0.7512626262626262,0.45,0.2298850574712644,0.2298850574712644,4.35,0,BURSA,Cim,NORMAL
Bursa-2026-09-07-8,2026-09-07,2026-09-07 18:00:00,İYİMSER-8,İYİMSER,8,56.0,1700.0,19.0,-1.238095238095238,-0.4828571428571429,-0.2834199134199134,6.390244897959184,0.7142857142857143,-0.9546753246753248,13.0,0.3486451353339457,0.7216534870930799,0.0,0.0,0.2307692307692307,0.3846153846153846,0.0666666666666666,0.0,0.25,0.25,0.25,0.25,0.1619047619047619,-1.4285714285714288,0.0,0.45,0.0400801603206412,0.0400801603206412,24.95,0,BURSA,Cim,NORMAL
Bursa-2026-09-07-8,2026-09-07,2026-09-07 18:00:00,LİNAM-9,LİNAM,9,56.0,1700.0,19.0,-3.583333333333333,-2.1016666666666666,-1.9633333333333332,4.283972222222223,-4.0,-1.62,10.0,0.2689414213699951,0.1788271794995371,0.0,0.0,0.3,0.5,0.0333333333333333,0.0,0.25,0.25,0.25,0.25,-1.875,-0.7518849206349206,-0.928422619047619,0.45,0.072992700729927,0.072992700729927,13.7,0,BURSA,Cim,NORMAL
Bursa-2026-09-07-8,2026-09-07,2026-09-07 18:00:00,SÜTLİMAN-10,SÜTLİMAN,10,56.0,1700.0,19.0,0.1777777777777777,0.4566666666666666,-0.0005827505827505,0.5010555555555556,0.1999999999999999,0.1783605283605283,7.0,0.2018132222603788,0.1981719486611849,1.0,0.0,0.4285714285714285,0.7142857142857143,0.0833333333333333,0.0,0.25,0.25,0.25,0.25,-0.1289682539682539,-0.2389705882352941,-0.1962682114265824,0.45,0.0677966101694915,0.0677966101694915,14.75,1,BURSA,Cim,NORMAL
Bursa-2026-09-07-8,2026-09-07,2026-09-07 18:00:00,MÜRDÜN KIZ-11,MÜRDÜN KIZ,11,56.0,1700.0,19.0,0.1954545454545454,-0.2993939393939394,-0.7225541125541125,1.045721533516988,-0.75,0.918008658008658,56.0,0.991422514586288,0.6173509300267404,0.0,0.0,0.0535714285714285,0.0892857142857142,0.025,0.0,0.25,0.25,0.25,0.25,-0.8374999999999999,0.314208410636982,0.1954545454545454,0.45,0.0925925925925925,0.0925925925925925,10.8,0,BURSA,Cim,NORMAL
Bursa-2026-09-07-8,2026-09-07,2026-09-07 18:00:00,EMSALLİ ER-12,EMSALLİ ER,12,58.0,1700.0,19.0,0.1186868686868686,0.114069264069264,0.3906926406926407,0.1564190138865463,0.4166666666666666,-0.272005772005772,10.0,0.2689414213699951,0.6874733529479272,0.0,0.0,0.3,0.5,0.05,0.0,0.25,0.25,0.25,0.25,0.3579437229437229,0.2112090290661719,-0.0723927587563951,0.45,0.026595744680851,0.026595744680851,37.6,0,BURSA,Cim,NORMAL
Bursa-2026-09-07-8,2026-09-07,2026-09-07 18:00:00,TEKFORD ACL-13,TEKFORD ACL,13,58.0,1700.0,19.0,0.0555555555555555,-0.7333333333333332,-0.42,1.8416666666666663,0.5,0.4755555555555556,18.0,0.5,0.7236841525378117,0.0,0.0,0.1666666666666666,0.2777777777777778,0.0583333333333333,0.0,0.25,0.25,0.25,0.25,-2.220446049250313e-17,-0.2499999999999999,-0.4670068027210884,0.45,0.1379310344827586,0.1379310344827586,7.25,0,BURSA,Cim,NORMAL
Bursa-2026-09-07-8,2026-09-07,2026-09-07 18:00:00,ONURSÜREN   SKG-14,ONURSÜREN   SKG,14,58.0,1700.0,19.0,0.3535353535353535,0.2692640692640692,-0.0846536796536796,0.077442743243609,0.7272727272727273,0.4381890331890332,7.0,0.2018132222603788,0.2633492999239039,1.0,0.0,0.4285714285714285,0.7142857142857143,0.025,0.0,0.25,0.25,0.25,0.25,0.1782467532467532,-0.0075757575757575,0.7272727272727273,0.45,0.0307219662058371,0.0307219662058371,32.55,0,BURSA,Cim,NORMAL
Bursa-2026-09-07-8,2026-09-07,2026-09-07 18:00:00,FOREVER DERYA-15,FOREVER DERYA,15,56.0,1700.0,19.0,-5.5,-5.5,-5.5,0.03,-5.5,0.0,13.0,0.3486451353339457,0.1105581218695729,0.0,0.0,0.2307692307692307,0.3846153846153846,0.0166666666666666,0.0,0.25,0.25,0.25,0.25,0.0,0.0,0.0,0.45,0.0072463768115942,0.0072463768115942,138.0,0,BURSA,Cim,NORMAL
Bursa-2026-09-07-8,2026-09-07,2026-09-07 18:00:00,ŞANSIBOLBEY-16,ŞANSIBOLBEY,16,57.0,1700.0,19.0,-0.7692307692307692,-0.8615384615384615,-0.824102564102564,1.4420118343195265,-1.0,0.0548717948717948,17.0,0.4687906266262437,0.5336744368828524,0.0,0.0,0.1764705882352941,0.2941176470588235,0.0666666666666666,0.0,0.25,0.25,0.25,0.25,-1.2625,-1.850915750915751,-0.5062740678125294,0.45,0.0507614213197969,0.0507614213197969,19.7,0,BURSA,Cim,NORMAL
Bursa-2026-09-07-8,2026-09-07,2026-09-07 18:00:00,BERİVANCAN   K Kulaklık takılacağını ifade eder.-17,BERİVANCAN   K Kulaklık takılacağını ifade eder.,17,55.0,1700.0,19.0,0.0555555555555555,0.2533333333333333,-0.4066666666666666,0.2563055555555555,0.75,0.4622222222222222,10.0,0.2689414213699951,0.7012864554229528,0.0,0.0,0.3,0.5,0.0666666666666666,0.0,0.25,0.25,0.25,0.25,-3.75,0.0,0.4434523809523809,0.45,0.0355239786856127,0.0355239786856127,28.15,0,BURSA,Cim,NORMAL
Bursa-2026-09-07-8,2026-09-07,2026-09-07 18:00:00,HANENKIZ-18,HANENKIZ,18,55.0,1700.0,19.0,-5.446428571428572,-3.2335137085137085,-2.1917568542568544,43.47367139884727,-0.7142857142857142,-3.2546717171717177,10.0,0.2689414213699951,0.5604176266255372,0.0,0.0,0.3,0.5,0.025,0.0,0.25,0.25,0.25,0.25,-2.9335137085137086,-1.821690935327299,-1.317943722943723,0.45,0.0086767895878524,0.0086767895878524,115.25,0,BURSA,Cim,NORMAL
Bursa-2026-09-07-8,2026-09-07,2026-09-07 18:00:00,AZUŞUN KIZI-19,AZUŞUN KIZI,19,54.0,1700.0,19.0,-1.1666666666666667,-0.5412698412698413,-0.5275573192239859,1.7624842529604428,-1.0,-0.6391093474426809,10.0,0.2689414213699951,0.5046077126953773,0.0,0.0,0.3,0.5,0.0166666666666666,0.0,0.25,0.25,0.25,0.25,0.0,-0.3333333333333333,-0.1544784580498866,0.45,0.0068469702156795,0.0068469702156795,146.05,0,BURSA,Cim,NORMAL
Elazığ-2026-09-07-2,2026-09-07,2026-09-07 18:30:00,ARASIN KIZI-1,ARASIN KIZI,1,57.0,1500.0,8.0,-0.6666666666666667,-0.6666666666666667,-0.6666666666666667,0.03,-0.6666666666666667,0.0,12.0,0.320821300824607,0.560534932634293,0.0,0.0,0.25,0.4166666666666667,0.0083333333333333,0.0,0.25,0.25,0.25,0.25,0.0,-0.6666666666666667,-0.6666666666666667,0.45,0.2469135802469136,0.2469135802469136,4.05,0,ELAZIĞ,Kum,NORMAL
Elazığ-2026-09-07-2,2026-09-07,2026-09-07 18:30:00,GIFT OF ANGELS-2,GIFT OF ANGELS,2,57.0,1500.0,8.0,-0.5,-0.5,-0.5,0.5,0.0,0.0,12.0,0.320821300824607,0.6387631751488418,0.0,0.0,0.25,0.4166666666666667,0.0166666666666666,0.0,0.25,0.25,0.25,0.25,0.0,-0.5,-0.5,0.45,0.3773584905660377,0.3773584905660377,2.65,0,ELAZIĞ,Kum,NORMAL
Elazığ-2026-09-07-2,2026-09-07,2026-09-07 18:30:00,GRAND NEVA-3,GRAND NEVA,3,54.0,1500.0,8.0,-0.4833333333333333,-0.4833333333333333,-0.4833333333333333,0.2008333333333333,-1.0,0.0,21.0,0.5926665999540697,0.5742096828821774,0.0,0.0,0.1428571428571428,0.238095238095238,0.025,0.0,0.25,0.25,0.25,0.25,-1.0,-0.4833333333333333,-0.4833333333333333,0.45,0.125,0.125,0.0,0,ELAZIĞ,Kum,NORMAL
Elazığ-2026-09-07-2,2026-09-07,2026-09-07 18:30:00,KRISTAL NACHT-4,KRISTAL NACHT,4,57.0,1500.0,8.0,-2.533333333333333,-2.533333333333333,-2.533333333333333,9.053333333333333,-0.6000000000000001,0.0,26.0,0.7310585786300049,0.6067917194881167,0.0,0.0,0.1153846153846153,0.1923076923076923,0.025,0.0,0.25,0.25,0.25,0.25,0.0,-2.533333333333333,-2.533333333333333,0.45,0.0439560439560439,0.0439560439560439,22.75,0,ELAZIĞ,Kum,NORMAL
Elazığ-2026-09-07-2,2026-09-07,2026-09-07 18:30:00,LADY ÇEVİK-5,LADY ÇEVİK,5,57.0,1500.0,8.0,0.2916666666666667,-0.425,-0.425,2.10625,0.25,0.7166666666666667,12.0,0.320821300824607,0.6626218371700825,0.0,0.0,0.25,0.4166666666666667,0.0416666666666666,0.0,0.25,0.25,0.25,0.25,0.0,-0.425,-0.425,0.45,0.3773584905660377,0.3773584905660377,2.65,0,ELAZIĞ,Kum,NORMAL
Elazığ-2026-09-07-2,2026-09-07,2026-09-07 18:30:00,MERYEMCAN-6,MERYEMCAN,6,57.0,1500.0,8.0,0.2833333333333333,-1.73,-1.4416666666666669,8.427,0.6,1.725,12.0,0.320821300824607,0.699166789753104,0.0,0.0,0.25,0.4166666666666667,0.05,0.0,0.25,0.25,0.25,0.25,0.0,-1.4416666666666669,-1.03,0.45,0.3773584905660377,0.3773584905660377,2.65,0,ELAZIĞ,Kum,NORMAL
Elazığ-2026-09-07-2,2026-09-07,2026-09-07 18:30:00,SAND QUEEN-7,SAND QUEEN,7,57.0,1500.0,8.0,0.5416666666666667,0.5416666666666667,0.5416666666666667,0.0868055555555555,0.75,0.0,12.0,0.320821300824607,0.7201085268004915,0.0,0.0,0.25,0.4166666666666667,0.0166666666666666,0.0,0.25,0.25,0.25,0.25,0.0,0.5416666666666667,0.5416666666666667,0.45,0.3174603174603174,0.3174603174603174,3.15,1,ELAZIĞ,Kum,NORMAL
Elazığ-2026-09-07-2,2026-09-07,2026-09-07 18:30:00,TIME OF DREAMS  K Kulaklık takılacağını ifade eder.-8,TIME OF DREAMS  K Kulaklık takılacağını ifade eder.,8,57.0,1500.0,8.0,0.45,0.45,0.45,0.03,0.45,0.0,30.0,0.8175744761936437,0.7499476922271856,0.0,0.0,0.1,0.1666666666666666,0.0,0.0,0.25,0.25,0.25,0.25,0.45,0.45,0.45,0.45,0.0754716981132075,0.0754716981132075,13.25,0,ELAZIĞ,Kum,NORMAL
Elazığ-2026-09-07-3,2026-09-07,2026-09-07 19:00:00,ASALTIN-1,ASALTIN,1,62.0,1200.0,13.0,-1.1111111111111112,-0.3111111111111111,0.0136752136752136,2.8913580246913577,-2.333333333333333,-1.1247863247863248,16.0,0.4378234991142019,0.3331068193727646,0.0,0.0,0.1875,0.3125,0.05,0.0,0.25,0.25,0.25,0.25,-0.0328156288156288,-0.2480854700854701,0.1944444444444444,0.45,0.1273885350318471,0.1273885350318471,7.85,0,ELAZIĞ,Kum,NORMAL
Elazığ-2026-09-07-3,2026-09-07,2026-09-07 19:00:00,BELLAFINA-2,BELLAFINA,2,60.0,1200.0,13.0,0.4666666666666666,0.18,-0.15,0.312,0.4,0.6166666666666666,12.0,0.320821300824607,0.700567142473973,0.0,0.0,0.25,0.4166666666666667,0.0416666666666666,0.0,0.25,0.25,0.25,0.25,-0.2404166666666666,0.1746527777777777,0.7038461538461539,0.45,0.3508771929824561,0.3508771929824561,2.85,0,ELAZIĞ,Kum,NORMAL
Elazığ-2026-09-07-3,2026-09-07,2026-09-07 19:00:00,MY SİXTH SENSE-3,MY SİXTH SENSE,3,60.0,1200.0,13.0,0.3888888888888889,-1.3666666666666667,-1.3314285714285714,13.838888888888883,0.0,1.7203174603174602,21.0,0.5926665999540697,0.6825930793497779,0.0,0.0,0.1428571428571428,0.238095238095238,0.0666666666666666,0.0,0.25,0.25,0.25,0.25,-0.2956307977736549,-0.726448740653286,0.1666666666666666,0.45,0.136986301369863,0.136986301369863,7.3,1,ELAZIĞ,Kum,NORMAL
Elazığ-2026-09-07-3,2026-09-07,2026-09-07 19:00:00,OĞUZ BAŞKAN-4,OĞUZ BAŞKAN,4,60.0,1200.0,13.0,-2.533333333333333,-1.301818181818182,-1.1875757575757575,5.2736528925619846,-1.6,-1.3457575757575757,16.0,0.4378234991142019,0.4822990670455689,0.0,0.0,0.1875,0.3125,0.0416666666666666,0.0,0.25,0.25,0.25,0.25,-0.8029290757551628,-0.4003766532612686,-0.2803030303030303,0.45,0.0355239786856127,0.0355239786856127,28.15,0,ELAZIĞ,Kum,NORMAL
Elazığ-2026-09-07-3,2026-09-07,2026-09-07 19:00:00,BUMMER GIRL-5,BUMMER GIRL,5,58.0,1200.0,13.0,-2.638888888888889,-3.103333333333333,-4.268333333333333,20.25338888888889,0.75,1.6294444444444438,12.0,0.320821300824607,0.7385282936326952,0.0,0.0,0.25,0.4166666666666667,0.025,0.0,0.25,0.25,0.25,0.25,-0.6007131757131757,-1.0690476190476188,0.75,0.45,0.2105263157894736,0.2105263157894736,4.75,0,ELAZIĞ,Kum,NORMAL
Elazığ-2026-09-07-3,2026-09-07,2026-09-07 19:00:00,ATLANTIC BLACK-6,ATLANTIC BLACK,6,57.0,1200.0,13.0,0.248015873015873,0.263095238095238,0.1239718614718615,0.0472009637188208,0.2857142857142857,0.1240440115440115,8.0,0.2227001388253088,0.6231305350796066,0.0,0.0,0.375,0.625,0.05,0.0,0.25,0.25,0.25,0.25,-0.3803571428571429,-0.5497997835497834,-0.5182960557960556,0.45,0.0689655172413793,0.0689655172413793,14.5,0,ELAZIĞ,Kum,NORMAL
Elazığ-2026-09-07-3,2026-09-07,2026-09-07 19:00:00,TRAP ZONE-7,TRAP ZONE,7,57.0,1200.0,13.0,0.287037037037037,0.2211111111111111,0.2955555555555555,0.2654382716049382,0.75,-0.0085185185185185,23.0,0.6513548646660542,0.7667021817121268,0.0,0.0,0.1304347826086956,0.217391304347826,0.025,0.0,0.25,0.25,0.25,0.25,0.2747878787878787,-0.0293434343434343,0.2777777777777778,0.45,0.136986301369863,0.136986301369863,7.3,0,ELAZIĞ,Kum,NORMAL
Elazığ-2026-09-07-3,2026-09-07,2026-09-07 19:00:00,THE LAST UNICORN-8,THE LAST UNICORN,8,53.0,1200.0,13.0,0.1483516483516483,0.2490109890109889,0.5264499389499389,0.1187136819224731,-0.2857142857142858,-0.3780982905982906,19.0,0.5312093733737563,0.5971994272425033,0.0,0.0,0.1578947368421052,0.2631578947368421,0.0166666666666666,0.0,0.25,0.25,0.25,0.25,0.7549620132953465,0.4608402014652015,-0.0274725274725275,0.45,0.0588235294117647,0.0588235294117647,17.0,0,ELAZIĞ,Kum,NORMAL
Elazığ-2026-09-07-3,2026-09-07,2026-09-07 19:00:00,SEHERİN YELİ-9,SEHERİN YELİ,9,54.0,1200.0,13.0,-2.083333333333333,-1.59,-0.715580808080808,7.578000000000001,0.0,-1.367752525252525,9.0,0.2450850131323717,0.6343933388399132,0.0,0.0,0.3333333333333333,0.5555555555555556,0.0333333333333333,0.0,0.25,0.25,0.25,0.25,-0.4601290684624018,-0.4563710016835017,-0.1,0.45,0.1290322580645161,0.1290322580645161,7.75,0,ELAZIĞ,Kum,NORMAL
Elazığ-2026-09-07-3,2026-09-07,2026-09-07 19:00:00,CAFER BEY-10,CAFER BEY,10,56.0,1200.0,13.0,0.0117845117845117,-0.0262626262626262,0.2782972582972583,0.0552163044587287,0.1666666666666666,-0.2665127465127466,23.0,0.6513548646660542,0.7078123138812956,0.0,0.0,0.1304347826086956,0.217391304347826,0.0416666666666666,0.0,0.25,0.25,0.25,0.25,-0.4286810966810966,-0.6867724867724868,0.0,0.45,0.0595238095238095,0.0595238095238095,16.8,0,ELAZIĞ,Kum,NORMAL
Elazığ-2026-09-07-3,2026-09-07,2026-09-07 19:00:00,GARONOR-11,GARONOR,11,58.0,1200.0,13.0,-1.25,-0.75,-0.39,1.8125,-0.75,-0.86,5.0,0.1645164628965631,0.1090968211956129,1.0,0.0,0.6,1.0,0.05,0.0,0.25,0.25,0.25,0.25,-0.0898148148148147,-0.5587463556851311,-0.5813311688311686,0.45,0.062111801242236,0.062111801242236,16.1,0,ELAZIĞ,Kum,NORMAL
Elazığ-2026-09-07-3,2026-09-07,2026-09-07 19:00:00,BEYAZ SARAY-12,BEYAZ SARAY,12,56.0,1200.0,13.0,-0.9642857142857144,-0.9642857142857144,-0.9642857142857144,4.716836734693877,-2.5,0.0,191.0,0.9999999995941348,0.3385202879715142,0.0,1.0,0.0157068062827225,0.0261780104712041,0.0,0.0,0.25,0.25,0.25,0.25,-0.9642857142857144,-0.9642857142857144,0.0,0.45,0.0423728813559322,0.0423728813559322,23.6,0,ELAZIĞ,Kum,NORMAL
Elazığ-2026-09-07-3,2026-09-07,2026-09-07 19:00:00,ZALIMIN OĞLU  K Kulaklık takılacağını ifade eder.-13,ZALIMIN OĞLU  K Kulaklık takılacağını ifade eder.,13,52.5,1200.0,13.0,0.45,0.45,0.45,0.03,0.45,0.0,30.0,0.8175744761936437,0.7499476922271856,0.0,0.0,0.1,0.1666666666666666,0.0,0.0,0.25,0.25,0.25,0.25,0.45,0.45,0.45,0.45,0.0140944326990838,0.0140944326990838,70.95,0,ELAZIĞ,Kum,NORMAL
Elazığ-2026-09-07-4,2026-09-07,2026-09-07 19:30:00,ELELE-1,ELELE,1,62.0,1500.0,17.0,0.2222222222222222,0.3238095238095238,-0.8964285714285716,0.2782312925170068,1.0,1.118650793650794,16.0,0.4378234991142019,0.7629943537800422,0.0,0.0,0.1875,0.3125,0.0333333333333333,0.0,0.25,0.25,0.25,0.25,-1.185374149659864,-0.6011904761904762,0.0,0.45,0.0790513833992094,0.0790513833992094,12.65,0,ELAZIĞ,Kum,NORMAL
Elazığ-2026-09-07-4,2026-09-07,2026-09-07 19:30:00,KADIKÖY GÜZELİ-2,KADIKÖY GÜZELİ,2,62.0,1500.0,17.0,-2.333333333333333,-2.0545454545454547,-2.0022727272727274,5.242148760330578,1.0,-0.331060606060606,26.0,0.7310585786300049,0.7709787740630029,0.0,0.0,0.1153846153846153,0.1923076923076923,0.05,0.0,0.25,0.25,0.25,0.25,-1.8045565545565547,-1.3634768740031895,-1.0532976827094471,0.45,0.1324503311258278,0.1324503311258278,7.55,0,ELAZIĞ,Kum,NORMAL
Elazığ-2026-09-07-4,2026-09-07,2026-09-07 19:30:00,DENİZ LARA-3,DENİZ LARA,3,59.0,1500.0,17.0,0.1555555555555555,0.3933333333333333,-1.7603174603174605,0.6402222222222222,-1.0,1.915873015873016,14.0,0.3775406687981454,0.5204647512939876,0.0,0.0,0.2142857142857142,0.3571428571428571,0.0583333333333333,0.0,0.25,0.25,0.25,0.25,-2.7809523809523804,-0.9803571428571428,-1.1,0.45,0.3773584905660377,0.3773584905660377,2.65,0,ELAZIĞ,Kum,NORMAL
Elazığ-2026-09-07-4,2026-09-07,2026-09-07 19:30:00,LADY SCREAM-4,LADY SCREAM,4,58.0,1500.0,17.0,0.1835497835497835,0.0434632034632034,-0.1555411255411256,0.8237309645621335,0.1999999999999999,0.3390909090909091,16.0,0.4378234991142019,0.6789970929077888,0.0,0.0,0.1875,0.3125,0.0583333333333333,0.0,0.25,0.25,0.25,0.25,-1.3465608465608467,-0.6228673287496819,-0.8571428571428571,0.45,0.0479616306954436,0.0479616306954436,20.85,0,ELAZIĞ,Kum,NORMAL
Elazığ-2026-09-07-4,2026-09-07,2026-09-07 19:30:00,LUCKY ANGEL-5,LUCKY ANGEL,5,58.0,1500.0,17.0,-2.0,-1.047222222222222,-1.2502777777777778,2.3236496913580247,-1.0,-0.7497222222222222,16.0,0.4378234991142019,0.5355648379838539,0.0,0.0,0.1875,0.3125,0.0666666666666666,0.0,0.25,0.25,0.25,0.25,-1.277557319223986,-1.9722222222222223,-2.0,0.45,0.0722021660649819,0.0722021660649819,13.85,0,ELAZIĞ,Kum,NORMAL
Elazığ-2026-09-07-4,2026-09-07,2026-09-07 19:30:00,ÜNLÜ EKİN-6,ÜNLÜ EKİN,6,58.0,1500.0,17.0,-1.5,-2.333333333333333,-1.025,9.98263888888889,-1.25,-0.4750000000000001,26.0,0.7310585786300049,0.5238600688669209,0.0,0.0,0.1153846153846153,0.1923076923076923,0.0416666666666666,0.0,0.25,0.25,0.25,0.25,-0.8125,-0.6767857142857144,-0.25,0.45,0.0385356454720616,0.0385356454720616,25.95,0,ELAZIĞ,Kum,NORMAL
Elazığ-2026-09-07-4,2026-09-07,2026-09-07 19:30:00,DREAM ASIYA-7,DREAM ASIYA,7,56.5,1500.0,17.0,-1.25,-1.95,-1.01,5.6375,-2.0,-0.24,16.0,0.4378234991142019,0.4147977003040842,0.0,0.0,0.1875,0.3125,0.05,0.0,0.25,0.25,0.25,0.25,-0.5221655328798186,-0.7821219715956559,0.0,0.45,0.0264200792602377,0.0264200792602377,37.85,0,ELAZIĞ,Kum,NORMAL
Elazığ-2026-09-07-4,2026-09-07,2026-09-07 19:30:00,MANOYELA-8,MANOYELA,8,56.5,1500.0,17.0,-0.3888888888888889,0.0133333333333332,0.0133333333333332,1.4703333333333333,-2.0,-0.4022222222222222,26.0,0.7310585786300049,0.430579505323006,0.0,0.0,0.1153846153846153,0.1923076923076923,0.0416666666666666,0.0,0.25,0.25,0.25,0.25,0.4166666666666666,0.0133333333333332,0.0133333333333332,0.45,0.1398601398601398,0.1398601398601398,7.15,0,ELAZIĞ,Kum,NORMAL
Elazığ-2026-09-07-4,2026-09-07,2026-09-07 19:30:00,ANDROMEDA STAR-9,ANDROMEDA STAR,9,56.0,1500.0,17.0,0.3333333333333333,0.36,-0.0519480519480519,0.248,1.0,0.3852813852813853,19.0,0.5312093733737563,0.7601192371133871,0.0,0.0,0.1578947368421052,0.2631578947368421,0.0583333333333333,0.0,0.25,0.25,0.25,0.25,-1.3212121212121213,-0.5322677322677322,0.3959183673469387,0.45,0.2531645569620253,0.2531645569620253,3.95,1,ELAZIĞ,Kum,NORMAL
Elazığ-2026-09-07-4,2026-09-07,2026-09-07 19:30:00,CASHOUT-10,CASHOUT,10,56.0,1500.0,17.0,-2.0,-1.42,-1.2274999999999998,1.9120000000000004,-3.0,-0.7725000000000002,19.0,0.5312093733737563,0.3001325674120551,0.0,0.0,0.1578947368421052,0.2631578947368421,0.0583333333333333,0.0,0.25,0.25,0.25,0.25,-0.6578571428571428,-0.6279761904761904,-2.0,0.45,0.05420054200542,0.05420054200542,18.45,0,ELAZIĞ,Kum,NORMAL
Elazığ-2026-09-07-4,2026-09-07,2026-09-07 19:30:00,HELLO KUTTY-11,HELLO KUTTY,11,52.5,1500.0,17.0,0.5934343434343434,0.5893939393939392,-1.3386363636363636,0.0349345730027548,0.8181818181818181,1.932070707070707,19.0,0.5312093733737563,0.7469524745091499,0.0,0.0,0.1578947368421052,0.2631578947368421,0.0333333333333333,0.0,0.25,0.25,0.25,0.25,-0.9289321789321788,-0.6974616292798111,0.5492424242424242,0.45,0.0167224080267558,0.0167224080267558,59.8,0,ELAZIĞ,Kum,NORMAL
Elazığ-2026-09-07-4,2026-09-07,2026-09-07 19:30:00,DREAM CHASER-12,DREAM CHASER,12,56.0,1500.0,17.0,-3.266666666666667,-2.826666666666667,-1.6750000000000005,9.716888888888889,0.1999999999999999,-1.5916666666666668,26.0,0.7310585786300049,0.6929284902282541,0.0,0.0,0.1153846153846153,0.1923076923076923,0.05,0.0,0.25,0.25,0.25,0.25,-1.001068376068376,-1.146875,-0.9,0.45,0.0355871886120996,0.0355871886120996,28.1,0,ELAZIĞ,Kum,NORMAL
Elazığ-2026-09-07-4,2026-09-07,2026-09-07 19:30:00,GOODBYE-13,GOODBYE,13,55.5,1500.0,17.0,-1.0,-0.3333333333333333,0.0061728395061728,2.847222222222222,-1.0,-1.0061728395061729,56.0,0.991422514586288,0.577408221893318,0.0,0.0,0.0535714285714285,0.0892857142857142,0.025,0.0,0.25,0.25,0.25,0.25,0.2222222222222222,0.0061728395061728,-0.3333333333333333,0.45,0.0520833333333333,0.0520833333333333,19.2,0,ELAZIĞ,Kum,NORMAL
Elazığ-2026-09-07-4,2026-09-07,2026-09-07 19:30:00,VASILISA-14,VASILISA,14,54.5,1500.0,17.0,0.4027777777777778,0.1523809523809524,-0.7460317460317458,0.577781320861678,1.0,1.1488095238095235,19.0,0.5312093733737563,0.7625419716560975,0.0,0.0,0.1578947368421052,0.2631578947368421,0.0416666666666666,0.0,0.25,0.25,0.25,0.25,-1.226473922902494,-1.0922619047619049,0.3333333333333333,0.45,0.2531645569620253,0.2531645569620253,3.95,0,ELAZIĞ,Kum,NORMAL
Elazığ-2026-09-07-4,2026-09-07,2026-09-07 19:30:00,VALLEY OF HONOUR-15,VALLEY OF HONOUR,15,52.5,1500.0,17.0,-0.4583333333333333,-0.2607142857142857,-0.1976686507936508,1.121109693877551,-2.0,-0.2606646825396825,7.0,0.2018132222603788,0.0751932166875421,1.0,0.0,0.4285714285714285,0.7142857142857143,0.0416666666666666,0.0,0.25,0.25,0.25,0.25,0.15625,-0.2607142857142857,-0.2607142857142857,0.45,0.0212314225053078,0.0212314225053078,47.1,0,ELAZIĞ,Kum,NORMAL
Elazığ-2026-09-07-4,2026-09-07,2026-09-07 19:30:00,SECRET SAVER-16,SECRET SAVER,16,52.0,1500.0,17.0,0.2747252747252747,-0.2601648351648351,-1.1134157509157507,1.8508404027291392,0.8571428571428572,1.3881410256410254,19.0,0.5312093733737563,0.7468542725754911,0.0,0.0,0.1578947368421052,0.2631578947368421,0.0583333333333333,0.0,0.25,0.25,0.25,0.25,-1.552328623757195,-1.7429653679653685,0.8571428571428572,0.45,0.0628930817610062,0.0628930817610062,15.9,0,ELAZIĞ,Kum,NORMAL
Elazığ-2026-09-07-4,2026-09-07,2026-09-07 19:30:00,PRENSES MELTEM-17,PRENSES MELTEM,17,52.0,1500.0,17.0,-3.333333333333333,-1.87,-0.9616666666666668,10.1845,-7.0,-2.371666666666667,9.0,0.2450850131323717,0.0441269014460366,0.0,0.0,0.3333333333333333,0.5555555555555556,0.0666666666666666,0.0,0.25,0.25,0.25,0.25,-1.2062499999999998,-0.9429824561403508,-0.2074074074074074,0.45,0.0225988700564971,0.0225988700564971,44.25,0,ELAZIĞ,Kum,NORMAL
Elazığ-2026-09-07-5,2026-09-07,2026-09-07 20:00:00,GREEN GÖLE  K Kulaklık takılacağını ifade eder.-1,GREEN GÖLE  K Kulaklık takılacağını ifade eder.,1,63.0,1600.0,15.0,-0.0148148148148148,-1.4088888888888889,-0.4627777777777778,7.135950617283951,-1.0,0.447962962962963,5.0,0.1645164628965631,0.1054657754195562,1.0,0.0,0.6,1.0,0.0583333333333333,0.0,0.25,0.25,0.25,0.25,-0.4700083542188804,-0.3764928193499622,-0.7843434343434342,0.45,0.0382409177820267,0.0382409177820267,26.15,0,ELAZIĞ,Kum,NORMAL
Elazığ-2026-09-07-5,2026-09-07,2026-09-07 20:00:00,EL LEON-2,EL LEON,2,63.0,1600.0,15.0,0.6111111111111112,0.4238095238095238,-0.5047619047619046,0.1639455782312925,0.1666666666666666,1.115873015873016,5.0,0.1645164628965631,0.1753873699279723,1.0,0.0,0.6,1.0,0.05,0.0,0.25,0.25,0.25,0.25,-1.260772122614228,-0.7976190476190476,0.0904761904761904,0.45,0.0772200772200772,0.0772200772200772,12.95,0,ELAZIĞ,Kum,NORMAL
Elazığ-2026-09-07-5,2026-09-07,2026-09-07 20:00:00,BY CURA-3,BY CURA,3,62.5,1600.0,15.0,-1.5555555555555554,-0.6533333333333331,-0.4684523809523808,8.938666666666665,0.6666666666666667,-1.0871031746031743,5.0,0.1645164628965631,0.2122777490652431,1.0,0.0,0.6,1.0,0.0666666666666666,0.0,0.25,0.25,0.25,0.25,-0.7013888888888887,-0.6840885816692265,-0.3194444444444443,0.45,0.136986301369863,0.136986301369863,7.3,0,ELAZIĞ,Kum,NORMAL
Elazığ-2026-09-07-5,2026-09-07,2026-09-07 20:00:00,LION ROBERO  SKG-4,LION ROBERO  SKG,4,63.0,1600.0,15.0,0.4814814814814815,-0.4253968253968252,-0.371031746031746,4.0079868984630895,0.3333333333333333,0.8525132275132276,5.0,0.1645164628965631,0.1877673170690552,1.0,0.0,0.6,1.0,0.05,0.0,0.25,0.25,0.25,0.25,-0.1279477136619993,-0.1955525030525031,-0.2494227994227993,0.45,0.1265822784810126,0.1265822784810126,7.9,0,ELAZIĞ,Kum,NORMAL
Elazığ-2026-09-07-5,2026-09-07,2026-09-07 20:00:00,CRIMENA FIRE-5,CRIMENA FIRE,5,62.0,1600.0,15.0,0.5138888888888888,0.486111111111111,-0.0169444444444444,0.1201774691358024,0.1666666666666666,0.5308333333333333,14.0,0.3775406687981454,0.6687945633157509,0.0,0.0,0.2142857142857142,0.3571428571428571,0.0583333333333333,0.0,0.25,0.25,0.25,0.25,-1.041765873015873,-0.3532242063492063,0.0225694444444444,0.45,0.0344827586206896,0.0344827586206896,29.0,0,ELAZIĞ,Kum,NORMAL
Elazığ-2026-09-07-5,2026-09-07,2026-09-07 20:00:00,EUROFIGHTER-6,EUROFIGHTER,6,58.0,1600.0,15.0,-1.261904761904762,-0.837142857142857,-1.268571428571429,2.1040408163265303,-3.0,0.0066666666666668,12.0,0.320821300824607,0.28742634079344,0.0,0.0,0.25,0.4166666666666667,0.075,0.0,0.25,0.25,0.25,0.25,-1.6737213403880071,-1.3603174603174606,-3.0,0.45,0.3636363636363636,0.3636363636363636,2.75,0,ELAZIĞ,Kum,NORMAL
Elazığ-2026-09-07-5,2026-09-07,2026-09-07 20:00:00,KAROZBEY-7,KAROZBEY,7,60.0,1600.0,15.0,-1.625,-1.1194444444444445,-1.2297222222222222,2.652932098765432,-0.125,-0.3952777777777778,5.0,0.1645164628965631,0.1570403032337553,1.0,0.0,0.6,1.0,0.0333333333333333,0.0,0.25,0.25,0.25,0.25,-0.5032186948853616,-0.4891955266955266,-0.125,0.45,0.0434782608695652,0.0434782608695652,23.0,0,ELAZIĞ,Kum,NORMAL
Elazığ-2026-09-07-5,2026-09-07,2026-09-07 20:00:00,AEMOND-8,AEMOND,8,55.0,1600.0,15.0,0.2142857142857143,0.467032967032967,-0.2124431124431124,0.4147747856539065,1.0,0.4267288267288267,7.0,0.2018132222603788,0.2722426714907098,1.0,0.0,0.4285714285714285,0.7142857142857143,0.0583333333333333,0.0,0.25,0.25,0.25,0.25,0.3420260295260295,-0.1177766677766678,0.5695257123828552,0.45,0.1785714285714285,0.1785714285714285,5.6,0,ELAZIĞ,Kum,NORMAL
Elazığ-2026-09-07-5,2026-09-07,2026-09-07 20:00:00,ÇUKUROVA PEHLİVANI-9,ÇUKUROVA PEHLİVANI,9,58.5,1600.0,15.0,0.3333333333333333,0.3333333333333333,0.3333333333333333,0.8888888888888888,-0.3333333333333332,0.0,19.0,0.5312093733737563,0.6446070131281869,0.0,0.0,0.1578947368421052,0.2631578947368421,0.0083333333333333,0.0,0.25,0.25,0.25,0.25,-0.3333333333333332,0.3333333333333333,-0.3333333333333332,0.45,0.1098901098901098,0.1098901098901098,9.1,0,ELAZIĞ,Kum,NORMAL
Elazığ-2026-09-07-5,2026-09-07,2026-09-07 20:00:00,LEO MELO-10,LEO MELO,10,58.0,1600.0,15.0,0.0793650793650793,0.2142857142857142,-1.047857142857143,0.8089569160997734,1.0,1.1272222222222223,7.0,0.2018132222603788,0.263499752576138,1.0,0.0,0.4285714285714285,0.7142857142857143,0.075,0.0,0.25,0.25,0.25,0.25,-0.5043650793650795,-0.4571428571428571,0.4809523809523809,0.45,0.16,0.16,6.25,0,ELAZIĞ,Kum,NORMAL
Elazığ-2026-09-07-5,2026-09-07,2026-09-07 20:00:00,RACING PHANTOM-11,RACING PHANTOM,11,52.0,1600.0,15.0,0.0423280423280423,0.2920634920634921,0.2920634920634921,0.5382779037540943,-1.0,-0.2497354497354497,256.0,0.99999999999988,0.5134733000043316,0.0,1.0,0.01171875,0.01953125,0.0,0.0,0.25,0.25,0.25,0.25,0.2261904761904762,0.0,0.0,0.45,0.0280504908835904,0.0280504908835904,35.65,0,ELAZIĞ,Kum,NORMAL
Elazığ-2026-09-07-5,2026-09-07,2026-09-07 20:00:00,DOBRA KIZ-12,DOBRA KIZ,12,55.0,1600.0,15.0,-1.309090909090909,-0.7254545454545454,-1.171655844155844,3.593239669421487,-4.0,-0.137435064935065,7.0,0.2018132222603788,0.0292783770775336,1.0,0.0,0.4285714285714285,0.7142857142857143,0.0416666666666666,0.0,0.25,0.25,0.25,0.25,-0.3223214285714286,-1.1268458393458394,-0.9757575757575756,0.45,0.0458715596330275,0.0458715596330275,21.8,0,ELAZIĞ,Kum,NORMAL
Elazığ-2026-09-07-5,2026-09-07,2026-09-07 20:00:00,KATANA BOY-13,KATANA BOY,13,53.0,1600.0,15.0,0.1845238095238095,-0.3892857142857142,-1.0403571428571428,0.9228954081632654,0.125,1.2248809523809523,48.0,0.9770226300899744,0.7056119543984933,0.0,0.0,0.0625,0.1041666666666666,0.0583333333333333,0.0,0.25,0.25,0.25,0.25,-1.490674603174603,-0.728517316017316,0.0,0.45,0.0552486187845303,0.0552486187845303,18.1,0,ELAZIĞ,Kum,NORMAL
Elazığ-2026-09-07-5,2026-09-07,2026-09-07 20:00:00,MR SHORTY-14,MR SHORTY,14,53.0,1600.0,15.0,-2.944444444444444,-2.083333333333333,-1.544047619047619,7.975694444444445,-1.75,-1.4003968253968253,7.0,0.2018132222603788,0.0860492292662709,1.0,0.0,0.4285714285714285,0.7142857142857143,0.025,0.0,0.25,0.25,0.25,0.25,-1.9438775510204085,-2.5277777777777777,-1.75,0.45,0.0230414746543778,0.0230414746543778,43.4,0,ELAZIĞ,Kum,NORMAL
Elazığ-2026-09-07-5,2026-09-07,2026-09-07 20:00:00,THE SNAKE PIT  SKG-15,THE SNAKE PIT  SKG,15,52.0,1600.0,15.0,-0.8095238095238096,-1.7357142857142858,-1.2611904761904762,2.170663265306122,-0.4285714285714286,0.4516666666666665,7.0,0.2018132222603788,0.1515953559835509,1.0,0.0,0.4285714285714285,0.7142857142857143,0.05,0.0,0.25,0.25,0.25,0.25,-1.2625,-0.4344155844155844,-0.3095238095238095,0.45,0.0170648464163822,0.0170648464163822,58.6,1,ELAZIĞ,Kum,NORMAL
Elazığ-2026-09-07-6,2026-09-07,2026-09-07 20:30:00,KOSAVALI YİĞİT-1,KOSAVALI YİĞİT,1,63.0,1200.0,16.0,-2.1153846153846154,-0.9692307692307692,-0.5318376068376068,8.20665680473373,-6.0,-1.5835470085470087,26.0,0.7310585786300049,0.0758941384655965,0.0,0.0,0.1153846153846153,0.1923076923076923,0.025,0.0,0.25,0.25,0.25,0.25,-0.2811688311688311,-0.4370421245421245,-0.5751424501424501,0.45,0.0440528634361233,0.0440528634361233,22.7,0,ELAZIĞ,Kum,NORMAL
Elazığ-2026-09-07-6,2026-09-07,2026-09-07 20:30:00,MOHİ TAY-2,MOHİ TAY,2,63.0,1200.0,16.0,0.8277777777777778,0.6880952380952381,0.5336904761904762,0.1318990929705215,0.9,0.2940873015873017,7.0,0.2018132222603788,0.2176312926333249,1.0,0.0,0.4285714285714285,0.7142857142857143,0.0666666666666666,0.0,0.25,0.25,0.25,0.25,0.5135590599876314,0.5678571428571428,0.5354166666666667,0.45,0.2272727272727272,0.2272727272727272,4.4,0,ELAZIĞ,Kum,NORMAL
Elazığ-2026-09-07-6,2026-09-07,2026-09-07 20:30:00,NALDÖKEN AĞASI-3,NALDÖKEN AĞASI,3,59.0,1200.0,16.0,-0.4666666666666666,-0.6133333333333333,-0.3883597883597883,1.6475555555555554,0.6,-0.0783068783068783,657.0,1.0,0.6922975918494995,0.0,1.0,0.0045662100456621,0.0076103500761035,0.0,0.0,0.25,0.25,0.25,0.25,-0.1869047619047619,-0.5333333333333333,0.0,0.45,0.03690036900369,0.03690036900369,27.1,0,ELAZIĞ,Kum,NORMAL
Elazığ-2026-09-07-6,2026-09-07,2026-09-07 20:30:00,DENİZİM GÜLÜ-4,DENİZİM GÜLÜ,4,60.5,1200.0,16.0,0.313973063973064,-1.3962315462315462,-0.7168459318459318,13.75867628982431,-0.25,1.0308189958189955,12.0,0.320821300824607,0.569954782026428,0.0,0.0,0.25,0.4166666666666667,0.0333333333333333,0.0,0.25,0.25,0.25,0.25,-0.3926715645465645,0.1792034354534354,0.585688616938617,0.45,0.1515151515151515,0.1515151515151515,6.6,0,ELAZIĞ,Kum,NORMAL
Elazığ-2026-09-07-6,2026-09-07,2026-09-07 20:30:00,AKGOLD DATÇA-5,AKGOLD DATÇA,5,58.0,1200.0,16.0,-3.333333333333333,-3.0588235294117645,-1.3323121976063153,9.929065743944635,-5.0,-2.0010211357270182,16.0,0.4378234991142019,0.1214076997430722,0.0,0.0,0.1875,0.3125,0.0416666666666666,0.0,0.25,0.25,0.25,0.25,-0.5610175475148738,-0.5534619579056921,0.6182539682539683,0.45,0.0422832980972515,0.0422832980972515,23.65,0,ELAZIĞ,Kum,NORMAL
Elazığ-2026-09-07-6,2026-09-07,2026-09-07 20:30:00,GÜMBÜRSOY  SKG-6,GÜMBÜRSOY  SKG,6,60.0,1200.0,16.0,-3.9166666666666665,-1.9653846153846155,-1.9653846153846155,8.900221893491125,-1.75,-1.9512820512820512,21.0,0.5926665999540697,0.482685497411649,0.0,0.0,0.1428571428571428,0.238095238095238,0.0166666666666666,0.0,0.25,0.25,0.25,0.25,-1.2067307692307692,-3.375,-3.375,0.45,0.0273972602739726,0.0273972602739726,36.5,1,ELAZIĞ,Kum,NORMAL
Elazığ-2026-09-07-6,2026-09-07,2026-09-07 20:30:00,BARBAROSOĞLU-7,BARBAROSOĞLU,7,59.5,1200.0,16.0,0.4222222222222222,-0.1466666666666666,0.06,0.6742222222222222,0.6,0.3622222222222222,7.0,0.2018132222603788,0.1942140644483592,1.0,0.0,0.4285714285714285,0.7142857142857143,0.0583333333333333,0.0,0.25,0.25,0.25,0.25,-1.382264957264957,-0.8830662393162392,-0.5375000000000001,0.45,0.2898550724637681,0.2898550724637681,3.45,0,ELAZIĞ,Kum,NORMAL
Elazığ-2026-09-07-6,2026-09-07,2026-09-07 20:30:00,EFRUZKIZI-8,EFRUZKIZI,8,59.5,1200.0,16.0,-0.4666666666666666,-0.2799999999999999,-0.54,1.492,0.0,0.0733333333333334,12.0,0.320821300824607,0.5922641830607915,0.0,0.0,0.25,0.4166666666666667,0.075,0.0,0.25,0.25,0.25,0.25,-0.124537037037037,-0.2578282828282828,-0.3696969696969697,0.45,0.0970873786407767,0.0970873786407767,10.3,0,ELAZIĞ,Kum,NORMAL
Elazığ-2026-09-07-6,2026-09-07,2026-09-07 20:30:00,ÇINARLI GÜZELİ-9,ÇINARLI GÜZELİ,9,57.0,1200.0,16.0,0.231060606060606,-0.1613636363636363,-0.2476048951048951,1.1387138429752066,-1.0,0.4786655011655011,84.0,0.9997388096809044,0.4982738163818937,0.0,1.0,0.0357142857142857,0.0595238095238095,0.025,0.0,0.25,0.25,0.25,0.25,-0.5016217909075052,-0.8261544011544011,0.0,0.45,0.0359066427289048,0.0359066427289048,27.85,0,ELAZIĞ,Kum,NORMAL
Elazığ-2026-09-07-6,2026-09-07,2026-09-07 20:30:00,POWER OF RED-10,POWER OF RED,10,58.0,1200.0,16.0,0.5047619047619047,-0.7971428571428572,-1.3551190476190478,8.698612244897959,-0.2857142857142858,1.8598809523809523,7.0,0.2018132222603788,0.1332664668034,1.0,0.0,0.4285714285714285,0.7142857142857143,0.0666666666666666,0.0,0.25,0.25,0.25,0.25,-1.5659722222222223,-0.699098124098124,-0.7971428571428572,0.45,0.0809716599190283,0.0809716599190283,12.35,0,ELAZIĞ,Kum,NORMAL
Elazığ-2026-09-07-6,2026-09-07,2026-09-07 20:30:00,PRINCESS GIRL-11,PRINCESS GIRL,11,58.0,1200.0,16.0,0.117063492063492,0.1285714285714286,-0.3882395382395383,0.4332234977324263,-0.6666666666666667,0.5053030303030303,16.0,0.4378234991142019,0.5450855395373909,0.0,0.0,0.1875,0.3125,0.05,0.0,0.25,0.25,0.25,0.25,-0.5410611214182642,-0.4207551707551707,-0.375,0.45,0.0464037122969837,0.0464037122969837,21.55,0,ELAZIĞ,Kum,NORMAL
Elazığ-2026-09-07-6,2026-09-07,2026-09-07 20:30:00,KİRAZLI-12,KİRAZLI,12,57.0,1200.0,16.0,-4.266666666666667,-3.41,-2.027222222222222,15.6405,-2.0,-2.239444444444445,28.0,0.7772998611746911,0.4067587344865767,0.0,0.0,0.1071428571428571,0.1785714285714285,0.0416666666666666,0.0,0.25,0.25,0.25,0.25,-1.2707611832611831,-1.4696759259259258,-1.4,0.45,0.0357142857142857,0.0357142857142857,28.0,0,ELAZIĞ,Kum,NORMAL
Elazığ-2026-09-07-6,2026-09-07,2026-09-07 20:30:00,HAYALLERİM-13,HAYALLERİM,13,57.0,1200.0,16.0,-0.0595238095238095,0.0476190476190476,0.2171428571428571,0.3461592970521542,0.5714285714285714,-0.2766666666666667,21.0,0.5926665999540697,0.7486506354571684,0.0,0.0,0.1428571428571428,0.238095238095238,0.0166666666666666,0.0,0.25,0.25,0.25,0.25,0.4528540903540903,0.3603268526345449,0.2602040816326531,0.45,0.1680672268907563,0.1680672268907563,5.95,0,ELAZIĞ,Kum,NORMAL
Elazığ-2026-09-07-6,2026-09-07,2026-09-07 20:30:00,HIZLI BERATIM-14,HIZLI BERATIM,14,56.5,1200.0,16.0,-0.125,-0.3216666666666666,-0.1258333333333333,0.5433888888888888,0.375,0.0008333333333333,16.0,0.4378234991142019,0.711634021685813,0.0,0.0,0.1875,0.3125,0.0583333333333333,0.0,0.25,0.25,0.25,0.25,-0.4696608946608946,0.0763888888888889,0.0,0.45,0.07168458781362,0.07168458781362,13.95,0,ELAZIĞ,Kum,NORMAL
Elazığ-2026-09-07-6,2026-09-07,2026-09-07 20:30:00,KÜHEYLAN BAKÜRA-15,KÜHEYLAN BAKÜRA,15,55.5,1200.0,16.0,-0.7111111111111112,-0.1466666666666667,-0.8,0.8675555555555556,-0.8,0.0888888888888888,12.0,0.320821300824607,0.5654555217038132,0.0,0.0,0.25,0.4166666666666667,0.025,0.0,0.25,0.25,0.25,0.25,-0.9,-1.66,-0.7111111111111112,0.45,0.0775193798449612,0.0775193798449612,12.9,0,ELAZIĞ,Kum,NORMAL
Elazığ-2026-09-07-6,2026-09-07,2026-09-07 20:30:00,CAN YAKUP  SKG-16,CAN YAKUP  SKG,16,55.5,1200.0,16.0,0.45,0.45,0.45,0.03,0.45,0.0,30.0,0.8175744761936437,0.7499476922271856,0.0,0.0,0.1,0.1666666666666666,0.0,0.0,0.25,0.25,0.25,0.25,0.45,0.45,0.45,0.45,0.2898550724637681,0.2898550724637681,3.45,0,ELAZIĞ,Kum,NORMAL
Elazığ-2026-09-07-7,2026-09-07,2026-09-07 21:00:00,EMPRESS GIRL-1,EMPRESS GIRL,1,59.0,1500.0,8.0,0.3047619047619047,-0.8171428571428571,-0.4918367346938775,3.5528979591836736,0.0,0.7965986394557822,12.0,0.320821300824607,0.6310366593173186,0.0,0.0,0.25,0.4166666666666667,0.0583333333333333,0.0,0.25,0.25,0.25,0.25,0.0,-0.4918367346938775,-0.4918367346938775,0.45,0.111731843575419,0.111731843575419,8.95,0,ELAZIĞ,Kum,NORMAL
Elazığ-2026-09-07-7,2026-09-07,2026-09-07 21:00:00,LOVESICK GRILS-2,LOVESICK GRILS,2,59.0,1500.0,8.0,0.1616161616161616,0.3399621212121212,0.3399621212121212,0.8057313188705234,-1.0,-0.1783459595959595,30.0,0.8175744761936437,0.5613558846263439,0.0,0.0,0.1,0.1666666666666666,0.0333333333333333,0.0,0.25,0.25,0.25,0.25,0.0,0.3399621212121212,0.7708333333333334,0.45,0.5555555555555556,0.5555555555555556,1.8,0,ELAZIĞ,Kum,NORMAL
Elazığ-2026-09-07-7,2026-09-07,2026-09-07 21:00:00,BAKÜLÜ KIZ-3,BAKÜLÜ KIZ,3,57.0,1500.0,8.0,-3.0,-3.0,-3.0,18.0,0.0,0.0,26.0,0.7310585786300049,0.6771079857849935,0.0,0.0,0.1153846153846153,0.1923076923076923,0.0166666666666666,0.0,0.25,0.25,0.25,0.25,0.0,0.0,0.0,0.45,0.065359477124183,0.065359477124183,15.3,0,ELAZIĞ,Kum,NORMAL
Elazığ-2026-09-07-7,2026-09-07,2026-09-07 21:00:00,GÜLÜMSE KIZIM  K Kulaklık takılacağını ifade eder.-4,GÜLÜMSE KIZIM  K Kulaklık takılacağını ifade eder.,4,57.0,1500.0,8.0,0.8333333333333334,0.8333333333333334,0.8333333333333334,0.03,0.8333333333333334,0.0,26.0,0.7310585786300049,0.7620308784405802,0.0,0.0,0.1153846153846153,0.1923076923076923,0.0083333333333333,0.0,0.25,0.25,0.25,0.25,0.0,0.8333333333333334,0.8333333333333334,0.45,0.2564102564102564,0.2564102564102564,3.9,0,ELAZIĞ,Kum,NORMAL
Elazığ-2026-09-07-7,2026-09-07,2026-09-07 21:00:00,HÜRREM HANIM-5,HÜRREM HANIM,5,57.0,1500.0,8.0,0.0,0.0,0.0,0.03,0.0,0.0,9.0,0.2450850131323717,0.615646707751291,0.0,0.0,0.3333333333333333,0.5555555555555556,0.0083333333333333,0.0,0.25,0.25,0.25,0.25,0.0,0.0,0.0,0.45,0.0388349514563106,0.0388349514563106,25.75,0,ELAZIĞ,Kum,NORMAL
Elazığ-2026-09-07-7,2026-09-07,2026-09-07 21:00:00,LEYDİ TOPÇU-6,LEYDİ TOPÇU,6,57.0,1500.0,8.0,-0.25,-0.25,-0.25,0.125,0.0,0.0,40.0,0.9399133498259924,0.6881890841565633,0.0,0.0,0.075,0.125,0.0166666666666666,0.0,0.25,0.25,0.25,0.25,0.0,-0.25,-0.25,0.45,0.1574803149606299,0.1574803149606299,6.35,1,ELAZIĞ,Kum,NORMAL
Elazığ-2026-09-07-7,2026-09-07,2026-09-07 21:00:00,MONICA SULTAN-7,MONICA SULTAN,7,57.0,1500.0,8.0,-0.9166666666666666,-0.9166666666666666,-0.9166666666666666,3.645833333333333,-0.5,0.0,9.0,0.2450850131323717,0.5517583706275185,0.0,0.0,0.3333333333333333,0.5555555555555556,0.025,0.0,0.25,0.25,0.25,0.25,0.0,-0.9166666666666666,0.0,0.45,0.1886792452830188,0.1886792452830188,5.3,0,ELAZIĞ,Kum,NORMAL
Elazığ-2026-09-07-7,2026-09-07,2026-09-07 21:00:00,SECRET GIRL-8,SECRET GIRL,8,57.0,1500.0,8.0,0.0515873015873015,0.2738095238095238,0.1241496598639455,0.3047052154195011,-0.6666666666666667,-0.072562358276644,30.0,0.8175744761936437,0.6002883393736858,0.0,0.0,0.1,0.1666666666666666,0.0416666666666666,0.0,0.25,0.25,0.25,0.25,0.0,0.1241496598639455,0.2571428571428571,0.45,0.0619195046439628,0.0619195046439628,16.15,0,ELAZIĞ,Kum,NORMAL
Elazığ-2026-09-07-8,2026-09-07,2026-09-07 21:30:00,SINCERO-1,SINCERO,1,61.0,1500.0,18.0,-2.680555555555556,-1.5916666666666666,-1.0803571428571428,12.897916666666667,-0.375,-1.600198412698413,9.0,0.2450850131323717,0.5606033580171322,0.0,0.0,0.3333333333333333,0.5555555555555556,0.0583333333333333,0.0,0.25,0.25,0.25,0.25,-0.9987103174603176,-1.0606040564373898,-0.1666666666666666,0.45,0.0290275761973875,0.0290275761973875,34.45,0,ELAZIĞ,Kum,NORMAL
Elazığ-2026-09-07-8,2026-09-07,2026-09-07 21:30:00,SON OFF OZAN-2,SON OFF OZAN,2,61.0,1500.0,18.0,-0.25,-0.2833333333333333,0.0053418803418803,0.2555555555555555,0.0,-0.2553418803418804,19.0,0.5312093733737563,0.6871151515389214,0.0,0.0,0.1578947368421052,0.2631578947368421,0.0166666666666666,0.0,0.25,0.25,0.25,0.25,0.1818613485280152,0.280028794734677,0.4462481962481962,0.45,0.2941176470588235,0.2941176470588235,3.4,0,ELAZIĞ,Kum,NORMAL
Elazığ-2026-09-07-8,2026-09-07,2026-09-07 21:30:00,KRAL ALPER-3,KRAL ALPER,3,58.0,1500.0,18.0,-1.616161616161616,-2.3363636363636364,-1.6574125874125871,14.628833792470155,0.8181818181818181,0.0412509712509712,14.0,0.3775406687981454,0.7305987181403102,0.0,0.0,0.2142857142857142,0.3571428571428571,0.05,0.0,0.25,0.25,0.25,0.25,-3.5333333333333337,-1.5924186924186925,-0.7771349862258954,0.45,0.0934579439252336,0.0934579439252336,10.7,0,ELAZIĞ,Kum,NORMAL
Elazığ-2026-09-07-8,2026-09-07,2026-09-07 21:30:00,SÜPER EFE-4,SÜPER EFE,4,58.0,1500.0,18.0,-1.1666666666666667,-0.6,-0.1638888888888889,1.175,-1.0,-1.0027777777777778,186.0,0.999999999241744,0.4699288089057795,0.0,1.0,0.0161290322580645,0.0268817204301075,0.0,0.0,0.25,0.25,0.25,0.25,-0.5833333333333334,-0.0173611111111111,0.0,0.45,0.0466200466200466,0.0466200466200466,21.45,0,ELAZIĞ,Kum,NORMAL
Elazığ-2026-09-07-8,2026-09-07,2026-09-07 21:30:00,GOLDEN COOGER-5,GOLDEN COOGER,5,56.0,1500.0,18.0,0.3238095238095238,-0.339047619047619,-0.6361904761904762,2.2557188208616776,0.5714285714285714,0.96,14.0,0.3775406687981454,0.7070195389445063,0.0,0.0,0.2142857142857142,0.3571428571428571,0.0416666666666666,0.0,0.25,0.25,0.25,0.25,-0.2598639455782313,-0.6939393939393941,0.1285714285714286,0.45,0.1265822784810126,0.1265822784810126,7.9,0,ELAZIĞ,Kum,NORMAL
Elazığ-2026-09-07-8,2026-09-07,2026-09-07 21:30:00,NIGHT KING-6,NIGHT KING,6,56.0,1500.0,18.0,-0.2261904761904762,-2.202380952380953,-1.4261904761904762,14.880385487528343,0.5,1.2,14.0,0.3775406687981454,0.6995672712077426,0.0,0.0,0.2142857142857142,0.3571428571428571,0.0416666666666666,0.0,0.25,0.25,0.25,0.25,0.138095238095238,-0.779389880952381,-2.032142857142857,0.45,0.1162790697674418,0.1162790697674418,8.6,1,ELAZIĞ,Kum,NORMAL
Elazığ-2026-09-07-8,2026-09-07,2026-09-07 21:30:00,DİRİLİŞ KARTALI  SKG-7,DİRİLİŞ KARTALI  SKG,7,53.0,1500.0,18.0,-2.4,-1.855555555555556,-1.855555555555556,6.072345679012346,-1.2000000000000002,-0.5444444444444443,21.0,0.5926665999540697,0.5147576171591737,0.0,0.0,0.1428571428571428,0.238095238095238,0.0333333333333333,0.0,0.25,0.25,0.25,0.25,-5.5,-1.855555555555556,-1.855555555555556,0.45,0.0150375939849624,0.0150375939849624,66.5,0,ELAZIĞ,Kum,NORMAL
Elazığ-2026-09-07-8,2026-09-07,2026-09-07 21:30:00,PACIFIC GROVE-8,PACIFIC GROVE,8,56.0,1500.0,18.0,-0.9166666666666666,-1.0,-1.0,2.78125,-3.0,0.0833333333333333,275.0,0.9999999999999888,0.2794580359377175,0.0,1.0,0.0109090909090909,0.0181818181818181,0.0,0.0,0.25,0.25,0.25,0.25,-0.625,-3.0,0.0,0.45,0.0675675675675675,0.0675675675675675,14.8,0,ELAZIĞ,Kum,NORMAL
Elazığ-2026-09-07-8,2026-09-07,2026-09-07 21:30:00,SWORD OF GOLD-9,SWORD OF GOLD,9,55.0,1500.0,18.0,-0.4444444444444445,-0.1714285714285714,0.1228250915750916,0.3155895691609977,0.1666666666666666,-0.5672695360195361,14.0,0.3775406687981454,0.658939406722624,0.0,0.0,0.2142857142857142,0.3571428571428571,0.0666666666666666,0.0,0.25,0.25,0.25,0.25,0.4166666666666667,0.1228250915750916,0.1228250915750916,0.45,0.0233100233100233,0.0233100233100233,42.9,0,ELAZIĞ,Kum,NORMAL
Elazığ-2026-09-07-8,2026-09-07,2026-09-07 21:30:00,TORUNUM DEVRİM-10,TORUNUM DEVRİM,10,55.0,1500.0,18.0,-0.2222222222222221,-0.0666666666666666,-0.1761904761904761,0.0777777777777777,-0.3333333333333332,-0.046031746031746,23.0,0.6513548646660542,0.6165151092517411,0.0,0.0,0.1304347826086956,0.217391304347826,0.075,0.0,0.25,0.25,0.25,0.25,0.1,-0.1761904761904761,0.6238095238095238,0.45,0.0584795321637426,0.0584795321637426,17.1,0,ELAZIĞ,Kum,NORMAL
Elazığ-2026-09-07-8,2026-09-07,2026-09-07 21:30:00,SÜPER ELOŞ  K Kulaklık takılacağını ifade eder. SKG-11,SÜPER ELOŞ  K Kulaklık takılacağını ifade eder. SKG,11,55.0,1500.0,18.0,-0.6990740740740741,-0.1394444444444444,0.1802777777777777,1.281945987654321,-0.2222222222222223,-0.8793518518518518,9.0,0.2450850131323717,0.5890404340586651,0.0,0.0,0.3333333333333333,0.5555555555555556,0.0083333333333333,0.0,0.25,0.25,0.25,0.25,-0.4916666666666667,0.1558641975308642,0.3333333333333333,0.45,0.0552486187845303,0.0552486187845303,18.1,0,ELAZIĞ,Kum,NORMAL
Elazığ-2026-09-07-8,2026-09-07,2026-09-07 21:30:00,RONNIE-12,RONNIE,12,52.0,1500.0,18.0,-1.75,-0.9166666666666666,-1.0907738095238095,5.472222222222221,-0.75,-0.6592261904761905,19.0,0.5312093733737563,0.5789180190975282,0.0,0.0,0.1578947368421052,0.2631578947368421,0.0083333333333333,0.0,0.25,0.25,0.25,0.25,-0.7857142857142857,-0.9657738095238096,0.0,0.45,0.019588638589618,0.019588638589618,51.05,0,ELAZIĞ,Kum,NORMAL
Elazığ-2026-09-07-8,2026-09-07,2026-09-07 21:30:00,SAYAN BEY  SKG-13,SAYAN BEY  SKG,13,60.0,1500.0,18.0,-1.2777777777777777,-2.166666666666667,-1.0333333333333334,4.305555555555556,-1.5,-0.2444444444444442,131.0,0.9999992661790194,0.422543438483871,0.0,1.0,0.0229007633587786,0.0381679389312977,0.0,0.0,0.25,0.25,0.25,0.25,-0.4666666666666666,-0.9696969696969696,-0.4166666666666666,0.45,0.0258732212160414,0.0258732212160414,38.65,0,ELAZIĞ,Kum,NORMAL
Elazığ-2026-09-07-8,2026-09-07,2026-09-07 21:30:00,ÇEVİK DEVRANI-14,ÇEVİK DEVRANI,14,55.0,1500.0,18.0,-0.7777777777777777,-0.3888888888888889,-0.191111111111111,2.191358024691358,0.0,-0.5866666666666667,7.0,0.2018132222603788,0.1780633688192074,1.0,0.0,0.4285714285714285,0.7142857142857143,0.0666666666666666,0.0,0.25,0.25,0.25,0.25,-0.5833333333333333,0.0602430555555556,0.2642592592592593,0.45,0.036036036036036,0.036036036036036,27.75,0,ELAZIĞ,Kum,NORMAL
Elazığ-2026-09-07-8,2026-09-07,2026-09-07 21:30:00,RANIL OĞLU-15,RANIL OĞLU,15,53.0,1500.0,18.0,-3.777777777777778,-2.85,-2.8583333333333334,21.50138888888889,0.0,-0.9194444444444448,7.0,0.2018132222603788,0.1790411758470656,1.0,0.0,0.4285714285714285,0.7142857142857143,0.0583333333333333,0.0,0.25,0.25,0.25,0.25,-1.882440476190476,-1.7313333333333332,-1.4864583333333332,0.45,0.0145348837209302,0.0145348837209302,68.8,0,ELAZIĞ,Kum,NORMAL
Elazığ-2026-09-07-8,2026-09-07,2026-09-07 21:30:00,KİKAZARU-16,KİKAZARU,16,55.0,1500.0,18.0,3.7007434154171876e-17,0.1066666666666666,0.3400000000000001,0.8707777777777779,0.8333333333333334,-0.34,9.0,0.2450850131323717,0.702892745013669,0.0,0.0,0.3333333333333333,0.5555555555555556,0.0416666666666666,0.0,0.25,0.25,0.25,0.25,-0.6888888888888889,-0.5833333333333333,-0.2111111111111111,0.45,0.0675675675675675,0.0675675675675675,14.8,0,ELAZIĞ,Kum,NORMAL
Elazığ-2026-09-07-8,2026-09-07,2026-09-07 21:30:00,WANG YUEN CHEN-17,WANG YUEN CHEN,17,58.0,1500.0,18.0,0.25,0.1666666666666666,0.0809523809523809,0.6284722222222223,-1.0,0.169047619047619,30.0,0.8175744761936437,0.5629967770624005,0.0,0.0,0.1,0.1666666666666666,0.025,0.0,0.25,0.25,0.25,0.25,0.2916666666666667,0.0809523809523809,1.0,0.45,0.0790513833992094,0.0790513833992094,12.65,0,ELAZIĞ,Kum,NORMAL
Elazığ-2026-09-07-8,2026-09-07,2026-09-07 21:30:00,SKY TURK   %-18,SKY TURK   %,18,58.0,1500.0,18.0,-2.333333333333333,-1.1333333333333333,-1.1333333333333333,11.380555555555558,1.0,-1.2000000000000002,14.0,0.3775406687981454,0.7518626856493629,0.0,0.0,0.2142857142857142,0.3571428571428571,0.025,0.0,0.25,0.25,0.25,0.25,-3.25,1.0,1.0,0.45,0.3333333333333333,0.3333333333333333,3.0,0,ELAZIĞ,Kum,NORMAL
Ankara-2026-09-08-1,2026-09-08,2026-09-08 14:00:00,DENİZAĞA-1,DENİZAĞA,1,57.0,1400.0,13.0,-0.3994708994708995,-0.3994708994708995,-0.3994708994708995,1.923175443016713,0.3571428571428571,0.0,14.0,0.3775406687981454,0.6933258453787359,0.0,0.0,0.2142857142857142,0.3571428571428571,0.025,0.0,0.25,0.25,0.25,0.25,-0.3994708994708995,-0.8214285714285714,-0.3994708994708995,0.45,0.0421052631578947,0.0421052631578947,23.75,1,ANKARA,Cim,NORMAL
Ankara-2026-09-08-1,2026-09-08,2026-09-08 14:00:00,KARANIN OĞLU-2,KARANIN OĞLU,2,57.0,1400.0,13.0,-0.4814814814814814,-0.4814814814814814,-0.4814814814814814,0.8065843621399176,-1.0,0.0,14.0,0.3775406687981454,0.5375482237109381,0.0,0.0,0.2142857142857142,0.3571428571428571,0.0083333333333333,0.0,0.25,0.25,0.25,0.25,-1.0,-1.0,-1.0,0.45,0.0322061191626409,0.0322061191626409,31.05,0,ANKARA,Cim,NORMAL
Ankara-2026-09-08-1,2026-09-08,2026-09-08 14:00:00,KORDONİS-3,KORDONİS,3,57.0,1400.0,13.0,0.4583333333333333,0.4583333333333333,0.4583333333333333,0.1701388888888889,0.1666666666666666,0.0,14.0,0.3775406687981454,0.6741779793780808,0.0,0.0,0.2142857142857142,0.3571428571428571,0.0166666666666666,0.0,0.25,0.25,0.25,0.25,0.4583333333333333,0.4583333333333333,0.4583333333333333,0.45,0.2298850574712644,0.2298850574712644,4.35,0,ANKARA,Cim,NORMAL
Ankara-2026-09-08-1,2026-09-08,2026-09-08 14:00:00,REYONTAY-4,REYONTAY,4,57.0,1400.0,13.0,0.2883597883597883,0.2883597883597883,0.2883597883597883,0.0351683883429915,0.1428571428571429,0.0,14.0,0.3775406687981454,0.670085420938272,0.0,0.0,0.2142857142857142,0.3571428571428571,0.025,0.0,0.25,0.25,0.25,0.25,0.2883597883597883,0.3214285714285714,0.2883597883597883,0.45,0.303030303030303,0.303030303030303,3.3,0,ANKARA,Cim,NORMAL
Ankara-2026-09-08-1,2026-09-08,2026-09-08 14:00:00,URAZ-5,URAZ,5,57.0,1400.0,13.0,0.6103896103896105,0.6103896103896105,0.6103896103896105,0.1217743295665373,0.3636363636363636,0.0,14.0,0.3775406687981454,0.6954296382616868,0.0,0.0,0.2142857142857142,0.3571428571428571,0.0166666666666666,0.0,0.25,0.25,0.25,0.25,0.6103896103896105,0.6103896103896105,0.6103896103896105,0.45,0.1324503311258278,0.1324503311258278,7.55,0,ANKARA,Cim,NORMAL
Ankara-2026-09-08-1,2026-09-08,2026-09-08 14:00:00,YALIN ATEŞ-6,YALIN ATEŞ,6,57.0,1400.0,13.0,0.5833333333333334,-0.5833333333333334,-1.986111111111111,3.977215335169881,0.7272727272727273,2.569444444444444,13.0,0.3486451353339457,0.7315068242835742,0.0,0.0,0.2307692307692307,0.3846153846153846,0.0416666666666666,0.0,0.25,0.25,0.25,0.25,-0.5833333333333334,-1.986111111111111,-6.5,0.45,0.1639344262295082,0.1639344262295082,6.1,0,ANKARA,Cim,NORMAL
Ankara-2026-09-08-1,2026-09-08,2026-09-08 14:00:00,ÇİRKİN VE GÜZEL-7,ÇİRKİN VE GÜZEL,7,55.0,1400.0,13.0,-1.5873015873015872,-0.6309523809523808,-0.3833549783549783,6.186082766439911,-5.0,-1.2039466089466089,10.0,0.2689414213699951,0.1217764394594312,0.0,0.0,0.3,0.5,0.075,0.0,0.25,0.25,0.25,0.25,-0.3833549783549783,0.4545454545454546,-3.5,0.45,0.0345423143350604,0.0345423143350604,28.95,0,ANKARA,Cim,NORMAL
Ankara-2026-09-08-1,2026-09-08,2026-09-08 14:00:00,GÜZEL DEFNE-8,GÜZEL DEFNE,8,57.0,1400.0,13.0,-0.0833333333333333,-0.2404761904761904,-0.2217261904761904,1.0778344671201812,0.25,0.1383928571428571,10.0,0.2689414213699951,0.6613432002358635,0.0,0.0,0.3,0.5,0.05,0.0,0.25,0.25,0.25,0.25,-0.5337301587301587,0.7142857142857143,-0.8055555555555555,0.45,0.0847457627118644,0.0847457627118644,11.8,0,ANKARA,Cim,NORMAL
Ankara-2026-09-08-1,2026-09-08,2026-09-08 14:00:00,MADAM DAISY-9,MADAM DAISY,9,57.0,1400.0,13.0,0.4220779220779221,0.0532467532467532,0.0532467532467532,1.0742410187215383,0.8571428571428572,0.3688311688311688,10.0,0.2689414213699951,0.7270137195243086,0.0,0.0,0.3,0.5,0.0416666666666666,0.0,0.25,0.25,0.25,0.25,0.0532467532467532,0.0,-0.0476190476190475,0.45,0.1724137931034483,0.1724137931034483,5.8,0,ANKARA,Cim,NORMAL
Ankara-2026-09-08-1,2026-09-08,2026-09-08 14:00:00,BİLGÜ-10,BİLGÜ,10,55.0,1400.0,13.0,-0.125,-0.125,-0.125,1.53125,0.75,0.0,13.0,0.3486451353339457,0.7389100778337592,0.0,0.0,0.2307692307692307,0.3846153846153846,0.0083333333333333,0.0,0.25,0.25,0.25,0.25,0.75,0.75,0.0,0.45,0.0784313725490196,0.0784313725490196,12.75,0,ANKARA,Cim,NORMAL
Ankara-2026-09-08-1,2026-09-08,2026-09-08 14:00:00,KIZIM SAFİR  K Kulaklık takılacağını ifade eder.-11,KIZIM SAFİR  K Kulaklık takılacağını ifade eder.,11,55.0,1400.0,13.0,-0.4499999999999999,-0.4499999999999999,-0.4499999999999999,0.005,-0.3999999999999999,0.0,10.0,0.2689414213699951,0.5916890871865801,0.0,0.0,0.3,0.5,0.0166666666666666,0.0,0.25,0.25,0.25,0.25,-0.4499999999999999,0.0,-0.4499999999999999,0.45,0.0227272727272727,0.0227272727272727,44.0,0,ANKARA,Cim,NORMAL
Ankara-2026-09-08-1,2026-09-08,2026-09-08 14:00:00,MENESSAL  K Kulaklık takılacağını ifade eder. GKR Göz koruyucu takılacağını ifade eder.-12,MENESSAL  K Kulaklık takılacağını ifade eder. GKR Göz koruyucu takılacağını ifade eder.,12,52.0,1400.0,13.0,-1.0,-1.0,-1.0,6.795918367346939,0.7142857142857143,0.0,19.0,0.5312093733737563,0.7571546780025235,0.0,0.0,0.1578947368421052,0.2631578947368421,0.025,0.0,0.25,0.25,0.25,0.25,-1.0,0.2857142857142857,-1.8571428571428568,0.45,0.0225225225225225,0.0225225225225225,44.4,0,ANKARA,Cim,NORMAL
Ankara-2026-09-08-1,2026-09-08,2026-09-08 14:00:00,TALİHLİ KIZ-13,TALİHLİ KIZ,13,55.0,1400.0,13.0,-1.142857142857143,-1.142857142857143,-1.142857142857143,0.6326530612244897,-1.0,0.0,14.0,0.3775406687981454,0.5342320775549654,0.0,0.0,0.2142857142857142,0.3571428571428571,0.025,0.0,0.25,0.25,0.25,0.25,-1.142857142857143,-1.0,-1.5,0.45,0.1169590643274853,0.1169590643274853,8.55,0,ANKARA,Cim,NORMAL
Ankara-2026-09-08-2,2026-09-08,2026-09-08 14:30:00,LA COPA   K Kulaklık takılacağını ifade eder.-1,LA COPA   K Kulaklık takılacağını ifade eder.,1,56.5,1500.0,9.0,0.1527777777777777,0.3138888888888889,0.3586111111111111,0.1604552469135803,0.625,-0.2058333333333333,7.0,0.2018132222603788,0.2331950671406119,1.0,0.0,0.4285714285714285,0.7142857142857143,0.075,0.0,0.25,0.25,0.25,0.25,0.2985042735042734,0.3462698412698413,0.15,0.45,0.0869565217391304,0.0869565217391304,11.5,0,ANKARA,Kum,NORMAL
Ankara-2026-09-08-2,2026-09-08,2026-09-08 14:30:00,MY MOON-2,MY MOON,2,56.5,1500.0,9.0,0.746031746031746,0.699047619047619,-0.3847619047619045,0.0555827664399093,1.0,1.130793650793651,10.0,0.2689414213699951,0.7271082163411295,0.0,0.0,0.3,0.5,0.05,0.0,0.25,0.25,0.25,0.25,-0.4489795918367347,-0.0302521008403361,0.0,0.45,0.25,0.25,4.0,0,ANKARA,Kum,NORMAL
Ankara-2026-09-08-2,2026-09-08,2026-09-08 14:30:00,MY ROSECEM-3,MY ROSECEM,3,56.5,1500.0,9.0,-1.537037037037037,-1.1022222222222222,-1.1022222222222222,5.243913580246914,-5.0,-0.4348148148148147,14.0,0.3775406687981454,0.1251256433067406,0.0,0.0,0.2142857142857142,0.3571428571428571,0.0083333333333333,0.0,0.25,0.25,0.25,0.25,-0.1277777777777778,-1.1277777777777778,-5.0,0.45,0.0347222222222222,0.0347222222222222,28.8,0,ANKARA,Kum,NORMAL
Ankara-2026-09-08-2,2026-09-08,2026-09-08 14:30:00,SAVE YOUR TEARS-4,SAVE YOUR TEARS,4,56.5,1500.0,9.0,-0.5185185185185185,-0.5111111111111111,-0.3680555555555555,0.8478395061728394,-1.0,-0.1504629629629629,10.0,0.2689414213699951,0.5049998333399998,0.0,0.0,0.3,0.5,0.0833333333333333,0.0,0.25,0.25,0.25,0.25,-0.7638888888888888,-0.4359953703703703,0.3,0.45,0.1047120418848167,0.1047120418848167,9.55,0,ANKARA,Kum,NORMAL
Ankara-2026-09-08-2,2026-09-08,2026-09-08 14:30:00,HIZLI GÖR-5,HIZLI GÖR,5,56.0,1500.0,9.0,0.3888888888888889,0.42,-0.2090476190476189,0.0708888888888888,0.6666666666666667,0.5979365079365078,19.0,0.5312093733737563,0.7426905453026857,0.0,0.0,0.1578947368421052,0.2631578947368421,0.05,0.0,0.25,0.25,0.25,0.25,-0.4350340136054422,-0.1931972789115646,-0.3958333333333333,0.45,0.1724137931034483,0.1724137931034483,5.8,0,ANKARA,Kum,NORMAL
Ankara-2026-09-08-2,2026-09-08,2026-09-08 14:30:00,MAXIMAND-6,MAXIMAND,6,55.5,1500.0,9.0,-0.2777777777777778,-0.6466666666666667,-0.3898027898027898,3.074222222222222,1.0,0.1120250120250119,14.0,0.3775406687981454,0.7340440008749307,0.0,0.0,0.2142857142857142,0.3571428571428571,0.0583333333333333,0.0,0.25,0.25,0.25,0.25,-0.8535353535353537,0.1866666666666666,-0.3821273964131107,0.45,0.2777777777777778,0.2777777777777778,3.6,0,ANKARA,Kum,NORMAL
Ankara-2026-09-08-2,2026-09-08,2026-09-08 14:30:00,ADANALI KIZ   K Kulaklık takılacağını ifade eder.-7,ADANALI KIZ   K Kulaklık takılacağını ifade eder.,7,55.0,1500.0,9.0,0.1428571428571428,0.169047619047619,0.5011904761904762,0.0193027210884353,0.2857142857142857,-0.3583333333333333,40.0,0.9399133498259924,0.719340065324693,0.0,0.0,0.075,0.125,0.0083333333333333,0.0,0.25,0.25,0.25,0.25,0.7281746031746031,0.5827132936507938,0.8416666666666667,0.45,0.2941176470588235,0.2941176470588235,3.4,0,ANKARA,Kum,NORMAL
Ankara-2026-09-08-2,2026-09-08,2026-09-08 14:30:00,NOBLE PRINCESS-8,NOBLE PRINCESS,8,54.0,1500.0,9.0,-0.1767676767676767,0.2189393939393939,-0.540530303030303,0.979255624426079,0.3333333333333333,0.3637626262626262,6.0,0.1824255238063563,0.2075100585596355,1.0,0.0,0.5,0.8333333333333334,0.05,0.0,0.25,0.25,0.25,0.25,-1.1791666666666667,-2.1904761904761907,-1.5768398268398265,0.45,0.1694915254237288,0.1694915254237288,5.9,0,ANKARA,Kum,NORMAL
Ankara-2026-09-08-2,2026-09-08,2026-09-08 14:30:00,LEADER TULIP-9,LEADER TULIP,9,53.5,1500.0,9.0,-0.3999999999999999,-1.0066666666666666,-0.3614862914862914,3.0002222222222223,-1.0,-0.0385137085137085,19.0,0.5312093733737563,0.5366010793535907,0.0,0.0,0.1578947368421052,0.2631578947368421,0.025,0.0,0.25,0.25,0.25,0.25,0.2462894248608534,-0.2678130511463845,-0.09,0.45,0.045766590389016,0.045766590389016,21.85,1,ANKARA,Kum,NORMAL
Ankara-2026-09-08-3,2026-09-08,2026-09-08 15:00:00,ALARASİ-1,ALARASİ,1,59.0,1500.0,9.0,-0.6666666666666666,-0.0771428571428571,0.019047619047619,1.8226122448979591,-1.0,-0.6857142857142857,16.0,0.4378234991142019,0.5322468451901529,0.0,0.0,0.1875,0.3125,0.0416666666666666,0.0,0.25,0.25,0.25,0.25,-0.0333333333333333,0.2228571428571428,0.1535714285714285,0.45,0.1169590643274853,0.1169590643274853,8.55,0,ANKARA,Kum,NORMAL
Ankara-2026-09-08-3,2026-09-08,2026-09-08 15:00:00,İSKENDER HAN-2,İSKENDER HAN,2,59.0,1500.0,9.0,0.0595238095238095,-0.1642857142857142,-0.1369047619047619,1.6528061224489796,0.4285714285714286,0.1964285714285714,19.0,0.5312093733737563,0.7206360972728213,0.0,0.0,0.1578947368421052,0.2631578947368421,0.0416666666666666,0.0,0.25,0.25,0.25,0.25,0.5892857142857143,-0.1369047619047619,-0.1642857142857142,0.45,0.2777777777777778,0.2777777777777778,3.6,0,ANKARA,Kum,NORMAL
Ankara-2026-09-08-3,2026-09-08,2026-09-08 15:00:00,OĞLUM VEFA-3,OĞLUM VEFA,3,59.0,1500.0,9.0,0.5888888888888889,0.4961904761904762,-0.0021164021164021,0.1834058956916099,1.0,0.591005291005291,10.0,0.2689414213699951,0.7426905453026857,0.0,0.0,0.3,0.5,0.075,0.0,0.25,0.25,0.25,0.25,-0.0071428571428571,0.0154761904761904,-0.0984126984126984,0.45,0.1342281879194631,0.1342281879194631,7.45,0,ANKARA,Kum,NORMAL
Ankara-2026-09-08-3,2026-09-08,2026-09-08 15:00:00,HAZAN SABAHI-4,HAZAN SABAHI,4,58.0,1500.0,9.0,0.0634920634920634,0.3880952380952381,0.3822751322751323,0.4971371882086168,-0.6666666666666667,-0.3187830687830688,19.0,0.5312093733737563,0.5938731029341427,0.0,0.0,0.1578947368421052,0.2631578947368421,0.0666666666666666,0.0,0.25,0.25,0.25,0.25,0.2351190476190476,0.4200680272108844,0.3880952380952381,0.45,0.0588235294117647,0.0588235294117647,17.0,0,ANKARA,Kum,NORMAL
Ankara-2026-09-08-3,2026-09-08,2026-09-08 15:00:00,HERKÜLBEY-5,HERKÜLBEY,5,57.0,1500.0,9.0,0.6746031746031745,0.7202380952380952,0.7202380952380952,0.1407312925170068,1.0,-0.0456349206349206,10.0,0.2689414213699951,0.7490088901702329,0.0,0.0,0.3,0.5,0.0333333333333333,0.0,0.25,0.25,0.25,0.25,0.5833333333333333,0.9047619047619048,0.7202380952380952,0.45,0.1360544217687075,0.1360544217687075,7.35,0,ANKARA,Kum,NORMAL
Ankara-2026-09-08-3,2026-09-08,2026-09-08 15:00:00,PARSIBEY  K Kulaklık takılacağını ifade eder.-6,PARSIBEY  K Kulaklık takılacağını ifade eder.,6,57.0,1500.0,9.0,-1.7142857142857142,-1.6285714285714286,-1.4241071428571428,1.189795918367347,-3.0,-0.2901785714285714,7.0,0.2018132222603788,0.0510351502454399,1.0,0.0,0.4285714285714285,0.7142857142857143,0.0583333333333333,0.0,0.25,0.25,0.25,0.25,-1.5714285714285714,-0.6666666666666666,-1.6071428571428572,0.45,0.0694444444444444,0.0694444444444444,14.4,0,ANKARA,Kum,NORMAL
Ankara-2026-09-08-3,2026-09-08,2026-09-08 15:00:00,ULUALP-7,ULUALP,7,57.0,1500.0,9.0,0.6666666666666666,0.6666666666666666,0.6666666666666666,0.0933333333333333,0.4,0.0,19.0,0.5312093733737563,0.7204443239304575,0.0,0.0,0.1578947368421052,0.2631578947368421,0.025,0.0,0.25,0.25,0.25,0.25,0.5,0.6666666666666666,0.6666666666666666,0.45,0.5714285714285714,0.5714285714285714,1.75,1,ANKARA,Kum,NORMAL
Ankara-2026-09-08-3,2026-09-08,2026-09-08 15:00:00,BODRUM İNCİSİ-8,BODRUM İNCİSİ,8,51.0,1500.0,9.0,0.85,0.7208333333333334,0.7208333333333334,0.0784027777777777,1.0,0.1291666666666665,19.0,0.5312093733737563,0.7755640142690734,0.0,0.0,0.1578947368421052,0.2631578947368421,0.0333333333333333,0.0,0.25,0.25,0.25,0.25,0.9,0.85,0.5416666666666667,0.45,0.050251256281407,0.050251256281407,19.9,0,ANKARA,Kum,NORMAL
Ankara-2026-09-08-3,2026-09-08,2026-09-08 15:00:00,UÇANEDA-9,UÇANEDA,9,51.0,1500.0,9.0,-8.0,-8.0,-8.0,0.03,-8.0,0.0,109.0,0.999988521231873,0.0281534216770883,0.0,1.0,0.0275229357798165,0.0458715596330275,0.0083333333333333,0.0,0.25,0.25,0.25,0.25,0.0,0.0,0.0,0.45,0.0195121951219512,0.0195121951219512,51.25,0,ANKARA,Kum,NORMAL
Ankara-2026-09-08-4,2026-09-08,2026-09-08 15:30:00,SYRENA-1,SYRENA,1,60.0,1200.0,12.0,0.2724867724867725,0.4492063492063492,0.4596031746031747,0.3088183421516754,0.8888888888888888,-0.1871164021164021,8.0,0.2227001388253088,0.6941183983595335,0.0,0.0,0.375,0.625,0.0833333333333333,0.0,0.25,0.25,0.25,0.25,0.2657671957671957,0.2990211640211641,0.4821428571428571,0.45,0.18348623853211,0.18348623853211,5.45,0,ANKARA,Cim,NORMAL
Ankara-2026-09-08-4,2026-09-08,2026-09-08 15:30:00,SIEGREICH-2,SIEGREICH,2,60.0,1200.0,12.0,-0.7999999999999999,-0.2799999999999999,-1.505,1.1920000000000002,0.0,0.7050000000000002,19.0,0.5312093733737563,0.6102428960235743,0.0,0.0,0.1578947368421052,0.2631578947368421,0.075,0.0,0.25,0.25,0.25,0.25,-1.9690476190476192,-1.2834120425029516,-1.505,0.45,0.1298701298701298,0.1298701298701298,7.7,0,ANKARA,Cim,NORMAL
Ankara-2026-09-08-4,2026-09-08,2026-09-08 15:30:00,LALOCURA-3,LALOCURA,3,61.0,1200.0,12.0,-1.0666666666666669,-0.5866666666666667,-0.0133333333333332,2.347555555555555,-1.0,-1.0533333333333337,26.0,0.7310585786300049,0.5794492253509415,0.0,0.0,0.1153846153846153,0.1923076923076923,0.0416666666666666,0.0,0.25,0.25,0.25,0.25,0.0062271062271062,-0.3333333333333332,0.0166666666666667,0.45,0.124223602484472,0.124223602484472,8.05,0,ANKARA,Cim,NORMAL
Ankara-2026-09-08-4,2026-09-08,2026-09-08 15:30:00,SILLAGE-4,SILLAGE,4,58.0,1200.0,12.0,0.1484848484848484,-1.1109090909090908,-1.2997727272727273,5.4842314049586784,-1.0,1.4482575757575755,19.0,0.5312093733737563,0.5233164098038501,0.0,0.0,0.1578947368421052,0.2631578947368421,0.05,0.0,0.25,0.25,0.25,0.25,-1.93125,-0.7590909090909091,-0.6246753246753247,0.45,0.2777777777777778,0.2777777777777778,3.6,1,ANKARA,Cim,NORMAL
Ankara-2026-09-08-4,2026-09-08,2026-09-08 15:30:00,VIVIR MI VIDA  K Kulaklık takılacağını ifade eder.-5,VIVIR MI VIDA  K Kulaklık takılacağını ifade eder.,5,60.0,1200.0,12.0,-1.6666666666666667,-1.15,-0.7775000000000001,2.7375,-4.0,-0.8891666666666667,46.0,0.9706877692486436,0.235182513033743,0.0,0.0,0.0652173913043478,0.108695652173913,0.0166666666666666,0.0,0.25,0.25,0.25,0.25,-0.3163533834586466,-0.0173809523809523,-0.6,0.45,0.0451467268623024,0.0451467268623024,22.15,0,ANKARA,Cim,NORMAL
Ankara-2026-09-08-4,2026-09-08,2026-09-08 15:30:00,DİNAMİT KIZ-6,DİNAMİT KIZ,6,58.5,1200.0,12.0,0.1607744107744107,-0.2126262626262626,-1.0596464646464645,1.074764054688297,0.4545454545454546,1.2204208754208752,28.0,0.7772998611746911,0.6813302364855242,0.0,0.0,0.1071428571428571,0.1785714285714285,0.05,0.0,0.25,0.25,0.25,0.25,-0.0517340067340067,0.0092463092463092,-0.0884960718294051,0.45,0.1136363636363636,0.1136363636363636,8.8,0,ANKARA,Cim,NORMAL
Ankara-2026-09-08-4,2026-09-08,2026-09-08 15:30:00,SIMAZE-7,SIMAZE,7,61.5,1200.0,12.0,-1.4,-0.8876190476190476,-0.4171428571428571,3.5821950113378684,0.8,-0.982857142857143,14.0,0.3775406687981454,0.7307776117448589,0.0,0.0,0.2142857142857142,0.3571428571428571,0.0583333333333333,0.0,0.25,0.25,0.25,0.25,-0.5294152707196184,-1.5606150793650797,-0.9201336675020888,0.45,0.2061855670103093,0.2061855670103093,4.85,0,ANKARA,Cim,NORMAL
Ankara-2026-09-08-4,2026-09-08,2026-09-08 15:30:00,BOSKO-8,BOSKO,8,53.5,1200.0,12.0,-1.125,-1.175,-1.9208333333333327,1.403125,0.125,0.7958333333333332,111.0,0.9999910603036952,0.5902339102837799,0.0,1.0,0.027027027027027,0.045045045045045,0.0166666666666666,0.0,0.25,0.25,0.25,0.25,-2.0760073260073257,-2.0,0.0,0.45,0.0221238938053097,0.0221238938053097,45.2,0,ANKARA,Cim,NORMAL
Ankara-2026-09-08-4,2026-09-08,2026-09-08 15:30:00,JOYOUS GIRL  SKG-9,JOYOUS GIRL  SKG,9,56.0,1200.0,12.0,-2.308333333333333,-1.1466161616161616,-0.7717929292929293,10.798895635649425,-7.0,-1.5365404040404038,14.0,0.3775406687981454,0.0520829888582435,0.0,0.0,0.2142857142857142,0.3571428571428571,0.0583333333333333,0.0,0.25,0.25,0.25,0.25,-1.0237012987012988,-0.9426767676767678,-0.8624684343434343,0.45,0.0900900900900901,0.0900900900900901,11.1,0,ANKARA,Cim,NORMAL
Ankara-2026-09-08-4,2026-09-08,2026-09-08 15:30:00,SEA POWER-10,SEA POWER,10,58.0,1200.0,12.0,0.4631701631701632,0.2945687645687646,0.2552702505827505,0.1277057666498226,0.1818181818181817,0.2078999125874126,114.0,0.9999938558253978,0.6477679694464328,0.0,1.0,0.0263157894736842,0.043859649122807,0.0083333333333333,0.0,0.25,0.25,0.25,0.25,0.2917374292374292,0.2757770007770008,0.1875,0.45,0.1666666666666666,0.1666666666666666,6.0,0,ANKARA,Cim,NORMAL
Ankara-2026-09-08-4,2026-09-08,2026-09-08 15:30:00,LIBERTA MIA-11,LIBERTA MIA,11,52.0,1200.0,12.0,-4.333333333333333,-4.7,-2.380365223012282,10.45,-9.0,-1.9529681103210512,42.0,0.9525741268224334,0.0244316010005653,0.0,0.0,0.0714285714285714,0.119047619047619,0.0166666666666666,0.0,0.25,0.25,0.25,0.25,-4.042857142857143,-3.25,-3.0,0.45,0.0503778337531486,0.0503778337531486,19.85,0,ANKARA,Cim,NORMAL
Ankara-2026-09-08-4,2026-09-08,2026-09-08 15:30:00,BONITA-12,BONITA,12,52.0,1200.0,12.0,-4.023809523809524,-3.392857142857143,-3.392857142857143,19.59353741496599,-1.5,-0.6309523809523809,26.0,0.7310585786300049,0.4498804230948148,0.0,0.0,0.1153846153846153,0.1923076923076923,0.0166666666666666,0.0,0.25,0.25,0.25,0.25,-4.023809523809524,-1.0357142857142856,-1.0357142857142856,0.45,0.0243605359317905,0.0243605359317905,41.05,0,ANKARA,Cim,NORMAL
Ankara-2026-09-08-5,2026-09-08,2026-09-08 16:00:00,ÜNAL GÖZ-1,ÜNAL GÖZ,1,60.0,1400.0,12.0,0.3928571428571428,0.3107142857142857,0.3898809523809524,0.1010204081632653,0.0,0.0029761904761904,14.0,0.3775406687981454,0.6510844687090777,0.0,0.0,0.2142857142857142,0.3571428571428571,0.0416666666666666,0.0,0.25,0.25,0.25,0.25,0.3883928571428571,0.3035714285714286,0.3928571428571429,0.45,0.4444444444444444,0.4444444444444444,2.25,0,ANKARA,Cim,NORMAL
Ankara-2026-09-08-5,2026-09-08,2026-09-08 16:00:00,URFA BEYİ-2,URFA BEYİ,2,59.0,1400.0,12.0,-1.8333333333333333,-0.9095238095238096,-0.4814058956916099,5.659977324263038,-5.0,-1.3519274376417234,52.0,0.9859363729567544,0.1612723880931378,0.0,0.0,0.0576923076923076,0.0961538461538461,0.05,0.0,0.25,0.25,0.25,0.25,-0.9095238095238096,-0.6092592592592593,-0.4814058956916099,0.45,0.0956937799043062,0.0956937799043062,10.45,0,ANKARA,Cim,NORMAL
Ankara-2026-09-08-5,2026-09-08,2026-09-08 16:00:00,ATLAS HAN-3,ATLAS HAN,3,57.0,1400.0,12.0,-0.4821428571428571,-0.4821428571428571,-0.4821428571428571,1.7509566326530612,-2.0,0.0,10.0,0.2689414213699951,0.3943537742620243,0.0,0.0,0.3,0.5,0.0166666666666666,0.0,0.25,0.25,0.25,0.25,-0.9375,0.0,-0.9375,0.45,0.0583090379008746,0.0583090379008746,17.15,0,ANKARA,Cim,NORMAL
Ankara-2026-09-08-5,2026-09-08,2026-09-08 16:00:00,BAKTAVORLİ  SKG-4,BAKTAVORLİ  SKG,4,57.0,1400.0,12.0,-0.3129629629629629,-0.1097222222222222,-0.1097222222222222,0.3055632716049383,-0.8,-0.2032407407407407,14.0,0.3775406687981454,0.557365338385597,0.0,0.0,0.2142857142857142,0.3571428571428571,0.0333333333333333,0.0,0.25,0.25,0.25,0.25,-0.1097222222222222,-0.3444444444444444,-0.1097222222222222,0.45,0.0351493848857645,0.0351493848857645,28.45,0,ANKARA,Cim,NORMAL
Ankara-2026-09-08-5,2026-09-08,2026-09-08 16:00:00,BÜCÜRÜK AKTAŞ-5,BÜCÜRÜK AKTAŞ,5,57.0,1400.0,12.0,0.3349206349206349,0.0009523809523809,-0.0408730158730158,0.3619092970521542,0.5714285714285714,0.3757936507936508,14.0,0.3775406687981454,0.7142652535025571,0.0,0.0,0.2142857142857142,0.3571428571428571,0.0333333333333333,0.0,0.25,0.25,0.25,0.25,0.2511904761904762,0.4523809523809524,-0.0408730158730158,0.45,0.1104972375690607,0.1104972375690607,9.05,0,ANKARA,Cim,NORMAL
Ankara-2026-09-08-5,2026-09-08,2026-09-08 16:00:00,GÜNEY KAFKASYALI-6,GÜNEY KAFKASYALI,6,57.0,1400.0,12.0,-1.398148148148148,-0.638888888888889,-0.3551587301587302,7.440061728395062,-5.5,-1.042989417989418,14.0,0.3775406687981454,0.1053142492610259,0.0,0.0,0.2142857142857142,0.3571428571428571,0.0583333333333333,0.0,0.25,0.25,0.25,0.25,-0.3551587301587302,-0.3551587301587302,-1.04375,0.45,0.1612903225806451,0.1612903225806451,6.2,0,ANKARA,Cim,NORMAL
Ankara-2026-09-08-5,2026-09-08,2026-09-08 16:00:00,CABİREKIZIM-7,CABİREKIZIM,7,57.0,1400.0,12.0,0.3273809523809524,0.305,0.3375000000000001,0.1164005102040816,0.0,-0.0101190476190476,14.0,0.3775406687981454,0.6495684574634732,0.0,0.0,0.2142857142857142,0.3571428571428571,0.05,0.0,0.25,0.25,0.25,0.25,0.3375000000000001,0.3764285714285714,0.35,0.45,0.2857142857142857,0.2857142857142857,3.5,1,ANKARA,Cim,NORMAL
Ankara-2026-09-08-5,2026-09-08,2026-09-08 16:00:00,SEVGİNUR-8,SEVGİNUR,8,55.0,1400.0,12.0,0.375,-0.0416666666666666,0.1111111111111111,1.269097222222222,0.625,0.2638888888888889,12.0,0.320821300824607,0.707734163723624,0.0,0.0,0.25,0.4166666666666667,0.05,0.0,0.25,0.25,0.25,0.25,-0.0178571428571428,0.0,0.75,0.45,0.054054054054054,0.054054054054054,18.5,0,ANKARA,Cim,NORMAL
Ankara-2026-09-08-5,2026-09-08,2026-09-08 16:00:00,TORUN SADA-9,TORUN SADA,9,51.0,1400.0,12.0,-0.236111111111111,-1.1416666666666666,-1.3593750000000002,3.8295138888888896,0.6666666666666667,1.123263888888889,10.0,0.2689414213699951,0.7035552844876162,0.0,0.0,0.3,0.5,0.0666666666666666,0.0,0.25,0.25,0.25,0.25,-1.3593750000000002,0.0,0.3333333333333333,0.45,0.0418410041841004,0.0418410041841004,23.9,0,ANKARA,Cim,NORMAL
Ankara-2026-09-08-5,2026-09-08,2026-09-08 16:00:00,UYGURKIZI-10,UYGURKIZI,10,51.0,1400.0,12.0,-0.5,-0.32,-0.07437641723356,0.447,-1.0,-0.4256235827664399,12.0,0.320821300824607,0.5179684492949292,0.0,0.0,0.25,0.4166666666666667,0.05,0.0,0.25,0.25,0.25,0.25,-0.2296296296296296,0.0999999999999999,0.1611111111111111,0.45,0.0638977635782747,0.0638977635782747,15.65,0,ANKARA,Cim,NORMAL
Ankara-2026-09-08-5,2026-09-08,2026-09-08 16:00:00,YAYLA ÇİÇEĞİ-11,YAYLA ÇİÇEĞİ,11,55.0,1400.0,12.0,0.0059523809523809,0.0059523809523809,0.0059523809523809,0.2054634353741496,0.1428571428571429,0.0,114.0,0.9999938558253978,0.6364525402815664,0.0,1.0,0.0263157894736842,0.043859649122807,0.0083333333333333,0.0,0.25,0.25,0.25,0.25,0.1428571428571429,-0.1785714285714285,-0.5,0.45,0.1612903225806451,0.1612903225806451,6.2,0,ANKARA,Cim,NORMAL
Ankara-2026-09-08-5,2026-09-08,2026-09-08 16:00:00,ZEYTİN DİBİ  K Kulaklık takılacağını ifade eder. SKG-12,ZEYTİN DİBİ  K Kulaklık takılacağını ifade eder. SKG,12,52.0,1400.0,12.0,-1.2222222222222223,-0.9183333333333332,-0.6990740740740741,0.4708472222222221,-0.6666666666666667,-0.5231481481481483,14.0,0.3775406687981454,0.5672098052960646,0.0,0.0,0.2142857142857142,0.3571428571428571,0.0666666666666666,0.0,0.25,0.25,0.25,0.25,-0.9654761904761904,-0.9444444444444444,-0.5364583333333334,0.45,0.0847457627118644,0.0847457627118644,11.8,0,ANKARA,Cim,NORMAL
Ankara-2026-09-08-6,2026-09-08,2026-09-08 16:30:00,GÜRGÖKBEY-1,GÜRGÖKBEY,1,60.0,1400.0,8.0,0.5925925925925926,0.6588888888888889,0.5611111111111111,0.1586358024691357,0.0,0.0314814814814814,13.0,0.3486451353339457,0.6579920742096383,0.0,0.0,0.2307692307692307,0.3846153846153846,0.0666666666666666,0.0,0.25,0.25,0.25,0.25,-0.3486317603964664,0.3041590354090354,-0.3876796280642433,0.45,0.1438848920863309,0.1438848920863309,6.95,0,ANKARA,Cim,NORMAL
Ankara-2026-09-08-6,2026-09-08,2026-09-08 16:30:00,ATABEYLİ-2,ATABEYLİ,2,59.5,1400.0,8.0,-0.7333333333333334,-0.265,-0.6575,4.513625,1.0,-0.0758333333333334,12.0,0.320821300824607,0.720060535657935,0.0,0.0,0.25,0.4166666666666667,0.075,0.0,0.25,0.25,0.25,0.25,-0.7313095238095239,-0.1051398337112623,0.021743295019157,0.45,0.1025641025641025,0.1025641025641025,9.75,0,ANKARA,Cim,NORMAL
Ankara-2026-09-08-6,2026-09-08,2026-09-08 16:30:00,ERKŞAN  K Kulaklık takılacağını ifade eder.-3,ERKŞAN  K Kulaklık takılacağını ifade eder.,3,59.5,1400.0,8.0,-0.3333333333333333,-1.0444444444444445,-1.0622222222222222,6.287654320987654,-2.0,0.7288888888888889,12.0,0.320821300824607,0.3708501412250375,0.0,0.0,0.25,0.4166666666666667,0.0416666666666666,0.0,0.25,0.25,0.25,0.25,0.046485260770975,-0.2156249999999999,-0.3283068783068782,0.45,0.2247191011235955,0.2247191011235955,4.45,0,ANKARA,Cim,NORMAL
Ankara-2026-09-08-6,2026-09-08,2026-09-08 16:30:00,AKSU EFE-4,AKSU EFE,4,59.0,1400.0,8.0,0.6666666666666666,0.3,-0.0057142857142856,0.7,0.0,0.6723809523809523,13.0,0.3486451353339457,0.6609862358608479,0.0,0.0,0.2307692307692307,0.3846153846153846,0.05,0.0,0.25,0.25,0.25,0.25,0.097077922077922,0.3,0.3285714285714285,0.45,0.25,0.25,4.0,0,ANKARA,Cim,NORMAL
Ankara-2026-09-08-6,2026-09-08,2026-09-08 16:30:00,DENİZ KASIRGASI-5,DENİZ KASIRGASI,5,58.0,1400.0,8.0,0.9629629629629628,0.977777777777778,0.795138888888889,0.0024691358024691,1.0,0.1678240740740739,10.0,0.2689414213699951,0.7274859991992509,0.0,0.0,0.3,0.5,0.0833333333333333,0.0,0.25,0.25,0.25,0.25,0.2953373015873016,0.865079365079365,1.0,0.45,0.2898550724637681,0.2898550724637681,3.45,1,ANKARA,Cim,NORMAL
Ankara-2026-09-08-6,2026-09-08,2026-09-08 16:30:00,DORUKBATUR-6,DORUKBATUR,6,58.0,1400.0,8.0,-0.2444444444444445,-0.1466666666666667,-0.04,1.0075555555555555,0.6,-0.2044444444444444,13.0,0.3486451353339457,0.7246592868844522,0.0,0.0,0.2307692307692307,0.3846153846153846,0.05,0.0,0.25,0.25,0.25,0.25,0.3041666666666667,0.0545454545454545,0.125,0.45,0.3225806451612903,0.3225806451612903,3.1,0,ANKARA,Cim,NORMAL
Ankara-2026-09-08-6,2026-09-08,2026-09-08 16:30:00,SEMENDHAN  K Kulaklık takılacağını ifade eder. SKG-7,SEMENDHAN  K Kulaklık takılacağını ifade eder. SKG,7,58.0,1400.0,8.0,-1.7083333333333333,-1.185,-0.305,7.6023749999999986,-6.0,-1.403333333333333,13.0,0.3486451353339457,0.0868825194778523,0.0,0.0,0.2307692307692307,0.3846153846153846,0.075,0.0,0.25,0.25,0.25,0.25,-0.1601785714285714,-0.0445054945054944,0.2721428571428571,0.45,0.0468384074941451,0.0468384074941451,21.35,0,ANKARA,Cim,NORMAL
Ankara-2026-09-08-6,2026-09-08,2026-09-08 16:30:00,AYSERA KIZ-8,AYSERA KIZ,8,56.0,1400.0,8.0,0.4629629629629629,0.4888888888888888,0.2113675213675213,0.0824074074074074,0.1666666666666666,0.2515954415954415,13.0,0.3486451353339457,0.6764910214921023,0.0,0.0,0.2307692307692307,0.3846153846153846,0.0666666666666666,0.0,0.25,0.25,0.25,0.25,0.0946835571835571,-0.0496811830145163,0.0462962962962963,0.45,0.056338028169014,0.056338028169014,17.75,0,ANKARA,Cim,NORMAL
Ankara-2026-09-08-7,2026-09-08,2026-09-08 17:00:00,HEGEMONYA-1,HEGEMONYA,1,57.0,1600.0,6.0,1.0,1.0,1.0,0.03,1.0,0.0,17.0,0.4687906266262437,0.7698215614262927,0.0,0.0,0.1764705882352941,0.2941176470588235,0.0083333333333333,0.0,0.25,0.25,0.25,0.25,1.0,1.0,1.0,0.45,0.3333333333333333,0.3333333333333333,3.0,0,ANKARA,Cim,NORMAL
Ankara-2026-09-08-7,2026-09-08,2026-09-08 17:00:00,MY LITTLE BOY-2,MY LITTLE BOY,2,57.0,1600.0,6.0,-0.2777777777777777,0.2333333333333333,0.2809523809523809,0.5222222222222223,-0.3333333333333332,-0.5587301587301587,37.0,0.9149009549929796,0.6362127876615967,0.0,0.0,0.081081081081081,0.1351351351351351,0.0583333333333333,0.0,0.25,0.25,0.25,0.25,0.0,0.0416666666666666,0.4,0.45,0.087719298245614,0.087719298245614,11.4,0,ANKARA,Cim,NORMAL
Ankara-2026-09-08-7,2026-09-08,2026-09-08 17:00:00,ROYAL DYNASTY  K Kulaklık takılacağını ifade eder.-3,ROYAL DYNASTY  K Kulaklık takılacağını ifade eder.,3,57.0,1600.0,6.0,0.75,0.75,0.75,0.125,0.5,0.0,14.0,0.3775406687981454,0.7115118568709102,0.0,0.0,0.2142857142857142,0.3571428571428571,0.0166666666666666,0.0,0.25,0.25,0.25,0.25,0.5,0.75,0.75,0.45,0.1104972375690607,0.1104972375690607,9.05,0,ANKARA,Cim,NORMAL
Ankara-2026-09-08-7,2026-09-08,2026-09-08 17:00:00,SON OF DRAGON  K Kulaklık takılacağını ifade eder.-4,SON OF DRAGON  K Kulaklık takılacağını ifade eder.,4,57.0,1600.0,6.0,0.7444444444444445,0.7444444444444445,0.7444444444444445,0.0959259259259259,1.0,0.0,26.0,0.7310585786300049,0.7914761220790426,0.0,0.0,0.1153846153846153,0.1923076923076923,0.025,0.0,0.25,0.25,0.25,0.25,0.9166666666666669,0.7444444444444445,0.7444444444444445,0.45,0.1257861635220125,0.1257861635220125,7.95,0,ANKARA,Cim,NORMAL
Ankara-2026-09-08-7,2026-09-08,2026-09-08 17:00:00,VOOBAHR-5,VOOBAHR,5,57.0,1600.0,6.0,0.0,0.0,0.0,2.0,1.0,0.0,26.0,0.7310585786300049,0.7925742619365981,0.0,0.0,0.1153846153846153,0.1923076923076923,0.0166666666666666,0.0,0.25,0.25,0.25,0.25,1.0,0.0,0.0,0.45,0.5128205128205129,0.5128205128205129,1.95,1,ANKARA,Cim,NORMAL
Ankara-2026-09-08-7,2026-09-08,2026-09-08 17:00:00,YURIBOYKA-6,YURIBOYKA,6,57.0,1600.0,6.0,-1.6,-0.6199999999999999,-0.6199999999999999,4.152,-1.0,-0.98,10.0,0.2689414213699951,0.4920839948217847,0.0,0.0,0.3,0.5,0.0333333333333333,0.0,0.25,0.25,0.25,0.25,1.0,-1.0333333333333332,0.2249999999999999,0.45,0.2666666666666666,0.2666666666666666,3.75,0,ANKARA,Cim,NORMAL
Kocaeli-2026-09-08-1,2026-09-08,2026-09-08 17:15:00,LAKE EAGLE-1,LAKE EAGLE,1,59.0,1900.0,8.0,-2.0,-1.0,-1.875,6.5,1.0,-0.125,11.0,0.2942149721629887,0.7417812336139128,0.0,0.0,0.2727272727272727,0.4545454545454545,0.0583333333333333,0.0,0.25,0.25,0.25,0.25,-2.013888888888889,-1.4944444444444445,0.0,0.45,0.3389830508474576,0.3389830508474576,2.95,0,KOCAELI,Kum,NORMAL
Kocaeli-2026-09-08-1,2026-09-08,2026-09-08 17:15:00,BAHRİYELİ ÇİKOK-2,BAHRİYELİ ÇİKOK,2,61.0,1900.0,8.0,-0.5833333333333334,-0.025,0.0330357142857142,2.8625000000000003,0.25,-0.6163690476190476,8.0,0.2227001388253088,0.6126395391614619,0.0,0.0,0.375,0.625,0.075,0.0,0.25,0.25,0.25,0.25,-0.0208333333333333,0.0922619047619047,1.0,0.45,0.099009900990099,0.099009900990099,10.1,0,KOCAELI,Kum,NORMAL
Kocaeli-2026-09-08-1,2026-09-08,2026-09-08 17:15:00,HAMMERWICH-3,HAMMERWICH,3,57.5,1900.0,8.0,-2.703703703703704,-2.6222222222222222,-2.296111111111111,9.158024691358024,-5.0,-0.4075925925925925,7.0,0.2018132222603788,0.0195346096850834,1.0,0.0,0.4285714285714285,0.7142857142857143,0.0583333333333333,0.0,0.25,0.25,0.25,0.25,-1.407142857142857,-1.3588554720133663,-1.9342592592592596,0.45,0.0649350649350649,0.0649350649350649,15.4,0,KOCAELI,Kum,NORMAL
Kocaeli-2026-09-08-1,2026-09-08,2026-09-08 17:15:00,VENUS DOOM-4,VENUS DOOM,4,60.0,1900.0,8.0,0.4666666666666666,0.305,-0.3475,0.293875,0.8,0.8141666666666667,26.0,0.7310585786300049,0.7698616838073389,0.0,0.0,0.1153846153846153,0.1923076923076923,0.025,0.0,0.25,0.25,0.25,0.25,-0.0199999999999999,0.2892857142857143,0.5062500000000001,0.45,0.4347826086956522,0.4347826086956522,2.3,1,KOCAELI,Kum,NORMAL
Kocaeli-2026-09-08-1,2026-09-08,2026-09-08 17:15:00,KING MAHİR  K Kulaklık takılacağını ifade eder.-5,KING MAHİR  K Kulaklık takılacağını ifade eder.,5,58.0,1900.0,8.0,0.4722222222222222,0.4433333333333333,-0.8722222222222222,0.3327222222222221,-0.3333333333333332,1.3444444444444446,26.0,0.7310585786300049,0.6488976061049282,0.0,0.0,0.1153846153846153,0.1923076923076923,0.0583333333333333,0.0,0.25,0.25,0.25,0.25,0.4722222222222222,0.4033333333333333,0.4033333333333333,0.45,0.2105263157894736,0.2105263157894736,4.75,0,KOCAELI,Kum,NORMAL
Kocaeli-2026-09-08-1,2026-09-08,2026-09-08 17:15:00,LADY CLASSMAN-6,LADY CLASSMAN,6,56.0,1900.0,8.0,-0.5,-0.4,-0.47,0.9805555555555558,-2.0,-0.0299999999999999,14.0,0.3775406687981454,0.3894382341679377,0.0,0.0,0.2142857142857142,0.3571428571428571,0.0583333333333333,0.0,0.25,0.25,0.25,0.25,-0.5,-0.2579365079365079,-2.0,0.45,0.0980392156862745,0.0980392156862745,10.2,0,KOCAELI,Kum,NORMAL
Kocaeli-2026-09-08-1,2026-09-08,2026-09-08 17:15:00,YILMAKENAN-7,YILMAKENAN,7,57.0,1900.0,8.0,0.3373015873015872,0.3523809523809524,0.2420634920634921,0.1997307256235827,0.4285714285714286,0.0952380952380951,10.0,0.2689414213699951,0.6686321592530166,0.0,0.0,0.3,0.5,0.0666666666666666,0.0,0.25,0.25,0.25,0.25,-0.5008818342151676,-0.9670868347338936,0.3333333333333333,0.45,0.1219512195121951,0.1219512195121951,8.2,0,KOCAELI,Kum,NORMAL
Kocaeli-2026-09-08-1,2026-09-08,2026-09-08 17:15:00,REBEL MOON-8,REBEL MOON,8,53.0,1900.0,8.0,0.3194444444444445,-0.1369047619047618,-0.1566666666666666,1.2797264739229026,0.5,0.4761111111111111,7.0,0.2018132222603788,0.21353720520897,1.0,0.0,0.4285714285714285,0.7142857142857143,0.0333333333333333,0.0,0.25,0.25,0.25,0.25,-1.0555555555555556,-0.2486772486772486,0.0625,0.45,0.0680272108843537,0.0680272108843537,14.7,0,KOCAELI,Kum,NORMAL
Ankara-2026-09-08-8,2026-09-08,2026-09-08 17:30:00,HOOD RIVER-1,HOOD RIVER,1,63.0,1500.0,8.0,-1.6666666666666667,-1.5333333333333334,-1.2,1.422222222222222,0.0,-0.4666666666666668,60.0,0.9947798743064415,0.679178699175393,0.0,0.0,0.05,0.0833333333333333,0.025,0.0,0.25,0.25,0.25,0.25,-0.1416666666666666,-0.5277777777777778,-0.9102564102564104,0.45,0.0719424460431654,0.0719424460431654,13.9,0,ANKARA,Kum,NORMAL
Ankara-2026-09-08-8,2026-09-08,2026-09-08 17:30:00,BLACK PABLO-2,BLACK PABLO,2,61.0,1500.0,8.0,0.3999999999999999,0.4955555555555556,0.4477777777777779,0.1760246913580247,0.1999999999999999,-0.0477777777777779,55.0,0.990291523518526,0.6979543970094645,0.0,0.0,0.0545454545454545,0.0909090909090909,0.0333333333333333,0.0,0.25,0.25,0.25,0.25,0.6312865497076023,0.517929292929293,0.51875,0.45,0.3125,0.3125,3.2,0,ANKARA,Kum,NORMAL
Ankara-2026-09-08-8,2026-09-08,2026-09-08 17:30:00,ZAGROS RÜZGARI-3,ZAGROS RÜZGARI,3,60.5,1500.0,8.0,0.6759259259259259,0.5126984126984127,0.6096825396825397,0.1243181531872008,0.25,0.0662433862433862,12.0,0.320821300824607,0.6860392075530379,0.0,0.0,0.25,0.4166666666666667,0.0333333333333333,0.0,0.25,0.25,0.25,0.25,0.76010101010101,0.7569160997732427,0.6626984126984127,0.45,0.18348623853211,0.18348623853211,5.45,1,ANKARA,Kum,NORMAL
Ankara-2026-09-08-8,2026-09-08,2026-09-08 17:30:00,GÖRKEM KAPTAN-4,GÖRKEM KAPTAN,4,60.0,1500.0,8.0,0.7833333333333333,0.7533333333333334,0.7350000000000001,0.0229722222222222,0.75,0.0483333333333332,28.0,0.7772998611746911,0.7348334419183562,0.0,0.0,0.1071428571428571,0.1785714285714285,0.025,0.0,0.25,0.25,0.25,0.25,0.2777777777777778,0.1873333333333333,0.7833333333333333,0.45,0.4347826086956522,0.4347826086956522,2.3,0,ANKARA,Kum,NORMAL
Ankara-2026-09-08-8,2026-09-08,2026-09-08 17:30:00,GÜÇLÜ TÜRK-5,GÜÇLÜ TÜRK,5,60.0,1500.0,8.0,-0.8888888888888888,-0.8833333333333334,-0.1166666666666666,3.880555555555556,1.0,-0.7722222222222223,26.0,0.7310585786300049,0.7914761220790426,0.0,0.0,0.1153846153846153,0.1923076923076923,0.025,0.0,0.25,0.25,0.25,0.25,-0.0815426997245179,-0.0512626262626262,-0.6249999999999999,0.45,0.0778210116731517,0.0778210116731517,12.85,0,ANKARA,Kum,NORMAL
Ankara-2026-09-08-8,2026-09-08,2026-09-08 17:30:00,NIGHTFLYERS-6,NIGHTFLYERS,6,60.0,1500.0,8.0,0.8333333333333334,-0.3,-0.7849999999999999,4.45,0.5,1.6183333333333332,26.0,0.7310585786300049,0.7434248639629402,0.0,0.0,0.1153846153846153,0.1923076923076923,0.05,0.0,0.25,0.25,0.25,0.25,-0.303448275862069,-0.3452380952380952,-0.3499999999999999,0.45,0.2597402597402597,0.2597402597402597,3.85,0,ANKARA,Kum,NORMAL
Ankara-2026-09-08-8,2026-09-08,2026-09-08 17:30:00,TYWIN LANNISTER-7,TYWIN LANNISTER,7,60.0,1500.0,8.0,0.4166666666666667,-0.35,-0.625,1.55,-0.5,1.0416666666666667,40.0,0.9399133498259924,0.6212835951910678,0.0,0.0,0.075,0.125,0.0333333333333333,0.0,0.25,0.25,0.25,0.25,-0.1141666666666666,-0.3777777777777778,-0.125,0.45,0.125,0.125,0.0,0,ANKARA,Kum,NORMAL
Ankara-2026-09-08-8,2026-09-08,2026-09-08 17:30:00,BOSTON LIGHT-8,BOSTON LIGHT,8,58.0,1500.0,8.0,0.2666666666666666,0.4933333333333333,0.373030303030303,0.3168888888888889,-0.1999999999999999,-0.1063636363636363,22.0,0.6224593312018546,0.6473184235729984,0.0,0.0,0.1363636363636363,0.2272727272727272,0.025,0.0,0.25,0.25,0.25,0.25,0.278030303030303,0.0982323232323232,0.638888888888889,0.45,0.1015228426395939,0.1015228426395939,9.85,0,ANKARA,Kum,NORMAL
Kocaeli-2026-09-08-2,2026-09-08,2026-09-08 17:45:00,RAZENOID-1,RAZENOID,1,60.0,1200.0,8.0,-0.888888888888889,-0.3333333333333333,-0.3333333333333333,1.222222222222222,-0.6666666666666667,-0.5555555555555556,9.0,0.2450850131323717,0.5509338255637227,0.0,0.0,0.3333333333333333,0.5555555555555556,0.05,0.0,0.25,0.25,0.25,0.25,-0.2777777777777778,-0.25,-0.3333333333333333,0.45,0.145985401459854,0.145985401459854,6.85,0,KOCAELI,Kum,NORMAL
Kocaeli-2026-09-08-2,2026-09-08,2026-09-08 17:45:00,FORTISSIMO-2,FORTISSIMO,2,59.0,1200.0,8.0,0.8,0.8,0.8,0.08,1.0,0.0,28.0,0.7772998611746911,0.7803348956975494,0.0,0.0,0.1071428571428571,0.1785714285714285,0.0166666666666666,0.0,0.25,0.25,0.25,0.25,0.8,1.0,1.0,0.45,0.8,0.8,1.25,1,KOCAELI,Kum,NORMAL
Kocaeli-2026-09-08-2,2026-09-08,2026-09-08 17:45:00,TEMERARIO-3,TEMERARIO,3,56.0,1200.0,8.0,0.5462962962962963,0.5420634920634921,0.1153174603174602,0.0224048878810783,0.3333333333333333,0.430978835978836,42.0,0.9525741268224334,0.719003459124329,0.0,0.0,0.0714285714285714,0.119047619047619,0.0666666666666666,0.0,0.25,0.25,0.25,0.25,0.1153174603174602,0.1153174603174602,0.5565476190476191,0.45,0.0881057268722467,0.0881057268722467,11.35,0,KOCAELI,Kum,NORMAL
Kocaeli-2026-09-08-2,2026-09-08,2026-09-08 17:45:00,AURELIA BLITZ-4,AURELIA BLITZ,4,55.0,1200.0,8.0,0.4444444444444445,0.369047619047619,0.369047619047619,0.1955782312925169,1.0,0.0753968253968254,14.0,0.3775406687981454,0.7688634567270821,0.0,0.0,0.2142857142857142,0.3571428571428571,0.0333333333333333,0.0,0.25,0.25,0.25,0.25,0.369047619047619,0.4444444444444445,0.4444444444444445,0.45,0.1574803149606299,0.1574803149606299,6.35,0,KOCAELI,Kum,NORMAL
Kocaeli-2026-09-08-2,2026-09-08,2026-09-08 17:45:00,DRAGON FURIOUS-5,DRAGON FURIOUS,5,54.0,1200.0,8.0,-0.4523809523809524,-0.3809523809523809,-0.3809523809523809,0.2392290249433106,0.1428571428571429,-0.0714285714285714,7.0,0.2018132222603788,0.1952220815423174,1.0,0.0,0.4285714285714285,0.7142857142857143,0.025,0.0,0.25,0.25,0.25,0.25,-0.5555555555555556,-0.3809523809523809,-0.3809523809523809,0.45,0.0558659217877095,0.0558659217877095,17.9,0,KOCAELI,Kum,NORMAL
Kocaeli-2026-09-08-2,2026-09-08,2026-09-08 17:45:00,KOCA ÖMER-6,KOCA ÖMER,6,56.0,1200.0,8.0,-1.3333333333333333,-0.7571428571428571,-0.7571428571428571,3.4734693877551024,0.0,-0.5761904761904761,12.0,0.320821300824607,0.6283161882953663,0.0,0.0,0.25,0.4166666666666667,0.0416666666666666,0.0,0.25,0.25,0.25,0.25,-0.9464285714285714,-0.7571428571428571,-0.7571428571428571,0.45,0.0547945205479452,0.0547945205479452,18.25,0,KOCAELI,Kum,NORMAL
Kocaeli-2026-09-08-2,2026-09-08,2026-09-08 17:45:00,TORANAGA  K Kulaklık takılacağını ifade eder.-7,TORANAGA  K Kulaklık takılacağını ifade eder.,7,54.0,1200.0,8.0,0.45,0.45,0.45,0.03,0.45,0.0,30.0,0.8175744761936437,0.7499476922271856,0.0,0.0,0.1,0.1666666666666666,0.0,0.0,0.25,0.25,0.25,0.25,0.45,0.45,0.45,0.45,0.0869565217391304,0.0869565217391304,11.5,0,KOCAELI,Kum,NORMAL
Kocaeli-2026-09-08-2,2026-09-08,2026-09-08 17:45:00,NEBULA STAR-8,NEBULA STAR,8,52.0,1200.0,8.0,0.3333333333333333,-1.6,-1.3666666666666665,17.220000000000002,0.0,1.6999999999999995,14.0,0.3775406687981454,0.6656490586132757,0.0,0.0,0.2142857142857142,0.3571428571428571,0.05,0.0,0.25,0.25,0.25,0.25,-1.3666666666666665,-1.6799999999999995,-1.6799999999999995,0.45,0.05,0.05,20.0,0,KOCAELI,Kum,NORMAL
Ankara-2026-09-08-9,2026-09-08,2026-09-08 18:00:00,ARKANBERK-1,ARKANBERK,1,59.0,1400.0,13.0,-1.777777777777778,-1.2666666666666668,-1.1423611111111112,0.8555555555555556,-2.0,-0.6354166666666667,11.0,0.2942149721629887,0.3861440551141304,0.0,0.0,0.2727272727272727,0.4545454545454545,0.0583333333333333,0.0,0.25,0.25,0.25,0.25,-1.0972222222222223,-1.3148148148148149,-0.8009259259259259,0.45,0.2222222222222222,0.2222222222222222,4.5,0,ANKARA,Cim,NORMAL
Ankara-2026-09-08-9,2026-09-08,2026-09-08 18:00:00,ATAERİ-2,ATAERİ,2,57.0,1400.0,13.0,-1.236111111111111,-0.775,-0.6964285714285714,5.740972222222221,0.875,-0.5396825396825395,10.0,0.2689414213699951,0.7287821302552907,0.0,0.0,0.3,0.5,0.0416666666666666,0.0,0.25,0.25,0.25,0.25,-0.775,-1.7222222222222223,-0.8416666666666666,0.45,0.0881057268722467,0.0881057268722467,11.35,0,ANKARA,Cim,NORMAL
Ankara-2026-09-08-9,2026-09-08,2026-09-08 18:00:00,ATEŞİZİ-3,ATEŞİZİ,3,57.0,1400.0,13.0,0.5198412698412699,0.1785714285714285,-0.2006493506493506,0.3280895691609978,0.6666666666666667,0.7204906204906205,10.0,0.2689414213699951,0.7035552844876162,0.0,0.0,0.3,0.5,0.0666666666666666,0.0,0.25,0.25,0.25,0.25,-0.2793019480519481,-1.5555555555555556,0.3333333333333333,0.45,0.074074074074074,0.074074074074074,13.5,0,ANKARA,Cim,NORMAL
Ankara-2026-09-08-9,2026-09-08,2026-09-08 18:00:00,BÜYÜK PEHLİVAN-4,BÜYÜK PEHLİVAN,4,57.0,1400.0,13.0,0.5,0.5,0.5,0.0277777777777777,0.3333333333333333,0.0,14.0,0.3775406687981454,0.6907887849031324,0.0,0.0,0.2142857142857142,0.3571428571428571,0.025,0.0,0.25,0.25,0.25,0.25,0.5,0.5,0.5,0.45,0.4347826086956522,0.4347826086956522,2.3,0,ANKARA,Cim,NORMAL
Ankara-2026-09-08-9,2026-09-08,2026-09-08 18:00:00,ÇÖL KASIRGASI-5,ÇÖL KASIRGASI,5,57.0,1400.0,13.0,0.0,-0.3333333333333334,-0.2777777777777778,0.4027777777777778,0.6666666666666667,0.2777777777777778,17.0,0.4687906266262437,0.7445596253433002,0.0,0.0,0.1764705882352941,0.2941176470588235,0.05,0.0,0.25,0.25,0.25,0.25,-0.2777777777777778,-0.3333333333333333,-0.2916666666666667,0.45,0.2409638554216867,0.2409638554216867,4.15,1,ANKARA,Cim,NORMAL
Ankara-2026-09-08-9,2026-09-08,2026-09-08 18:00:00,KOYUNEVİ ASLANI  SKG-6,KOYUNEVİ ASLANI  SKG,6,57.0,1400.0,13.0,-0.0833333333333332,-0.0833333333333332,-0.0833333333333332,0.03,-0.0833333333333332,0.0,131.0,0.9999992661790194,0.586800475754298,0.0,1.0,0.0229007633587786,0.0381679389312977,0.0,0.0,0.25,0.25,0.25,0.25,0.0,-0.0833333333333332,-0.0833333333333332,0.45,0.0355871886120996,0.0355871886120996,28.1,0,ANKARA,Cim,NORMAL
Ankara-2026-09-08-9,2026-09-08,2026-09-08 18:00:00,SEVERBEY-7,SEVERBEY,7,57.0,1400.0,13.0,-2.6794871794871797,-2.1596153846153845,-2.1596153846153845,15.389087771203158,0.4615384615384615,-0.5198717948717948,14.0,0.3775406687981454,0.702920792843621,0.0,0.0,0.2142857142857142,0.3571428571428571,0.0333333333333333,0.0,0.25,0.25,0.25,0.25,-2.1596153846153845,-2.7128205128205125,-2.1596153846153845,0.45,0.1941747572815534,0.1941747572815534,5.15,0,ANKARA,Cim,NORMAL
Ankara-2026-09-08-9,2026-09-08,2026-09-08 18:00:00,GÜNEŞMİLA-8,GÜNEŞMİLA,8,60.0,1400.0,13.0,-0.1476190476190476,0.1364285714285714,-0.0001190476190475,1.4899387755102045,0.7,-0.1475,14.0,0.3775406687981454,0.7191958356371877,0.0,0.0,0.2142857142857142,0.3571428571428571,0.0833333333333333,0.0,0.25,0.25,0.25,0.25,0.1232142857142856,-0.0215986394557823,0.2248677248677248,0.45,0.1941747572815534,0.1941747572815534,5.15,0,ANKARA,Cim,NORMAL
Ankara-2026-09-08-9,2026-09-08,2026-09-08 18:00:00,AKÇALIKIZ-9,AKÇALIKIZ,9,55.0,1400.0,13.0,-0.0423280423280423,-0.2587301587301587,-0.2587301587301587,0.6376165280927185,0.4444444444444444,0.2164021164021163,19.0,0.5312093733737563,0.7301838509740171,0.0,0.0,0.1578947368421052,0.2631578947368421,0.0333333333333333,0.0,0.25,0.25,0.25,0.25,0.0515873015873016,0.1666666666666666,-0.0793650793650793,0.45,0.0425531914893617,0.0425531914893617,23.5,0,ANKARA,Cim,NORMAL
Ankara-2026-09-08-9,2026-09-08,2026-09-08 18:00:00,ARKAZGÜLÜ  SKG-10,ARKAZGÜLÜ  SKG,10,51.0,1400.0,13.0,-0.8293650793650794,-0.4809523809523809,-0.3055555555555555,0.8644132653061223,-1.25,-0.523809523809524,14.0,0.3775406687981454,0.4997023809875306,0.0,0.0,0.2142857142857142,0.3571428571428571,0.0416666666666666,0.0,0.25,0.25,0.25,0.25,-0.4166666666666666,-0.5595238095238095,-0.3055555555555555,0.45,0.1941747572815534,0.1941747572815534,5.15,0,ANKARA,Cim,NORMAL
Ankara-2026-09-08-9,2026-09-08,2026-09-08 18:00:00,BAHAR ATEŞİ-11,BAHAR ATEŞİ,11,55.0,1400.0,13.0,-2.4285714285714284,-2.4285714285714284,-2.4285714285714284,13.224489795918366,0.1428571428571429,0.0,10.0,0.2689414213699951,0.6567958137213972,0.0,0.0,0.3,0.5,0.0083333333333333,0.0,0.25,0.25,0.25,0.25,0.1428571428571429,0.0,0.1428571428571429,0.45,0.0271370420624151,0.0271370420624151,36.85,0,ANKARA,Cim,NORMAL
Ankara-2026-09-08-9,2026-09-08,2026-09-08 18:00:00,KATI CANAN-12,KATI CANAN,12,55.0,1400.0,13.0,-4.0,-4.0,-4.0,0.03,-4.0,0.0,59.0,0.9940889311437562,0.2418612837400439,0.0,0.0,0.0508474576271186,0.0847457627118644,0.0083333333333333,0.0,0.25,0.25,0.25,0.25,-4.0,-4.0,-4.0,0.45,0.0495049504950495,0.0495049504950495,20.2,0,ANKARA,Cim,NORMAL
Ankara-2026-09-08-9,2026-09-08,2026-09-08 18:00:00,MERCAN ANA-13,MERCAN ANA,13,55.0,1400.0,13.0,-1.4,-1.4,-1.4,0.72,-2.0,0.0,28.0,0.7772998611746911,0.4451031492795278,0.0,0.0,0.1071428571428571,0.1785714285714285,0.0166666666666666,0.0,0.25,0.25,0.25,0.25,-1.4,-0.8,-1.4,0.45,0.0301659125188536,0.0301659125188536,33.15,0,ANKARA,Cim,NORMAL
Kocaeli-2026-09-08-3,2026-09-08,2026-09-08 18:30:00,CORSARO-1,CORSARO,1,60.0,1900.0,8.0,1.0,0.85,0.025,0.1125,1.0,0.975,22.0,0.6224593312018546,0.7859369643804279,0.0,0.0,0.1363636363636363,0.2272727272727272,0.0333333333333333,0.0,0.25,0.25,0.25,0.25,0.0714285714285714,0.1116666666666666,-0.5,0.45,0.3846153846153846,0.3846153846153846,2.6,1,KOCAELI,Kum,NORMAL
Kocaeli-2026-09-08-3,2026-09-08,2026-09-08 18:30:00,MR MONK-2,MR MONK,2,60.0,1900.0,8.0,0.8333333333333334,0.3399999999999999,-0.43,0.6779999999999999,0.5,1.2633333333333334,10.0,0.2689414213699951,0.6879819909924514,0.0,0.0,0.3,0.5,0.0333333333333333,0.0,0.25,0.25,0.25,0.25,-0.2147619047619047,-0.0604166666666666,0.0,0.45,0.3333333333333333,0.3333333333333333,3.0,0,KOCAELI,Kum,NORMAL
Kocaeli-2026-09-08-3,2026-09-08,2026-09-08 18:30:00,TIZONA-3,TIZONA,3,60.0,1900.0,8.0,0.6111111111111112,0.4523809523809524,0.458095238095238,0.213718820861678,1.0,0.1530158730158731,19.0,0.5312093733737563,0.7732961484372675,0.0,0.0,0.1578947368421052,0.2631578947368421,0.0583333333333333,0.0,0.25,0.25,0.25,0.25,0.5611414141414142,0.3916621572871573,0.5685734900020615,0.45,0.1298701298701298,0.1298701298701298,7.7,0,KOCAELI,Kum,NORMAL
Kocaeli-2026-09-08-3,2026-09-08,2026-09-08 18:30:00,AYBAR FIRTINASI-4,AYBAR FIRTINASI,4,57.0,1900.0,8.0,0.5777777777777778,-1.853333333333333,-1.7023076923076923,11.27422222222222,0.3333333333333333,2.2800854700854702,15.0,0.4073334000459302,0.6929686898474069,0.0,0.0,0.2,0.3333333333333333,0.0583333333333333,0.0,0.25,0.25,0.25,0.25,-1.049267399267399,-0.7682051282051281,0.2,0.45,0.0609756097560975,0.0609756097560975,16.4,0,KOCAELI,Kum,NORMAL
Kocaeli-2026-09-08-3,2026-09-08,2026-09-08 18:30:00,RÜZGAR UĞUR-5,RÜZGAR UĞUR,5,57.0,1900.0,8.0,-1.4,-0.8400000000000001,-1.3133333333333332,2.653,-2.0,-0.0866666666666668,12.0,0.320821300824607,0.3756048845211422,0.0,0.0,0.25,0.4166666666666667,0.075,0.0,0.25,0.25,0.25,0.25,-0.7203125,-0.8789855072463767,-0.3145833333333333,0.45,0.1694915254237288,0.1694915254237288,5.9,0,KOCAELI,Kum,NORMAL
Kocaeli-2026-09-08-3,2026-09-08,2026-09-08 18:30:00,AĞUSTOS AHMET  K Kulaklık takılacağını ifade eder.-6,AĞUSTOS AHMET  K Kulaklık takılacağını ifade eder.,6,55.0,1900.0,8.0,0.4916666666666667,0.2283333333333333,0.452445054945055,0.2440138888888889,0.875,0.0392216117216116,12.0,0.320821300824607,0.7276213745469637,0.0,0.0,0.25,0.4166666666666667,0.0083333333333333,0.0,0.25,0.25,0.25,0.25,0.5313962132143951,0.2412683934423065,0.5622134038800706,0.45,0.2777777777777778,0.2777777777777778,3.6,0,KOCAELI,Kum,NORMAL
Kocaeli-2026-09-08-3,2026-09-08,2026-09-08 18:30:00,ÇAVDARLI-7,ÇAVDARLI,7,56.0,1900.0,8.0,-0.9166666666666666,-0.85,-1.0264285714285717,0.3625,-1.5,0.1097619047619048,12.0,0.320821300824607,0.4407187367612711,0.0,0.0,0.25,0.4166666666666667,0.05,0.0,0.25,0.25,0.25,0.25,-0.8064360119047618,-0.7565433975008443,-0.7956349206349207,0.45,0.2777777777777778,0.2777777777777778,3.6,0,KOCAELI,Kum,NORMAL
Kocaeli-2026-09-08-3,2026-09-08,2026-09-08 18:30:00,STASERA  K Kulaklık takılacağını ifade eder.-8,STASERA  K Kulaklık takılacağını ifade eder.,8,56.0,1900.0,8.0,-2.1666666666666665,-1.25,-0.4778571428571428,2.6875,-3.0,-1.6888095238095238,10.0,0.2689414213699951,0.2717098193695259,0.0,0.0,0.3,0.5,0.0666666666666666,0.0,0.25,0.25,0.25,0.25,-0.661547619047619,-0.099454365079365,0.2375,0.45,0.0806451612903225,0.0806451612903225,12.4,0,KOCAELI,Kum,NORMAL
Kocaeli-2026-09-08-4,2026-09-08,2026-09-08 19:00:00,ALL THE STARS-1,ALL THE STARS,1,57.0,1400.0,10.0,0.5191798941798942,0.4615079365079365,0.0512566137566137,0.1505133534895439,0.875,0.4679232804232804,14.0,0.3775406687981454,0.7416654580495942,0.0,0.0,0.2142857142857142,0.3571428571428571,0.05,0.0,0.25,0.25,0.25,0.25,0.4615079365079365,0.0512566137566137,0.875,0.45,0.3703703703703703,0.3703703703703703,2.7,0,KOCAELI,Kum,NORMAL
Kocaeli-2026-09-08-4,2026-09-08,2026-09-08 19:00:00,ÇİKOK POWER-2,ÇİKOK POWER,2,53.0,1400.0,10.0,0.45,0.45,0.45,0.03,0.45,0.0,30.0,0.8175744761936437,0.7499476922271856,0.0,0.0,0.1,0.1666666666666666,0.0,0.0,0.25,0.25,0.25,0.25,0.45,0.45,0.45,0.45,0.0222222222222222,0.0222222222222222,45.0,0,KOCAELI,Kum,NORMAL
Kocaeli-2026-09-08-4,2026-09-08,2026-09-08 19:00:00,MAGIC SURPRISE  K Kulaklık takılacağını ifade eder.-3,MAGIC SURPRISE  K Kulaklık takılacağını ifade eder.,3,57.0,1400.0,10.0,-1.5,-1.125,-1.125,6.729166666666667,0.5,-0.375,14.0,0.3775406687981454,0.7069208897402712,0.0,0.0,0.2142857142857142,0.3571428571428571,0.0333333333333333,0.0,0.25,0.25,0.25,0.25,-1.5,0.1666666666666666,0.25,0.45,0.150375939849624,0.150375939849624,6.65,0,KOCAELI,Kum,NORMAL
Kocaeli-2026-09-08-4,2026-09-08,2026-09-08 19:00:00,MULHOLLAND DRIVE-4,MULHOLLAND DRIVE,4,57.0,1400.0,10.0,-1.5,-1.5,-1.5,0.03,-1.5,0.0,98.0,0.9999546021312976,0.4336754824613102,0.0,1.0,0.0306122448979591,0.0510204081632653,0.0083333333333333,0.0,0.25,0.25,0.25,0.25,-1.5,0.0,0.0,0.45,0.2597402597402597,0.2597402597402597,3.85,1,KOCAELI,Kum,NORMAL
Kocaeli-2026-09-08-4,2026-09-08,2026-09-08 19:00:00,NOBIL BIGTIME-5,NOBIL BIGTIME,5,57.0,1400.0,10.0,-1.5,-1.5,-1.5,0.5,-1.0,0.0,14.0,0.3775406687981454,0.5358905473591513,0.0,0.0,0.2142857142857142,0.3571428571428571,0.0166666666666666,0.0,0.25,0.25,0.25,0.25,-1.5,-1.5,-1.5,0.45,0.1680672268907563,0.1680672268907563,5.95,0,KOCAELI,Kum,NORMAL
Kocaeli-2026-09-08-4,2026-09-08,2026-09-08 19:00:00,PILLOW DANCE  K Kulaklık takılacağını ifade eder.-6,PILLOW DANCE  K Kulaklık takılacağını ifade eder.,6,57.0,1400.0,10.0,0.5714285714285714,0.5714285714285714,0.5714285714285714,0.03,0.5714285714285714,0.0,18.0,0.5,0.7373464930850371,0.0,0.0,0.1666666666666666,0.2777777777777778,0.0083333333333333,0.0,0.25,0.25,0.25,0.25,0.5714285714285714,0.0,0.0,0.45,0.2531645569620253,0.2531645569620253,3.95,0,KOCAELI,Kum,NORMAL
Kocaeli-2026-09-08-4,2026-09-08,2026-09-08 19:00:00,SHADEFALL-7,SHADEFALL,7,57.0,1400.0,10.0,0.4166666666666667,0.4166666666666667,0.4166666666666667,0.0138888888888888,0.3333333333333333,0.0,14.0,0.3775406687981454,0.6922109683218491,0.0,0.0,0.2142857142857142,0.3571428571428571,0.0166666666666666,0.0,0.25,0.25,0.25,0.25,0.3333333333333333,0.4166666666666667,0.4166666666666667,0.45,0.0757575757575757,0.0757575757575757,13.2,0,KOCAELI,Kum,NORMAL
Kocaeli-2026-09-08-4,2026-09-08,2026-09-08 19:00:00,SNOWDRIFT-8,SNOWDRIFT,8,57.0,1400.0,10.0,-2.4166666666666665,-2.4166666666666665,-2.4166666666666665,5.770833333333333,-0.25,0.0,14.0,0.3775406687981454,0.6253086757033286,0.0,0.0,0.2142857142857142,0.3571428571428571,0.025,0.0,0.25,0.25,0.25,0.25,-2.4166666666666665,-2.625,-2.625,0.45,0.053763440860215,0.053763440860215,18.6,0,KOCAELI,Kum,NORMAL
Kocaeli-2026-09-08-4,2026-09-08,2026-09-08 19:00:00,STEEL HUNTER-9,STEEL HUNTER,9,57.0,1400.0,10.0,-0.3999999999999999,-0.3999999999999999,-0.3999999999999999,0.03,-0.3999999999999999,0.0,14.0,0.3775406687981454,0.6107524465347767,0.0,0.0,0.2142857142857142,0.3571428571428571,0.0083333333333333,0.0,0.25,0.25,0.25,0.25,-0.3999999999999999,-0.3999999999999999,-0.3999999999999999,0.45,0.0346020761245674,0.0346020761245674,28.9,0,KOCAELI,Kum,NORMAL
Kocaeli-2026-09-08-4,2026-09-08,2026-09-08 19:00:00,TERRAFERMA-10,TERRAFERMA,10,57.0,1400.0,10.0,0.0,0.0,0.0,0.03,0.0,0.0,16.0,0.4378234991142019,0.6647210845082577,0.0,0.0,0.1875,0.3125,0.0083333333333333,0.0,0.25,0.25,0.25,0.25,0.0,0.0,0.0,0.45,0.0477326968973747,0.0477326968973747,20.95,0,KOCAELI,Kum,NORMAL
Kocaeli-2026-09-08-5,2026-09-08,2026-09-08 19:30:00,MISS CALIFORNIA-1,MISS CALIFORNIA,1,58.0,1400.0,13.0,0.2374338624338624,0.5224603174603175,0.2899470899470899,0.1696850277147896,0.4444444444444444,-0.0525132275132274,19.0,0.5312093733737563,0.7288684012458164,0.0,0.0,0.1578947368421052,0.2631578947368421,0.0416666666666666,0.0,0.25,0.25,0.25,0.25,0.061111111111111,0.5299319727891156,0.5812169312169312,0.45,0.0413223140495867,0.0413223140495867,24.2,0,KOCAELI,Kum,NORMAL
Kocaeli-2026-09-08-5,2026-09-08,2026-09-08 19:30:00,KAYLA MARLA  K Kulaklık takılacağını ifade eder.-2,KAYLA MARLA  K Kulaklık takılacağını ifade eder.,2,60.0,1400.0,13.0,-0.2,-0.1342857142857142,-0.2226984126984126,1.375877551020408,-2.0,0.0226984126984126,14.0,0.3775406687981454,0.4195156755616873,0.0,0.0,0.2142857142857142,0.3571428571428571,0.0666666666666666,0.0,0.25,0.25,0.25,0.25,-0.6194444444444445,-0.3403439153439153,0.0858906525573192,0.45,0.08130081300813,0.08130081300813,12.3,0,KOCAELI,Kum,NORMAL
Kocaeli-2026-09-08-5,2026-09-08,2026-09-08 19:30:00,ERULİNA  SKG-3,ERULİNA  SKG,3,58.0,1400.0,13.0,-1.7142857142857142,-0.7285714285714285,-0.1676190476190475,8.80140306122449,-6.0,-1.5466666666666666,16.0,0.4378234991142019,0.0922432263597134,0.0,0.0,0.1875,0.3125,0.0166666666666666,0.0,0.25,0.25,0.25,0.25,0.0236263736263736,0.4875,0.7444444444444445,0.45,0.1612903225806451,0.1612903225806451,6.2,0,KOCAELI,Kum,NORMAL
Kocaeli-2026-09-08-5,2026-09-08,2026-09-08 19:30:00,KINOWA GIRL-4,KINOWA GIRL,4,58.0,1400.0,13.0,-2.2777777777777777,-2.046666666666667,-1.6733333333333331,8.110888888888889,-6.0,-0.6044444444444443,14.0,0.3775406687981454,0.0912808354780453,0.0,0.0,0.2142857142857142,0.3571428571428571,0.0333333333333333,0.0,0.25,0.25,0.25,0.25,-1.6137254901960782,-1.6137254901960782,-2.708333333333333,0.45,0.0352733686067019,0.0352733686067019,28.35,0,KOCAELI,Kum,NORMAL
Kocaeli-2026-09-08-5,2026-09-08,2026-09-08 19:30:00,SHENRON-5,SHENRON,5,58.0,1400.0,13.0,0.7412698412698413,0.5903501400560224,0.5389124437653849,0.0479410891807703,0.6666666666666667,0.2023573975044563,14.0,0.3775406687981454,0.7340440008749307,0.0,0.0,0.2142857142857142,0.3571428571428571,0.0583333333333333,0.0,0.25,0.25,0.25,0.25,0.3960403459629466,0.5176627384960718,0.6121617965367966,0.45,0.1941747572815534,0.1941747572815534,5.15,1,KOCAELI,Kum,NORMAL
Kocaeli-2026-09-08-5,2026-09-08,2026-09-08 19:30:00,ŞEKERKIZ-6,ŞEKERKIZ,6,58.0,1400.0,13.0,-1.3333333333333333,-0.9333333333333332,-0.7208333333333333,3.0222222222222217,0.0,-0.6124999999999999,11.0,0.2942149721629887,0.5885268516103457,0.0,0.0,0.2727272727272727,0.4545454545454545,0.0583333333333333,0.0,0.25,0.25,0.25,0.25,-0.3378787878787878,-0.6698717948717948,-1.4166666666666663,0.45,0.0497512437810945,0.0497512437810945,20.1,0,KOCAELI,Kum,NORMAL
Kocaeli-2026-09-08-5,2026-09-08,2026-09-08 19:30:00,BARBOOM-7,BARBOOM,7,56.0,1400.0,13.0,0.1,0.0963636363636363,0.1981818181818181,0.0691570247933884,0.5,-0.0981818181818181,17.0,0.4687906266262437,0.679135973165853,0.0,0.0,0.1764705882352941,0.2941176470588235,0.0333333333333333,0.0,0.25,0.25,0.25,0.25,0.1852272727272727,0.5,0.0,0.45,0.5882352941176471,0.5882352941176471,1.7,0,KOCAELI,Kum,NORMAL
Kocaeli-2026-09-08-5,2026-09-08,2026-09-08 19:30:00,MUCİZE SERENAY-8,MUCİZE SERENAY,8,55.0,1400.0,13.0,-0.1071428571428571,-0.1071428571428571,-0.1071428571428571,0.3086734693877551,-0.5,0.0,21.0,0.5926665999540697,0.6287053299097083,0.0,0.0,0.1428571428571428,0.238095238095238,0.0083333333333333,0.0,0.25,0.25,0.25,0.25,-0.1071428571428571,-0.1071428571428571,-0.5,0.45,0.0214362272240085,0.0214362272240085,46.65,0,KOCAELI,Kum,NORMAL
Kocaeli-2026-09-08-5,2026-09-08,2026-09-08 19:30:00,QUİEREME-9,QUİEREME,9,58.0,1400.0,13.0,0.2202380952380952,0.213095238095238,-1.0517857142857143,0.0873795351473923,0.0,1.2720238095238097,21.0,0.5926665999540697,0.6806295939638525,0.0,0.0,0.1428571428571428,0.238095238095238,0.0333333333333333,0.0,0.25,0.25,0.25,0.25,-0.7799886621315194,-0.8207251082251082,0.0160714285714285,0.45,0.0149700598802395,0.0149700598802395,66.8,0,KOCAELI,Kum,NORMAL
Kocaeli-2026-09-08-5,2026-09-08,2026-09-08 19:30:00,SELLYGIRL-10,SELLYGIRL,10,58.0,1400.0,13.0,0.3555555555555555,0.3555555555555555,0.3555555555555555,0.8014814814814815,1.0,0.0,21.0,0.5926665999540697,0.7795993888183311,0.0,0.0,0.1428571428571428,0.238095238095238,0.025,0.0,0.25,0.25,0.25,0.25,0.8666666666666667,0.3555555555555555,0.3555555555555555,0.45,0.1379310344827586,0.1379310344827586,7.25,0,KOCAELI,Kum,NORMAL
Kocaeli-2026-09-08-5,2026-09-08,2026-09-08 19:30:00,YEŞİL İNCİ-11,YEŞİL İNCİ,11,55.0,1400.0,13.0,-4.7407407407407405,-2.933333333333333,-2.05,38.32469135802469,-14.0,-2.6907407407407407,14.0,0.3775406687981454,0.0018242472951791,0.0,0.0,0.2142857142857142,0.3571428571428571,0.0416666666666666,0.0,0.25,0.25,0.25,0.25,-2.388888888888889,-7.25,-14.0,0.45,0.023391812865497,0.023391812865497,42.75,0,KOCAELI,Kum,NORMAL
Kocaeli-2026-09-08-5,2026-09-08,2026-09-08 19:30:00,MANNARA-12,MANNARA,12,52.0,1400.0,13.0,-2.3703703703703707,-1.4722222222222223,-0.9801587301587302,10.008487654320987,-0.4444444444444444,-1.3902116402116405,28.0,0.7772998611746911,0.6090908042783764,0.0,0.0,0.1071428571428571,0.1785714285714285,0.025,0.0,0.25,0.25,0.25,0.25,-0.1666666666666666,-3.333333333333333,0.0,0.45,0.0389105058365758,0.0389105058365758,25.7,0,KOCAELI,Kum,NORMAL
Kocaeli-2026-09-08-5,2026-09-08,2026-09-08 19:30:00,EMERY-13,EMERY,13,55.0,1400.0,13.0,-1.6904761904761905,-2.414285714285714,-1.4266666666666663,10.322448979591837,-4.5,-0.2638095238095239,8.0,0.2227001388253088,0.146165230397382,0.0,0.0,0.375,0.625,0.05,0.0,0.25,0.25,0.25,0.25,-1.8577380952380955,-1.3374149659863943,0.0,0.45,0.0435729847494553,0.0435729847494553,22.95,0,KOCAELI,Kum,NORMAL
Kocaeli-2026-09-08-6,2026-09-08,2026-09-08 20:00:00,AVCI OĞLUM-1,AVCI OĞLUM,1,60.0,2000.0,9.0,0.5333333333333333,0.12,0.4016666666666666,0.572,0.6,0.1316666666666666,15.0,0.4073334000459302,0.6977627133851014,0.0,0.0,0.2,0.3333333333333333,0.075,0.0,0.25,0.25,0.25,0.25,-0.1160714285714285,-0.0908086658086657,-0.0407407407407407,0.45,0.029940119760479,0.029940119760479,33.4,0,KOCAELI,Kum,NORMAL
Kocaeli-2026-09-08-6,2026-09-08,2026-09-08 20:00:00,BEYAZIŞIK-2,BEYAZIŞIK,2,60.0,2000.0,9.0,-0.0833333333333333,0.25,0.525,0.4375,0.0,-0.6083333333333334,59.0,0.9940889311437562,0.7090125772478432,0.0,0.0,0.0508474576271186,0.0847457627118644,0.025,0.0,0.25,0.25,0.25,0.25,0.2761111111111111,0.1046868296868296,0.6666666666666667,0.45,0.4347826086956522,0.4347826086956522,2.3,0,KOCAELI,Kum,NORMAL
Kocaeli-2026-09-08-6,2026-09-08,2026-09-08 20:00:00,KAYAFATİH-3,KAYAFATİH,3,60.0,2000.0,9.0,0.3333333333333333,0.3,-0.1028571428571428,0.7,-1.0,0.4361904761904761,12.0,0.320821300824607,0.5,0.0,0.0,0.25,0.4166666666666667,0.0416666666666666,0.0,0.25,0.25,0.25,0.25,-0.223076923076923,-0.13495670995671,0.1333333333333333,0.45,0.0619195046439628,0.0619195046439628,16.15,0,KOCAELI,Kum,NORMAL
Kocaeli-2026-09-08-6,2026-09-08,2026-09-08 20:00:00,KUMBEY-4,KUMBEY,4,60.0,2000.0,9.0,0.0,0.2303030303030303,0.2651515151515151,0.6288337924701561,1.0,-0.2651515151515151,31.0,0.8354835371034369,0.7912405428555179,0.0,0.0,0.0967741935483871,0.1612903225806451,0.025,0.0,0.25,0.25,0.25,0.25,0.5637741046831957,0.4711323763955343,-1.0,0.45,0.3278688524590164,0.3278688524590164,3.05,0,KOCAELI,Kum,NORMAL
Kocaeli-2026-09-08-6,2026-09-08,2026-09-08 20:00:00,ORÇUNTAY-5,ORÇUNTAY,5,60.0,2000.0,9.0,-0.1619047619047618,0.1028571428571428,-0.1819047619047618,1.5243265306122449,0.7142857142857143,0.0199999999999999,14.0,0.3775406687981454,0.7315264446679792,0.0,0.0,0.2142857142857142,0.3571428571428571,0.0416666666666666,0.0,0.25,0.25,0.25,0.25,-1.6428571428571428,-0.087742504409171,0.7535714285714286,0.45,0.0282087447108603,0.0282087447108603,35.45,0,KOCAELI,Kum,NORMAL
Kocaeli-2026-09-08-6,2026-09-08,2026-09-08 20:00:00,TAŞKENT-6,TAŞKENT,6,60.0,2000.0,9.0,0.9296296296296296,-1.0422222222222222,-0.6244444444444444,19.79224691358025,0.8888888888888888,1.554074074074074,59.0,0.9940889311437562,0.7916727027391324,0.0,0.0,0.0508474576271186,0.0847457627118644,0.025,0.0,0.25,0.25,0.25,0.25,0.7390096618357487,0.5029513888888889,0.0,0.45,0.3278688524590164,0.3278688524590164,3.05,1,KOCAELI,Kum,NORMAL
Kocaeli-2026-09-08-6,2026-09-08,2026-09-08 20:00:00,CEVAHİRKAN-7,CEVAHİRKAN,7,57.5,2000.0,9.0,-0.8690476190476191,-0.5214285714285715,-0.3607142857142857,1.930867346938776,-3.0,-0.5083333333333333,10.0,0.2689414213699951,0.2563551082437378,0.0,0.0,0.3,0.5,0.075,0.0,0.25,0.25,0.25,0.25,0.2015873015873015,-0.0020238095238095,1.0,0.45,0.0422832980972515,0.0422832980972515,23.65,0,KOCAELI,Kum,NORMAL
Kocaeli-2026-09-08-6,2026-09-08,2026-09-08 20:00:00,NUSRET OĞLU-8,NUSRET OĞLU,8,57.5,2000.0,9.0,0.5555555555555556,0.6933333333333334,0.6529292929292929,0.1702222222222222,0.0,-0.0973737373737373,10.0,0.2689414213699951,0.6070669880717037,0.0,0.0,0.3,0.5,0.075,0.0,0.25,0.25,0.25,0.25,0.8158730158730159,0.3826899951899952,1.0,0.45,0.0714285714285714,0.0714285714285714,14.0,0,KOCAELI,Kum,NORMAL
Kocaeli-2026-09-08-6,2026-09-08,2026-09-08 20:00:00,SON İZCİ-9,SON İZCİ,9,57.5,2000.0,9.0,0.4222222222222222,0.6533333333333334,0.235,0.3342222222222222,0.6,0.1872222222222222,23.0,0.6513548646660542,0.7492812477358382,0.0,0.0,0.1304347826086956,0.217391304347826,0.05,0.0,0.25,0.25,0.25,0.25,0.45,-0.1449934123847167,0.5833333333333334,0.45,0.1149425287356322,0.1149425287356322,8.7,0,KOCAELI,Kum,NORMAL
Kocaeli-2026-09-08-7,2026-09-08,2026-09-08 20:30:00,ALTINBORA-1,ALTINBORA,1,60.0,1400.0,8.0,0.3259259259259259,0.1955555555555555,0.4972222222222222,0.6134320987654321,0.7777777777777778,-0.1712962962962963,19.0,0.5312093733737563,0.759307909451501,0.0,0.0,0.1578947368421052,0.2631578947368421,0.05,0.0,0.25,0.25,0.25,0.25,0.3296296296296296,0.7962962962962963,0.0,0.45,0.3846153846153846,0.3846153846153846,2.6,0,KOCAELI,Kum,NORMAL
Kocaeli-2026-09-08-7,2026-09-08,2026-09-08 20:30:00,DADAKBEY-2,DADAKBEY,2,58.0,1400.0,8.0,0.6222222222222222,0.6733333333333335,0.6444444444444445,0.1168888888888889,0.6666666666666667,-0.0222222222222222,35.0,0.8933094060543487,0.7658029264260275,0.0,0.0,0.0857142857142857,0.1428571428571428,0.05,0.0,0.25,0.25,0.25,0.25,0.6444444444444445,0.6444444444444445,0.8333333333333334,0.45,0.238095238095238,0.238095238095238,4.2,0,KOCAELI,Kum,NORMAL
Kocaeli-2026-09-08-7,2026-09-08,2026-09-08 20:30:00,ERBAŞKAN-3,ERBAŞKAN,3,57.0,1400.0,8.0,0.3,0.2799999999999999,0.4142857142857142,0.41075,-0.25,-0.1142857142857142,32.0,0.8519528019683106,0.6558425364181633,0.0,0.0,0.09375,0.15625,0.05,0.0,0.25,0.25,0.25,0.25,0.3999999999999999,0.7999999999999999,0.0,0.45,0.1197604790419161,0.1197604790419161,8.35,1,KOCAELI,Kum,NORMAL
Kocaeli-2026-09-08-7,2026-09-08,2026-09-08 20:30:00,SALGUR-4,SALGUR,4,57.0,1400.0,8.0,-0.0833333333333333,0.1357142857142857,0.3095238095238096,0.4760204081632652,0.0,-0.3928571428571429,19.0,0.5312093733737563,0.6755363229894543,0.0,0.0,0.1578947368421052,0.2631578947368421,0.0833333333333333,0.0,0.25,0.25,0.25,0.25,0.3095238095238096,0.3495670995670996,0.1857142857142857,0.45,0.0673400673400673,0.0673400673400673,14.85,0,KOCAELI,Kum,NORMAL
Kocaeli-2026-09-08-7,2026-09-08,2026-09-08 20:30:00,YÜKENOĞLU-5,YÜKENOĞLU,5,57.0,1400.0,8.0,-1.6666666666666667,-0.6857142857142857,-1.1825396825396826,8.993877551020407,0.0,-0.4841269841269842,19.0,0.5312093733737563,0.6827993860934125,0.0,0.0,0.1578947368421052,0.2631578947368421,0.0416666666666666,0.0,0.25,0.25,0.25,0.25,-0.6857142857142857,-0.6857142857142857,-2.5,0.45,0.3076923076923077,0.3076923076923077,3.25,0,KOCAELI,Kum,NORMAL
Kocaeli-2026-09-08-7,2026-09-08,2026-09-08 20:30:00,MUTLU BAHAR-6,MUTLU BAHAR,6,55.0,1400.0,8.0,0.8190476190476191,0.0914285714285714,0.4113095238095238,1.5132244897959188,0.8571428571428572,0.4077380952380953,13.0,0.3486451353339457,0.7415198029328491,0.0,0.0,0.2307692307692307,0.3846153846153846,0.0583333333333333,0.0,0.25,0.25,0.25,0.25,0.3272108843537415,0.6866666666666668,1.0,0.45,0.078125,0.078125,12.8,0,KOCAELI,Kum,NORMAL
Kocaeli-2026-09-08-7,2026-09-08,2026-09-08 20:30:00,URASEFE-7,URASEFE,7,54.0,1400.0,8.0,0.369047619047619,0.0267857142857143,0.0267857142857143,1.098107993197279,0.8571428571428572,0.3422619047619047,7.0,0.2018132222603788,0.2807080062178795,1.0,0.0,0.4285714285714285,0.7142857142857143,0.0333333333333333,0.0,0.25,0.25,0.25,0.25,0.0267857142857143,0.0267857142857143,-0.0714285714285714,0.45,0.1428571428571428,0.1428571428571428,7.0,0,KOCAELI,Kum,NORMAL
Kocaeli-2026-09-08-7,2026-09-08,2026-09-08 20:30:00,TEYZEOĞLU-8,TEYZEOĞLU,8,53.0,1400.0,8.0,-0.7222222222222222,-0.9333333333333332,-0.8492063492063493,1.397222222222222,0.8333333333333334,0.1269841269841271,12.0,0.320821300824607,0.7288056604164053,0.0,0.0,0.25,0.4166666666666667,0.05,0.0,0.25,0.25,0.25,0.25,-0.8492063492063493,-0.8492063492063493,-0.8492063492063493,0.45,0.101010101010101,0.101010101010101,9.9,0,KOCAELI,Kum,NORMAL
Kocaeli-2026-09-08-8,2026-09-08,2026-09-08 21:00:00,SILA ALEYNA-1,SILA ALEYNA,1,59.0,1400.0,9.0,0.8375,0.8375,0.8375,0.0028124999999999,0.875,0.0,11.0,0.2942149721629887,0.7475105187950024,0.0,0.0,0.2727272727272727,0.4545454545454545,0.0083333333333333,0.0,0.25,0.25,0.25,0.25,0.875,0.875,0.0,0.45,0.2531645569620253,0.2531645569620253,3.95,0,KOCAELI,Kum,NORMAL
Kocaeli-2026-09-08-8,2026-09-08,2026-09-08 21:00:00,TODAY IS A GIFT-2,TODAY IS A GIFT,2,57.0,1400.0,9.0,0.5555555555555556,0.4433333333333333,0.4433333333333333,0.0285555555555555,0.5,0.1122222222222222,14.0,0.3775406687981454,0.7055377619067563,0.0,0.0,0.2142857142857142,0.3571428571428571,0.0416666666666666,0.0,0.25,0.25,0.25,0.25,0.4433333333333333,0.5555555555555556,0.5,0.45,0.3773584905660377,0.3773584905660377,2.65,1,KOCAELI,Kum,NORMAL
Kocaeli-2026-09-08-8,2026-09-08,2026-09-08 21:00:00,BRAVE HERA-3,BRAVE HERA,3,57.0,1400.0,9.0,0.3,0.3,0.3,0.03,0.3,0.0,18.0,0.5,0.7102313542105628,0.0,0.0,0.1666666666666666,0.2777777777777778,0.0083333333333333,0.0,0.25,0.25,0.25,0.25,0.3,0.0,0.0,0.45,0.1081081081081081,0.1081081081081081,9.25,0,KOCAELI,Kum,NORMAL
Kocaeli-2026-09-08-8,2026-09-08,2026-09-08 21:00:00,GENERAL FEMALE-4,GENERAL FEMALE,4,57.0,1400.0,9.0,0.1666666666666667,0.1666666666666667,0.1666666666666667,0.1944444444444444,-0.3333333333333332,0.0,12.0,0.320821300824607,0.6216756663298777,0.0,0.0,0.25,0.4166666666666667,0.025,0.0,0.25,0.25,0.25,0.25,0.1666666666666667,0.4166666666666667,0.3333333333333333,0.45,0.1142857142857142,0.1142857142857142,8.75,0,KOCAELI,Kum,NORMAL
Kocaeli-2026-09-08-8,2026-09-08,2026-09-08 21:00:00,LA SAGRADA  SKG-5,LA SAGRADA  SKG,5,57.0,1400.0,9.0,-1.0,-1.0,-1.0,2.0,0.0,0.0,70.0,0.998498817743263,0.7028595956074221,0.0,0.0,0.0428571428571428,0.0714285714285714,0.0166666666666666,0.0,0.25,0.25,0.25,0.25,0.0,-1.0,-1.0,0.45,0.036036036036036,0.036036036036036,27.75,0,KOCAELI,Kum,NORMAL
Kocaeli-2026-09-08-8,2026-09-08,2026-09-08 21:00:00,NINJA QUEEN-6,NINJA QUEEN,6,57.0,1400.0,9.0,-0.1666666666666666,-0.1666666666666666,-0.1666666666666666,0.0833333333333333,-0.5,0.0,14.0,0.3775406687981454,0.5955947115272762,0.0,0.0,0.2142857142857142,0.3571428571428571,0.025,0.0,0.25,0.25,0.25,0.25,-0.1666666666666666,-0.5,-0.5,0.45,0.1481481481481481,0.1481481481481481,6.75,0,KOCAELI,Kum,NORMAL
Kocaeli-2026-09-08-8,2026-09-08,2026-09-08 21:00:00,SINISTRA DERMAN-7,SINISTRA DERMAN,7,57.0,1400.0,9.0,-5.0,-5.0,-5.0,0.03,-5.0,0.0,18.0,0.5,0.1476072878840146,0.0,0.0,0.1666666666666666,0.2777777777777778,0.0083333333333333,0.0,0.25,0.25,0.25,0.25,-5.0,0.0,0.0,0.45,0.1869158878504673,0.1869158878504673,5.35,0,KOCAELI,Kum,NORMAL
Kocaeli-2026-09-08-8,2026-09-08,2026-09-08 21:00:00,SOUL OF MINE  K Kulaklık takılacağını ifade eder.-8,SOUL OF MINE  K Kulaklık takılacağını ifade eder.,8,57.0,1400.0,9.0,-0.8333333333333334,-0.8333333333333334,-0.8333333333333334,3.583333333333333,0.0,0.0,19.0,0.5312093733737563,0.6779323121682667,0.0,0.0,0.1578947368421052,0.2631578947368421,0.025,0.0,0.25,0.25,0.25,0.25,-1.5,-0.8333333333333334,-1.25,0.45,0.1739130434782608,0.1739130434782608,5.75,0,KOCAELI,Kum,NORMAL
Kocaeli-2026-09-08-8,2026-09-08,2026-09-08 21:00:00,SUPINATOR  K Kulaklık takılacağını ifade eder.-9,SUPINATOR  K Kulaklık takılacağını ifade eder.,9,54.0,1400.0,9.0,0.5,0.5,0.5,0.010204081632653,0.4285714285714286,0.0,70.0,0.998498817743263,0.7468542725754911,0.0,0.0,0.0428571428571428,0.0714285714285714,0.0083333333333333,0.0,0.25,0.25,0.25,0.25,0.4285714285714286,0.5,0.5,0.45,0.0404040404040404,0.0404040404040404,24.75,0,KOCAELI,Kum,NORMAL
Kocaeli-2026-09-08-9,2026-09-08,2026-09-08 21:30:00,SAFDERUN OĞLU-1,SAFDERUN OĞLU,1,63.0,2000.0,15.0,0.3858974358974358,0.3035972850678733,-0.0474077066724125,0.031826580127352,0.6,0.4333051425698484,18.0,0.5,0.7431149857758651,0.0,0.0,0.1666666666666666,0.2777777777777778,0.0333333333333333,0.0,0.25,0.25,0.25,0.25,-0.4594845630559916,-0.2126529037786644,-0.2166666666666667,0.45,0.0673400673400673,0.0673400673400673,14.85,0,KOCAELI,Kum,NORMAL
Kocaeli-2026-09-08-9,2026-09-08,2026-09-08 21:30:00,ODABAŞI-2,ODABAŞI,2,59.0,2000.0,15.0,0.3777777777777777,0.340952380952381,-0.1253571428571428,0.0640997732426303,0.6,0.5031349206349206,12.0,0.320821300824607,0.6813537337890256,0.0,0.0,0.25,0.4166666666666667,0.0916666666666666,0.0,0.25,0.25,0.25,0.25,-0.2085684891240447,-0.3941558441558442,0.0369047619047619,0.45,0.0673400673400673,0.0673400673400673,14.85,0,KOCAELI,Kum,NORMAL
Kocaeli-2026-09-08-9,2026-09-08,2026-09-08 21:30:00,MANDAR ABBAS-3,MANDAR ABBAS,3,57.5,2000.0,15.0,-1.3095238095238095,-0.6584415584415584,-0.1114430014430014,2.4534407151290263,0.5714285714285714,-1.198080808080808,11.0,0.2942149721629887,0.7075662405180638,0.0,0.0,0.2727272727272727,0.4545454545454545,0.0083333333333333,0.0,0.25,0.25,0.25,0.25,-1.031679894179894,-0.7809090909090908,-1.6190476190476188,0.45,0.2272727272727272,0.2272727272727272,4.4,0,KOCAELI,Kum,NORMAL
Kocaeli-2026-09-08-9,2026-09-08,2026-09-08 21:30:00,GÜMBÜR ŞAH-4,GÜMBÜR ŞAH,4,56.5,2000.0,15.0,-1.9285714285714288,-1.377142857142857,-0.7719047619047619,10.671897959183672,0.7142857142857143,-1.1566666666666667,11.0,0.2942149721629887,0.6903355114872514,0.0,0.0,0.2727272727272727,0.4545454545454545,0.075,0.0,0.25,0.25,0.25,0.25,-1.98,-0.5134250669964956,-0.3666666666666667,0.45,0.1058201058201058,0.1058201058201058,9.45,0,KOCAELI,Kum,NORMAL
Kocaeli-2026-09-08-9,2026-09-08,2026-09-08 21:30:00,ERSELEFE-5,ERSELEFE,5,54.0,2000.0,15.0,-0.1952380952380953,-0.0028571428571428,-0.1390909090909091,0.324530612244898,0.5,-0.0561471861471861,11.0,0.2942149721629887,0.6684564602361726,0.0,0.0,0.2727272727272727,0.4545454545454545,0.0666666666666666,0.0,0.25,0.25,0.25,0.25,-0.2027829313543599,-0.3002525252525252,-1.0035714285714286,0.45,0.0628930817610062,0.0628930817610062,15.9,0,KOCAELI,Kum,NORMAL
Kocaeli-2026-09-08-9,2026-09-08,2026-09-08 21:30:00,SEMENDİN GÜCÜ-6,SEMENDİN GÜCÜ,6,57.5,2000.0,15.0,-0.4360269360269361,-0.853923853923854,-1.0019619269619269,3.72366219423329,-2.333333333333333,0.5659349909349907,8.0,0.2227001388253088,0.3299672171335157,0.0,0.0,0.375,0.625,0.0833333333333333,0.0,0.25,0.25,0.25,0.25,-0.6487946693829046,-0.3274957846386418,-0.3978632478632479,0.45,0.0323101777059773,0.0323101777059773,30.95,0,KOCAELI,Kum,NORMAL
Kocaeli-2026-09-08-9,2026-09-08,2026-09-08 21:30:00,BUDABEŞTE GÜLÜ-7,BUDABEŞTE GÜLÜ,7,52.0,2000.0,15.0,-1.5158730158730158,-0.926190476190476,-0.4967171717171717,3.3734693877551023,-0.8333333333333333,-1.019155844155844,54.0,0.9890130573694068,0.5759809725987896,0.0,0.0,0.0555555555555555,0.0925925925925925,0.0083333333333333,0.0,0.25,0.25,0.25,0.25,-0.75,0.0497367216117216,-0.5833333333333333,0.45,0.0222965440356744,0.0222965440356744,44.85,0,KOCAELI,Kum,NORMAL
Kocaeli-2026-09-08-9,2026-09-08,2026-09-08 21:30:00,KURUÇAY-8,KURUÇAY,8,53.5,2000.0,15.0,0.3388888888888889,0.07,0.2345238095238095,0.5633888888888889,0.75,0.1043650793650793,8.0,0.2227001388253088,0.6928193622042029,0.0,0.0,0.375,0.625,0.1083333333333333,0.0,0.25,0.25,0.25,0.25,-0.4499743983614951,-0.2523242630385487,-0.2222222222222221,0.45,0.1351351351351351,0.1351351351351351,7.4,0,KOCAELI,Kum,NORMAL
Kocaeli-2026-09-08-9,2026-09-08,2026-09-08 21:30:00,ŞANLI ANKA-9,ŞANLI ANKA,9,56.5,2000.0,15.0,0.0255602240896358,0.1286694677871148,0.2634256429844664,0.0361229972381109,0.0588235294117647,-0.2378654188948306,43.0,0.9579122720843812,0.7128718430522772,0.0,0.0,0.0697674418604651,0.1162790697674418,0.0083333333333333,0.0,0.25,0.25,0.25,0.25,0.4358149320334194,0.2974105415281886,0.2398148148148148,0.45,0.023094688221709,0.023094688221709,43.3,0,KOCAELI,Kum,NORMAL
Kocaeli-2026-09-08-9,2026-09-08,2026-09-08 21:30:00,CAYMAZBEY-10,CAYMAZBEY,10,51.0,2000.0,15.0,-0.3663003663003663,-0.5142246642246643,-0.5142246642246643,1.187519641869459,0.6153846153846154,0.1479242979242979,140.0,0.99999976176309,0.6749258341407538,0.0,1.0,0.0214285714285714,0.0357142857142857,0.0,0.0,0.25,0.25,0.25,0.25,0.0,-0.7142094017094017,0.6153846153846154,0.45,0.0323101777059773,0.0323101777059773,30.95,0,KOCAELI,Kum,NORMAL
Kocaeli-2026-09-08-9,2026-09-08,2026-09-08 21:30:00,KURUŞUN GÜCÜ-11,KURUŞUN GÜCÜ,11,52.0,2000.0,15.0,-0.3,0.0888888888888889,0.2388888888888889,1.4545061728395063,-2.0,-0.538888888888889,11.0,0.2942149721629887,0.3707996404044977,0.0,0.0,0.2727272727272727,0.4545454545454545,0.0416666666666666,0.0,0.25,0.25,0.25,0.25,0.4422222222222222,0.2432098765432099,0.9,0.45,0.4081632653061224,0.4081632653061224,2.45,0,KOCAELI,Kum,NORMAL
Kocaeli-2026-09-08-9,2026-09-08,2026-09-08 21:30:00,TUTMAÇ-12,TUTMAÇ,12,52.0,2000.0,15.0,-1.3285714285714283,-1.7971428571428572,-0.5966483516483516,2.637897959183673,-1.2000000000000002,-0.7319230769230769,11.0,0.2942149721629887,0.4894712535957624,0.0,0.0,0.2727272727272727,0.4545454545454545,0.0583333333333333,0.0,0.25,0.25,0.25,0.25,-0.6682336182336183,-0.7333236938500097,-0.7933150183150184,0.45,0.0687285223367697,0.0687285223367697,14.55,0,KOCAELI,Kum,NORMAL
Kocaeli-2026-09-08-9,2026-09-08,2026-09-08 21:30:00,Bİ ANKA-14,Bİ ANKA,14,52.5,2000.0,15.0,-1.7037037037037035,-1.6822222222222225,-1.5456565656565655,12.23269135802469,1.0,-0.158047138047138,7.0,0.2018132222603788,0.286075018601393,1.0,0.0,0.4285714285714285,0.7142857142857143,0.0583333333333333,0.0,0.25,0.25,0.25,0.25,-0.8462962962962962,-0.5780170122275385,0.2412698412698412,0.45,0.1818181818181818,0.1818181818181818,5.5,1,KOCAELI,Kum,NORMAL
Kocaeli-2026-09-08-9,2026-09-08,2026-09-08 21:30:00,AFŞARBEY-15,AFŞARBEY,15,52.0,2000.0,15.0,0.0555555555555555,-0.2939393939393939,-1.321969696969697,0.9632518365472912,0.25,1.3775252525252526,19.0,0.5312093733737563,0.6998674325879449,0.0,0.0,0.1578947368421052,0.2631578947368421,0.0666666666666666,0.0,0.25,0.25,0.25,0.25,-0.8728354978354979,-0.3762485970819303,-0.4956709956709956,0.45,0.03584229390681,0.03584229390681,27.9,0,KOCAELI,Kum,NORMAL
İstanbul-2026-09-09-1,2026-09-09,2026-09-09 13:30:00,GÜLALP KIZI-1,GÜLALP KIZI,1,59.0,2200.0,10.0,0.4444444444444445,0.2666666666666667,-0.015,0.6888888888888888,0.3333333333333333,0.4594444444444445,10.0,0.2689414213699951,0.6335729655619289,0.0,0.0,0.3,0.5,0.1,0.0,0.25,0.25,0.25,0.25,-0.3861231361231361,0.0589743589743589,-0.180532212885154,0.45,0.2150537634408602,0.2150537634408602,4.65,0,ISTANBUL,Cim,NORMAL
İstanbul-2026-09-09-1,2026-09-09,2026-09-09 13:30:00,SEMRAKAYA-2,SEMRAKAYA,2,60.0,2200.0,10.0,0.475,0.5837012987012986,0.6715565317035905,0.0854353811772643,0.8,-0.1965565317035905,10.0,0.2689414213699951,0.690168910895882,0.0,0.0,0.3,0.5,0.075,0.0,0.25,0.25,0.25,0.25,1.0,0.1583401892225421,0.2907449848626319,0.45,0.1801801801801802,0.1801801801801802,5.55,0,ISTANBUL,Cim,NORMAL
İstanbul-2026-09-09-1,2026-09-09,2026-09-09 13:30:00,SİYAH KUŞ-3,SİYAH KUŞ,3,59.5,2200.0,10.0,0.9153439153439152,0.5968253968253968,-0.1328618113912231,0.2953640715545477,0.8571428571428572,1.0482057267351386,12.0,0.320821300824607,0.7323248765034244,0.0,0.0,0.25,0.4166666666666667,0.075,0.0,0.25,0.25,0.25,0.25,-0.4920634920634919,0.0307316866140396,-1.972222222222222,0.45,0.4081632653061224,0.4081632653061224,2.45,1,ISTANBUL,Cim,NORMAL
İstanbul-2026-09-09-1,2026-09-09,2026-09-09 13:30:00,RAZKAN-4,RAZKAN,4,57.0,2200.0,10.0,-0.9166666666666666,-1.05,-0.4349999999999999,1.95,-3.0,-0.4816666666666667,76.0,0.9992903296008996,0.2672171318245966,0.0,1.0,0.0394736842105263,0.0657894736842105,0.0166666666666666,0.0,0.25,0.25,0.25,0.25,-0.6666666666666666,-1.75,-0.4599999999999999,0.45,0.1515151515151515,0.1515151515151515,6.6,0,ISTANBUL,Cim,NORMAL
İstanbul-2026-09-09-1,2026-09-09,2026-09-09 13:30:00,TÜRKÖREN-5,TÜRKÖREN,5,52.5,2200.0,10.0,0.7777777777777778,0.7095238095238094,0.6031162464985995,0.0834467120181405,1.0,0.1746615312791782,31.0,0.8354835371034369,0.7806121988226955,0.0,0.0,0.0967741935483871,0.1612903225806451,0.05,0.0,0.25,0.25,0.25,0.25,0.6666666666666667,0.8214285714285714,0.8809523809523809,0.45,0.2941176470588235,0.2941176470588235,3.4,0,ISTANBUL,Cim,NORMAL
İstanbul-2026-09-09-1,2026-09-09,2026-09-09 13:30:00,KIVIRCIKKIZ-6,KIVIRCIKKIZ,6,51.0,2200.0,10.0,-0.4444444444444444,-0.0345238095238095,0.2274267399267399,1.321435657596372,0.6666666666666667,-0.6718711843711844,8.0,0.2227001388253088,0.6704346382542545,0.0,0.0,0.375,0.625,0.1,0.0,0.25,0.25,0.25,0.25,-1.5052083333333333,-0.6353174603174602,-0.0845238095238095,0.45,0.119047619047619,0.119047619047619,8.4,0,ISTANBUL,Cim,NORMAL
İstanbul-2026-09-09-1,2026-09-09,2026-09-09 13:30:00,GÜZEL HUYLUM-7,GÜZEL HUYLUM,7,50.0,2200.0,10.0,-1.0888888888888888,-2.3676190476190477,-1.3101770451770451,12.167385487528346,-0.1,0.2212881562881563,33.0,0.8670357598021706,0.6604166536773748,0.0,0.0,0.0909090909090909,0.1515151515151515,0.0416666666666666,0.0,0.25,0.25,0.25,0.25,-1.913690476190476,-1.1277777777777778,-1.905555555555556,0.45,0.2150537634408602,0.2150537634408602,4.65,0,ISTANBUL,Cim,NORMAL
İstanbul-2026-09-09-1,2026-09-09,2026-09-09 13:30:00,JULNAR-8,JULNAR,8,52.0,2200.0,10.0,-0.9333333333333332,-0.6933333333333334,-0.7761904761904762,0.5702222222222222,-1.0,-0.157142857142857,22.0,0.6224593312018546,0.563444055537324,0.0,0.0,0.1363636363636363,0.2272727272727272,0.0333333333333333,0.0,0.25,0.25,0.25,0.25,-0.5,-0.2208333333333332,-0.2083333333333333,0.45,0.036036036036036,0.036036036036036,27.75,0,ISTANBUL,Cim,NORMAL
İstanbul-2026-09-09-1,2026-09-09,2026-09-09 13:30:00,PAMUK ELLA-9,PAMUK ELLA,9,52.0,2200.0,10.0,-3.6666666666666665,-3.1,-3.1,16.173333333333336,-2.0,-0.5666666666666664,54.0,0.9890130573694068,0.419625785837604,0.0,0.0,0.0555555555555555,0.0925925925925925,0.0333333333333333,0.0,0.25,0.25,0.25,0.25,0.0,-2.0,-2.0,0.45,0.0183318056828597,0.0183318056828597,54.55,0,ISTANBUL,Cim,NORMAL
İstanbul-2026-09-09-1,2026-09-09,2026-09-09 13:30:00,ŞİRİN DE FAUST-10,ŞİRİN DE FAUST,10,52.0,2200.0,10.0,-0.825925925925926,-2.2555555555555555,-2.8253968253968256,7.40395061728395,-1.2000000000000002,1.9994708994709,15.0,0.4073334000459302,0.4918946494990197,0.0,0.0,0.2,0.3333333333333333,0.025,0.0,0.25,0.25,0.25,0.25,0.0,-8.0,0.0,0.45,0.0140252454417952,0.0140252454417952,71.3,0,ISTANBUL,Cim,NORMAL
İstanbul-2026-09-09-2,2026-09-09,2026-09-09 14:00:00,CANBULUT-1,CANBULUT,1,59.0,1300.0,10.0,0.0,0.0,0.0,0.0,0.0,0.0,24.0,0.679178699175393,0.6794859093079069,0.0,0.0,0.125,0.2083333333333333,0.0166666666666666,0.0,0.25,0.25,0.25,0.25,0.0,0.0,0.0,0.45,0.7692307692307692,0.7692307692307692,1.3,1,ISTANBUL,Sentetik,NORMAL
İstanbul-2026-09-09-2,2026-09-09,2026-09-09 14:00:00,AKÇAALİ-2,AKÇAALİ,2,57.0,1300.0,10.0,0.1666666666666667,0.1666666666666667,0.1666666666666667,0.5,-0.3333333333333332,0.0,12.0,0.320821300824607,0.5957887975294365,0.0,0.0,0.25,0.4166666666666667,0.0166666666666666,0.0,0.25,0.25,0.25,0.25,0.6666666666666667,0.6666666666666667,0.1666666666666667,0.45,0.1818181818181818,0.1818181818181818,5.5,0,ISTANBUL,Sentetik,NORMAL
İstanbul-2026-09-09-2,2026-09-09,2026-09-09 14:00:00,BOZAĞIN KRALI-3,BOZAĞIN KRALI,3,53.0,1300.0,10.0,-4.2,-4.2,-4.2,28.880000000000003,-0.3999999999999999,0.0,33.0,0.8670357598021706,0.6546902267180341,0.0,0.0,0.0909090909090909,0.1515151515151515,0.0083333333333333,0.0,0.25,0.25,0.25,0.25,-0.3999999999999999,-8.0,-4.2,0.45,0.0130039011703511,0.0130039011703511,76.9,0,ISTANBUL,Sentetik,NORMAL
İstanbul-2026-09-09-2,2026-09-09,2026-09-09 14:00:00,KAHRAMAN FATİH-4,KAHRAMAN FATİH,4,57.0,1300.0,10.0,0.8571428571428572,0.8571428571428572,0.8571428571428572,0.03,0.8571428571428572,0.0,10.0,0.2689414213699951,0.7317350186130556,0.0,0.0,0.3,0.5,0.0083333333333333,0.0,0.25,0.25,0.25,0.25,0.8571428571428572,0.0,0.8571428571428572,0.45,0.2666666666666666,0.2666666666666666,3.75,0,ISTANBUL,Sentetik,NORMAL
İstanbul-2026-09-09-2,2026-09-09,2026-09-09 14:00:00,KARANLIK-5,KARANLIK,5,54.0,1300.0,10.0,-0.1891025641025641,0.0922527472527472,0.0922527472527472,0.4028550446805941,-1.0,-0.2813553113553113,13.0,0.3486451353339457,0.5339221684995761,0.0,0.0,0.2307692307692307,0.3846153846153846,0.0416666666666666,0.0,0.25,0.25,0.25,0.25,0.084065934065934,0.4285714285714286,0.365315934065934,0.45,0.043859649122807,0.043859649122807,22.8,0,ISTANBUL,Sentetik,NORMAL
İstanbul-2026-09-09-2,2026-09-09,2026-09-09 14:00:00,KÜÇÜK ŞOVALYE-6,KÜÇÜK ŞOVALYE,6,57.0,1300.0,10.0,-7.0,-7.0,-7.0,0.03,-7.0,0.0,36.0,0.9046505351008906,0.0683559492098514,0.0,0.0,0.0833333333333333,0.1388888888888889,0.0083333333333333,0.0,0.25,0.25,0.25,0.25,-7.0,0.0,0.0,0.45,0.0378787878787878,0.0378787878787878,26.4,0,ISTANBUL,Sentetik,NORMAL
İstanbul-2026-09-09-2,2026-09-09,2026-09-09 14:00:00,ROSSİMAN-7,ROSSİMAN,7,57.0,1300.0,10.0,-0.2658730158730157,-0.5761904761904761,-0.5761904761904761,0.7408304988662132,0.2857142857142857,0.3103174603174604,14.0,0.3775406687981454,0.6980638995421692,0.0,0.0,0.2142857142857142,0.3571428571428571,0.0416666666666666,0.0,0.25,0.25,0.25,0.25,-0.6369047619047619,-0.8333333333333333,-0.5761904761904761,0.45,0.0335570469798657,0.0335570469798657,29.8,0,ISTANBUL,Sentetik,NORMAL
İstanbul-2026-09-09-2,2026-09-09,2026-09-09 14:00:00,BEŞPINAR-8,BEŞPINAR,8,55.0,1300.0,10.0,-0.324074074074074,-0.324074074074074,-0.324074074074074,0.9261831275720164,-0.75,0.0,26.0,0.7310585786300049,0.6035752812840868,0.0,0.0,0.1153846153846153,0.1923076923076923,0.025,0.0,0.25,0.25,0.25,0.25,-0.324074074074074,0.7777777777777778,0.7777777777777778,0.45,0.0497512437810945,0.0497512437810945,20.1,0,ISTANBUL,Sentetik,NORMAL
İstanbul-2026-09-09-2,2026-09-09,2026-09-09 14:00:00,BİTTER ÇİKOLATA-9,BİTTER ÇİKOLATA,9,52.0,1300.0,10.0,-0.1333333333333333,-0.1333333333333333,-0.1333333333333333,0.0533333333333333,0.0,0.0,14.0,0.3775406687981454,0.670085420938272,0.0,0.0,0.2142857142857142,0.3571428571428571,0.025,0.0,0.25,0.25,0.25,0.25,-0.1999999999999999,-0.3999999999999999,-0.1333333333333333,0.45,0.0327332242225859,0.0327332242225859,30.55,0,ISTANBUL,Sentetik,NORMAL
İstanbul-2026-09-09-2,2026-09-09,2026-09-09 14:00:00,GÜNKARİ-10,GÜNKARİ,10,53.0,1300.0,10.0,-0.5523504273504273,-1.8647435897435891,-1.8647435897435891,6.114441568047336,-0.375,1.3123931623931622,12.0,0.320821300824607,0.5859178928636549,0.0,0.0,0.25,0.4166666666666667,0.0416666666666666,0.0,0.25,0.25,0.25,0.25,-2.237179487179487,-3.833333333333333,-2.427083333333333,0.45,0.0115673799884326,0.0115673799884326,86.45,0,ISTANBUL,Sentetik,NORMAL
İstanbul-2026-09-09-3,2026-09-09,2026-09-09 14:30:00,SLUICIFER-1,SLUICIFER,1,59.0,1200.0,7.0,0.1904761904761904,-0.8857142857142858,-0.8857142857142858,8.56530612244898,0.0,1.0761904761904764,13.0,0.3486451353339457,0.6339868553787361,0.0,0.0,0.2307692307692307,0.3846153846153846,0.0416666666666666,0.0,0.25,0.25,0.25,0.25,-1.1071428571428572,0.0,0.0,0.45,0.2061855670103093,0.2061855670103093,4.85,0,ISTANBUL,Sentetik,NORMAL
İstanbul-2026-09-09-3,2026-09-09,2026-09-09 14:30:00,ART OF VICTORY-2,ART OF VICTORY,2,54.0,1200.0,7.0,0.0256410256410256,0.0153846153846153,0.1378205128205128,1.001183431952663,-1.0,-0.1121794871794871,17.0,0.4687906266262437,0.5621282387127153,0.0,0.0,0.1764705882352941,0.2941176470588235,0.0333333333333333,0.0,0.25,0.25,0.25,0.25,-0.2307692307692307,-1.0,0.1378205128205128,0.45,0.0529100529100529,0.0529100529100529,18.9,0,ISTANBUL,Sentetik,NORMAL
İstanbul-2026-09-09-3,2026-09-09,2026-09-09 14:30:00,BLESSED STORM  K Kulaklık takılacağını ifade eder.-3,BLESSED STORM  K Kulaklık takılacağını ifade eder.,3,57.0,1200.0,7.0,1.0,1.0,1.0,0.03,1.0,0.0,43.0,0.9579122720843812,0.802969982339024,0.0,0.0,0.0697674418604651,0.1162790697674418,0.0083333333333333,0.0,0.25,0.25,0.25,0.25,1.0,0.0,0.0,0.45,0.2127659574468085,0.2127659574468085,4.7,0,ISTANBUL,Sentetik,NORMAL
İstanbul-2026-09-09-3,2026-09-09,2026-09-09 14:30:00,KARTAL-4,KARTAL,4,57.0,1200.0,7.0,1.0,1.0,1.0,0.03,1.0,0.0,17.0,0.4687906266262437,0.7807091806704213,0.0,0.0,0.1764705882352941,0.2941176470588235,0.0083333333333333,0.0,0.25,0.25,0.25,0.25,1.0,1.0,1.0,0.45,0.6896551724137931,0.6896551724137931,1.45,1,ISTANBUL,Sentetik,NORMAL
İstanbul-2026-09-09-3,2026-09-09,2026-09-09 14:30:00,ATOMIC AGE-5,ATOMIC AGE,5,55.0,1200.0,7.0,0.5,0.5,0.5,0.5,0.0,0.0,19.0,0.5312093733737563,0.6689264003011612,0.0,0.0,0.1578947368421052,0.2631578947368421,0.0166666666666666,0.0,0.25,0.25,0.25,0.25,0.5,0.5,0.5,0.45,0.2083333333333333,0.2083333333333333,4.8,0,ISTANBUL,Sentetik,NORMAL
İstanbul-2026-09-09-3,2026-09-09,2026-09-09 14:30:00,SPIDER-6,SPIDER,6,55.0,1200.0,7.0,0.3777777777777777,0.4708333333333334,0.4708333333333334,0.1422916666666666,0.8,-0.0930555555555556,7.0,0.2018132222603788,0.2667469372927959,1.0,0.0,0.4285714285714285,0.7142857142857143,0.0333333333333333,0.0,0.25,0.25,0.25,0.25,0.4708333333333334,0.8,0.8,0.45,0.0568181818181818,0.0568181818181818,17.6,0,ISTANBUL,Sentetik,NORMAL
İstanbul-2026-09-09-3,2026-09-09,2026-09-09 14:30:00,KUZGUN GÖKMEN-7,KUZGUN GÖKMEN,7,50.0,1200.0,7.0,-0.6296296296296297,-0.4494949494949495,-0.4494949494949495,1.0708091011121317,0.1111111111111111,-0.1801346801346801,7.0,0.2018132222603788,0.204950658002915,1.0,0.0,0.4285714285714285,0.7142857142857143,0.0333333333333333,0.0,0.25,0.25,0.25,0.25,-0.4494949494949495,0.1111111111111111,0.0673400673400673,0.45,0.0167364016736401,0.0167364016736401,59.75,0,ISTANBUL,Sentetik,NORMAL
İstanbul-2026-09-09-4,2026-09-09,2026-09-09 15:00:00,SPLENDID-1,SPLENDID,1,60.0,2000.0,4.0,0.0,0.2,-0.261111111111111,0.2,0.0,0.261111111111111,82.0,0.9996646498695336,0.6318880650574753,0.0,1.0,0.0365853658536585,0.0609756097560975,0.0166666666666666,0.0,0.25,0.25,0.25,0.25,-0.187532002048131,0.1415204678362573,-0.1437996031746031,0.45,0.425531914893617,0.425531914893617,2.35,0,ISTANBUL,Sentetik,NORMAL
İstanbul-2026-09-09-4,2026-09-09,2026-09-09 15:00:00,VISENYA-2,VISENYA,2,60.0,2000.0,4.0,0.3333333333333333,-0.16,0.0699999999999999,1.728,-1.0,0.2633333333333333,21.0,0.5926665999540697,0.5355352265320525,0.0,0.0,0.1428571428571428,0.238095238095238,0.0333333333333333,0.0,0.25,0.25,0.25,0.25,-0.0625,0.4023809523809524,0.0558897243107769,0.45,0.6896551724137931,0.6896551724137931,1.45,1,ISTANBUL,Sentetik,NORMAL
İstanbul-2026-09-09-4,2026-09-09,2026-09-09 15:00:00,CAPE COD  K Kulaklık takılacağını ifade eder.-3,CAPE COD  K Kulaklık takılacağını ifade eder.,3,57.0,2000.0,4.0,-0.4666666666666666,-0.1133333333333333,-0.1366666666666666,0.3642222222222222,-1.0,-0.3299999999999999,24.0,0.679178699175393,0.5781052328843092,0.0,0.0,0.125,0.2083333333333333,0.0333333333333333,0.0,0.25,0.25,0.25,0.25,-0.481578947368421,0.0364285714285714,-0.2995039682539682,0.45,0.2127659574468085,0.2127659574468085,4.7,0,ISTANBUL,Sentetik,NORMAL
İstanbul-2026-09-09-4,2026-09-09,2026-09-09 15:00:00,JIMDEMA  K Kulaklık takılacağını ifade eder.-4,JIMDEMA  K Kulaklık takılacağını ifade eder.,4,56.0,2000.0,4.0,-2.380952380952381,-1.6285714285714286,-0.8592857142857142,6.0647959183673485,-6.0,-1.5216666666666667,20.0,0.5621765008857981,0.0976746290697267,0.0,0.0,0.15,0.25,0.0416666666666666,0.0,0.25,0.25,0.25,0.25,-0.1917293233082706,0.0615384615384615,0.0199999999999999,0.45,0.111731843575419,0.111731843575419,8.95,0,ISTANBUL,Sentetik,NORMAL
İstanbul-2026-09-09-5,2026-09-09,2026-09-09 15:30:00,BALKIBEY-1,BALKIBEY,1,57.0,1300.0,11.0,0.8,0.8,0.8,0.03,0.8,0.0,10.0,0.2689414213699951,0.7260894841094631,0.0,0.0,0.3,0.5,0.0083333333333333,0.0,0.25,0.25,0.25,0.25,0.8,0.0,0.8,0.45,0.4,0.4,2.5,0,ISTANBUL,Sentetik,NORMAL
İstanbul-2026-09-09-5,2026-09-09,2026-09-09 15:30:00,EFE KAPTAN-2,EFE KAPTAN,2,57.0,1300.0,11.0,0.6058201058201059,0.501953601953602,0.501953601953602,0.1253752081590909,0.9285714285714286,0.1038665038665039,13.0,0.3486451353339457,0.7502944208499317,0.0,0.0,0.2307692307692307,0.3846153846153846,0.0416666666666666,0.0,0.25,0.25,0.25,0.25,0.501953601953602,0.1666666666666666,0.3952991452991453,0.45,0.1234567901234568,0.1234567901234568,8.1,0,ISTANBUL,Sentetik,NORMAL
İstanbul-2026-09-09-5,2026-09-09,2026-09-09 15:30:00,ERYÜREKLİ-3,ERYÜREKLİ,3,53.0,1300.0,11.0,0.3481481481481481,-0.171111111111111,-0.1664021164021163,1.105283950617284,0.4444444444444444,0.5145502645502644,13.0,0.3486451353339457,0.7022676473889885,0.0,0.0,0.2307692307692307,0.3846153846153846,0.0416666666666666,0.0,0.25,0.25,0.25,0.25,-0.171111111111111,-0.0214285714285714,-0.6809523809523809,0.45,0.0419287211740041,0.0419287211740041,23.85,0,ISTANBUL,Sentetik,NORMAL
İstanbul-2026-09-09-5,2026-09-09,2026-09-09 15:30:00,FAROZ-4,FAROZ,4,57.0,1300.0,11.0,-1.0,-1.0,-1.0,0.03,-1.0,0.0,10.0,0.2689414213699951,0.5187092095495195,0.0,0.0,0.3,0.5,0.0083333333333333,0.0,0.25,0.25,0.25,0.25,-1.0,0.0,-1.0,0.45,0.1081081081081081,0.1081081081081081,9.25,0,ISTANBUL,Sentetik,NORMAL
İstanbul-2026-09-09-5,2026-09-09,2026-09-09 15:30:00,ÖZGÜR-5,ÖZGÜR,5,57.0,1300.0,11.0,-0.3015873015873015,-0.3015873015873015,-0.3015873015873015,0.5109599395313681,-1.0,0.0,89.0,0.9998601779243528,0.5093247614056888,0.0,1.0,0.0337078651685393,0.0561797752808988,0.025,0.0,0.25,0.25,0.25,0.25,-0.6666666666666666,-0.6666666666666666,-0.3015873015873015,0.45,0.1639344262295082,0.1639344262295082,6.1,1,ISTANBUL,Sentetik,NORMAL
İstanbul-2026-09-09-5,2026-09-09,2026-09-09 15:30:00,ŞAFAKBERK-6,ŞAFAKBERK,6,57.0,1300.0,11.0,0.6,0.6,0.6,0.03,0.6,0.0,10.0,0.2689414213699951,0.70575840501642,0.0,0.0,0.3,0.5,0.0083333333333333,0.0,0.25,0.25,0.25,0.25,0.6,0.0,0.6,0.45,0.1652892561983471,0.1652892561983471,6.05,0,ISTANBUL,Sentetik,NORMAL
İstanbul-2026-09-09-5,2026-09-09,2026-09-09 15:30:00,TUGUNTAY-7,TUGUNTAY,7,54.0,1300.0,11.0,-1.3333333333333337,-1.3333333333333337,-1.3333333333333337,0.03,-1.3333333333333337,0.0,10.0,0.2689414213699951,0.4770673828799916,0.0,0.0,0.3,0.5,0.0083333333333333,0.0,0.25,0.25,0.25,0.25,-1.3333333333333337,0.0,-1.3333333333333337,0.45,0.1904761904761904,0.1904761904761904,5.25,0,ISTANBUL,Sentetik,NORMAL
İstanbul-2026-09-09-5,2026-09-09,2026-09-09 15:30:00,ÇİLDUTAY-8,ÇİLDUTAY,8,60.0,1300.0,11.0,0.5703463203463204,0.6155411255411256,0.5544372294372295,0.0730799272877194,0.75,0.0159090909090908,14.0,0.3775406687981454,0.7382523364271437,0.0,0.0,0.2142857142857142,0.3571428571428571,0.0833333333333333,0.0,0.25,0.25,0.25,0.25,0.5382635882635882,0.5076839826839826,0.4960678210678211,0.45,0.1904761904761904,0.1904761904761904,5.25,0,ISTANBUL,Sentetik,NORMAL
İstanbul-2026-09-09-5,2026-09-09,2026-09-09 15:30:00,NİSAM-9,NİSAM,9,57.0,1300.0,11.0,0.4590909090909091,0.5087878787878788,0.0906565656565656,0.0378861340679522,0.4,0.3684343434343435,14.0,0.3775406687981454,0.7085952776213276,0.0,0.0,0.2142857142857142,0.3571428571428571,0.05,0.0,0.25,0.25,0.25,0.25,0.0587878787878788,0.0,0.0906565656565656,0.45,0.1408450704225352,0.1408450704225352,7.1,0,ISTANBUL,Sentetik,NORMAL
İstanbul-2026-09-09-5,2026-09-09,2026-09-09 15:30:00,HAMZA KIZI-10,HAMZA KIZI,10,55.0,1300.0,11.0,0.2314814814814815,0.2314814814814815,0.2314814814814815,0.3042695473251028,0.1111111111111111,0.0,12.0,0.320821300824607,0.6464576189521488,0.0,0.0,0.25,0.4166666666666667,0.025,0.0,0.25,0.25,0.25,0.25,0.2916666666666667,0.2916666666666667,0.2314814814814815,0.45,0.0766283524904214,0.0766283524904214,13.05,0,ISTANBUL,Sentetik,NORMAL
İstanbul-2026-09-09-5,2026-09-09,2026-09-09 15:30:00,NESLİHAN HATUN-11,NESLİHAN HATUN,11,55.0,1300.0,11.0,-2.944444444444444,-2.944444444444444,-2.944444444444444,7.509259259259259,-4.0,0.0,13.0,0.3486451353339457,0.2057446404375345,0.0,0.0,0.2307692307692307,0.3846153846153846,0.025,0.0,0.25,0.25,0.25,0.25,-2.944444444444444,0.0,0.0,0.45,0.023094688221709,0.023094688221709,43.3,0,ISTANBUL,Sentetik,NORMAL
İstanbul-2026-09-09-6,2026-09-09,2026-09-09 16:00:00,BOLD RUNNER  K Kulaklık takılacağını ifade eder.-1,BOLD RUNNER  K Kulaklık takılacağını ifade eder.,1,62.0,1900.0,14.0,-1.712962962962963,-0.6277777777777778,-0.4222222222222221,6.27608024691358,-0.25,-1.2907407407407407,27.0,0.7549149868676283,0.6580485931084324,0.0,0.0,0.1111111111111111,0.1851851851851851,0.0666666666666666,0.0,0.25,0.25,0.25,0.25,-0.4007936507936507,-0.1666666666666666,-0.3277777777777778,0.45,0.0711743772241992,0.0711743772241992,14.05,0,ISTANBUL,Cim,NORMAL
İstanbul-2026-09-09-6,2026-09-09,2026-09-09 16:00:00,SÜPER HAN-2,SÜPER HAN,2,60.0,1900.0,14.0,0.9523809523809524,0.6380952380952382,0.0675595238095238,0.4108276643990929,1.0,0.8848214285714286,10.0,0.2689414213699951,0.7299533615854544,0.0,0.0,0.3,0.5,0.0583333333333333,0.0,0.25,0.25,0.25,0.25,0.3968253968253969,-0.35,0.5458333333333334,0.45,0.4444444444444444,0.4444444444444444,2.25,1,ISTANBUL,Cim,NORMAL
İstanbul-2026-09-09-6,2026-09-09,2026-09-09 16:00:00,GLONASS-3,GLONASS,3,57.0,1900.0,14.0,0.4523809523809524,0.5904761904761905,-0.4582972582972582,0.1370181405895691,0.5,0.9106782106782104,40.0,0.9399133498259924,0.7238062337565088,0.0,0.0,0.075,0.125,0.075,0.0,0.25,0.25,0.25,0.25,0.0,-0.6317941317941318,-0.7271241830065359,0.45,0.1219512195121951,0.1219512195121951,8.2,0,ISTANBUL,Cim,NORMAL
İstanbul-2026-09-09-6,2026-09-09,2026-09-09 16:00:00,MR HERMES-4,MR HERMES,4,59.0,1900.0,14.0,0.8333333333333334,0.7,0.3216666666666666,0.0541135204081632,0.625,0.5116666666666667,14.0,0.3775406687981454,0.7221409792093956,0.0,0.0,0.2142857142857142,0.3571428571428571,0.0416666666666666,0.0,0.25,0.25,0.25,0.25,0.5739583333333333,-0.0149999999999999,0.2341666666666667,0.45,0.2083333333333333,0.2083333333333333,4.8,0,ISTANBUL,Cim,NORMAL
İstanbul-2026-09-09-6,2026-09-09,2026-09-09 16:00:00,PEVRUL-5,PEVRUL,5,59.0,1900.0,14.0,0.375,0.4964285714285714,0.4766313932980599,0.1920280612244898,0.125,-0.1016313932980599,22.0,0.6224593312018546,0.7005194646596412,0.0,0.0,0.1363636363636363,0.2272727272727272,0.05,0.0,0.25,0.25,0.25,0.25,0.2991071428571428,0.5178571428571429,0.0,0.45,0.1666666666666666,0.1666666666666666,6.0,0,ISTANBUL,Cim,NORMAL
İstanbul-2026-09-09-6,2026-09-09,2026-09-09 16:00:00,BOUNDLESS GLORY-6,BOUNDLESS GLORY,6,57.5,1900.0,14.0,-0.6969696969696969,-0.0848484848484848,0.019036519036519,4.798306932966024,-4.0,-0.716006216006216,20.0,0.5621765008857981,0.2072505211576455,0.0,0.0,0.15,0.25,0.025,0.0,0.25,0.25,0.25,0.25,0.0,0.9090909090909092,0.7350427350427351,0.45,0.0714285714285714,0.0714285714285714,0.0,0,ISTANBUL,Cim,NORMAL
İstanbul-2026-09-09-6,2026-09-09,2026-09-09 16:00:00,TERZO MILLENNIO-7,TERZO MILLENNIO,7,51.5,1900.0,14.0,-5.708333333333333,-4.025,-1.8886904761904764,23.253125,-0.125,-3.8196428571428567,17.0,0.4687906266262437,0.6445972608354559,0.0,0.0,0.1764705882352941,0.2941176470588235,0.0166666666666666,0.0,0.25,0.25,0.25,0.25,0.0,0.125,-0.0166666666666666,0.45,0.0211640211640211,0.0211640211640211,47.25,0,ISTANBUL,Cim,NORMAL
İstanbul-2026-09-09-6,2026-09-09,2026-09-09 16:00:00,REGAL BELLE-8,REGAL BELLE,8,54.0,1900.0,14.0,-1.738095238095238,-1.1761904761904762,-0.3972527472527473,1.8218820861678,-3.5,-1.340842490842491,24.0,0.679178699175393,0.2805638066528299,0.0,0.0,0.125,0.2083333333333333,0.0416666666666666,0.0,0.25,0.25,0.25,0.25,-1.3035714285714286,-1.75,-0.4807692307692308,0.45,0.0115540150202195,0.0115540150202195,86.55,0,ISTANBUL,Cim,NORMAL
İstanbul-2026-09-09-6,2026-09-09,2026-09-09 16:00:00,SCARGIVER-9,SCARGIVER,9,54.0,1900.0,14.0,-0.2333333333333333,-1.282857142857143,-0.5682539682539683,7.285755102040815,-0.1999999999999999,0.334920634920635,12.0,0.320821300824607,0.6156328698893483,0.0,0.0,0.25,0.4166666666666667,0.0416666666666666,0.0,0.25,0.25,0.25,0.25,-0.3571428571428571,0.0857142857142857,-0.5682539682539683,0.45,0.099009900990099,0.099009900990099,10.1,0,ISTANBUL,Cim,NORMAL
İstanbul-2026-09-09-6,2026-09-09,2026-09-09 16:00:00,GENERAL EL CID-10,GENERAL EL CID,10,52.5,1900.0,14.0,-1.638888888888889,-2.316666666666667,-1.3302469135802468,5.404166666666667,-5.0,-0.3086419753086422,30.0,0.8175744761936437,0.1571419363995241,0.0,0.0,0.1,0.1666666666666666,0.0333333333333333,0.0,0.25,0.25,0.25,0.25,-1.9791666666666667,-2.316666666666667,-0.8715277777777778,0.45,0.1265822784810126,0.1265822784810126,7.9,0,ISTANBUL,Cim,NORMAL
İstanbul-2026-09-09-6,2026-09-09,2026-09-09 16:00:00,PERA CORDELIA-11,PERA CORDELIA,11,52.0,1900.0,14.0,0.6,0.29,-0.5071428571428571,0.2855000000000001,0.5,1.1071428571428572,12.0,0.320821300824607,0.6958724715821488,0.0,0.0,0.25,0.4166666666666667,0.0333333333333333,0.0,0.25,0.25,0.25,0.25,0.2333333333333333,0.5125,-0.725,0.45,0.0432900432900432,0.0432900432900432,23.1,0,ISTANBUL,Cim,NORMAL
İstanbul-2026-09-09-6,2026-09-09,2026-09-09 16:00:00,VALTROX-12,VALTROX,12,52.0,1900.0,14.0,-1.9,-0.9566666666666668,-0.9265432098765432,4.005222222222223,-4.0,-0.973456790123457,14.0,0.3775406687981454,0.2025591144830535,0.0,0.0,0.2142857142857142,0.3571428571428571,0.025,0.0,0.25,0.25,0.25,0.25,-0.5462962962962963,-0.9265432098765432,-1.9,0.45,0.0677966101694915,0.0677966101694915,14.75,0,ISTANBUL,Cim,NORMAL
İstanbul-2026-09-09-6,2026-09-09,2026-09-09 16:00:00,INVINCIBLE ARES-13,INVINCIBLE ARES,13,52.0,1900.0,14.0,-1.9814814814814816,-1.788888888888889,-1.1019444444444446,5.139506172839507,-5.0,-0.879537037037037,14.0,0.3775406687981454,0.1296892335535913,0.0,0.0,0.2142857142857142,0.3571428571428571,0.0666666666666666,0.0,0.25,0.25,0.25,0.25,-1.5240079365079364,-0.9466049382716052,-1.4885185185185184,0.45,0.0231749710312862,0.0231749710312862,43.15,0,ISTANBUL,Cim,NORMAL
İstanbul-2026-09-09-6,2026-09-09,2026-09-09 16:00:00,MR EKO-14,MR EKO,14,48.0,1900.0,14.0,-0.2494949494949495,-0.2494949494949495,-0.2494949494949495,0.1503795531068258,-0.6666666666666667,0.0,9.0,0.2450850131323717,0.5231997038100963,0.0,0.0,0.3333333333333333,0.5555555555555556,0.025,0.0,0.25,0.25,0.25,0.25,-0.0409090909090909,-0.2494949494949495,0.0,0.45,0.0275482093663911,0.0275482093663911,36.3,0,ISTANBUL,Cim,NORMAL
İstanbul-2026-09-09-7,2026-09-09,2026-09-09 16:30:00,MİR EMRE  K Kulaklık takılacağını ifade eder.-1,MİR EMRE  K Kulaklık takılacağını ifade eder.,1,58.5,1900.0,6.0,-1.0,-0.2,-0.6666666666666666,4.699999999999999,0.0,-0.3333333333333333,17.0,0.4687906266262437,0.674762243045497,0.0,0.0,0.1764705882352941,0.2941176470588235,0.0583333333333333,0.0,0.25,0.25,0.25,0.25,0.2592592592592593,-0.2799999999999999,-0.2,0.45,0.6896551724137931,0.6896551724137931,1.45,0,ISTANBUL,Cim,NORMAL
İstanbul-2026-09-09-7,2026-09-09,2026-09-09 16:30:00,TOUCH THE CLOUD-2,TOUCH THE CLOUD,2,60.0,1900.0,6.0,0.6944444444444445,0.6944444444444444,0.6543650793650794,0.0964506172839506,0.8333333333333334,0.0400793650793651,14.0,0.3775406687981454,0.7374888463890209,0.0,0.0,0.2142857142857142,0.3571428571428571,0.0416666666666666,0.0,0.25,0.25,0.25,0.25,0.625,0.3846230158730159,0.4230820105820105,0.45,0.2941176470588235,0.2941176470588235,3.4,0,ISTANBUL,Cim,NORMAL
İstanbul-2026-09-09-7,2026-09-09,2026-09-09 16:30:00,ATOMIC CAT-3,ATOMIC CAT,3,59.5,1900.0,6.0,0.0888888888888889,0.2700000000000001,-0.2494444444444444,0.3117222222222222,0.6666666666666667,0.3383333333333334,8.0,0.2227001388253088,0.6534237074978201,0.0,0.0,0.375,0.625,0.05,0.0,0.25,0.25,0.25,0.25,-0.2525462962962963,-0.3664777021919879,-0.8033333333333333,0.45,0.1526717557251908,0.1526717557251908,6.55,1,ISTANBUL,Cim,NORMAL
İstanbul-2026-09-09-7,2026-09-09,2026-09-09 16:30:00,PLAYMAKER-4,PLAYMAKER,4,60.0,1900.0,6.0,-3.5,-3.08,-1.2233333333333334,8.207,-7.0,-2.2766666666666664,7.0,0.2018132222603788,0.0074714036931054,1.0,0.0,0.4285714285714285,0.7142857142857143,0.025,0.0,0.25,0.25,0.25,0.25,-0.8925925925925926,-0.8571428571428572,-0.2616780045351475,0.45,0.0393700787401574,0.0393700787401574,25.4,0,ISTANBUL,Cim,NORMAL
İstanbul-2026-09-09-7,2026-09-09,2026-09-09 16:30:00,ROYAL TOUCH K Kulaklık takılacağını ifade eder.-5,ROYAL TOUCH K Kulaklık takılacağını ifade eder.,5,52.5,1900.0,6.0,0.6222222222222222,0.6733333333333335,-0.399047619047619,0.1168888888888889,0.1999999999999999,1.021269841269841,12.0,0.320821300824607,0.6377910516327472,0.0,0.0,0.25,0.4166666666666667,0.0416666666666666,0.0,0.25,0.25,0.25,0.25,0.0,0.4255555555555556,-0.4964726631393298,0.45,0.1666666666666666,0.1666666666666666,0.0,0,ISTANBUL,Cim,NORMAL
İstanbul-2026-09-09-7,2026-09-09,2026-09-09 16:30:00,HARD LION-6,HARD LION,6,53.5,1900.0,6.0,0.5555555555555556,-0.3333333333333332,-0.2898412698412698,2.5,0.6666666666666667,0.8453968253968254,12.0,0.320821300824607,0.7264463096789666,0.0,0.0,0.25,0.4166666666666667,0.05,0.0,0.25,0.25,0.25,0.25,-0.318342151675485,-0.0008658008658008,0.2222222222222222,0.45,0.2631578947368421,0.2631578947368421,3.8,0,ISTANBUL,Cim,NORMAL
İstanbul-2026-09-09-8,2026-09-09,2026-09-09 17:00:00,SUPER TOMO-1,SUPER TOMO,1,60.0,1600.0,7.0,0.2857142857142857,0.4914285714285714,-0.8542857142857143,0.2932244897959183,1.0,1.14,10.0,0.2689414213699951,0.6949434557753679,0.0,0.0,0.3,0.5,0.0583333333333333,0.0,0.25,0.25,0.25,0.25,-0.4358974358974358,-0.7959183673469388,-0.6571428571428571,0.45,0.1666666666666666,0.1666666666666666,6.0,0,ISTANBUL,Cim,NORMAL
İstanbul-2026-09-09-8,2026-09-09,2026-09-09 17:00:00,GOLDRAKHAN-2,GOLDRAKHAN,2,58.0,1600.0,7.0,-1.222222222222222,-0.8333333333333333,-0.5407407407407407,4.25,0.0,-0.6814814814814814,24.0,0.679178699175393,0.6728822161773792,0.0,0.0,0.125,0.2083333333333333,0.0333333333333333,0.0,0.25,0.25,0.25,0.25,-0.34,-0.611111111111111,-0.5407407407407407,0.45,0.4651162790697674,0.4651162790697674,2.15,0,ISTANBUL,Cim,NORMAL
İstanbul-2026-09-09-8,2026-09-09,2026-09-09 17:00:00,HİDAN  SKG-3,HİDAN  SKG,3,58.0,1600.0,7.0,0.746031746031746,0.7619047619047619,0.5621031746031746,0.0487528344671201,1.0,0.1839285714285714,14.0,0.3775406687981454,0.7652901121696424,0.0,0.0,0.2142857142857142,0.3571428571428571,0.0583333333333333,0.0,0.25,0.25,0.25,0.25,0.5026289682539683,0.7152777777777778,0.5850859788359789,0.45,0.1273885350318471,0.1273885350318471,7.85,0,ISTANBUL,Cim,NORMAL
İstanbul-2026-09-09-8,2026-09-09,2026-09-09 17:00:00,JAZZ RUNNER-4,JAZZ RUNNER,4,58.0,1600.0,7.0,0.4444444444444445,-0.1708333333333333,-0.0604166666666666,1.2500868055555556,0.0,0.5048611111111111,19.0,0.5312093733737563,0.6745309087718904,0.0,0.0,0.1578947368421052,0.2631578947368421,0.05,0.0,0.25,0.25,0.25,0.25,-0.3452380952380952,-0.1704166666666666,-0.0205357142857142,0.45,0.3846153846153846,0.3846153846153846,2.6,0,ISTANBUL,Cim,NORMAL
İstanbul-2026-09-09-8,2026-09-09,2026-09-09 17:00:00,SNOW LEOPARD-5,SNOW LEOPARD,5,58.0,1600.0,7.0,-2.0,-1.6833333333333336,-0.9616666666666668,6.334722222222222,-6.0,-1.038333333333333,20.0,0.5621765008857981,0.0891750041395164,0.0,0.0,0.15,0.25,0.05,0.0,0.25,0.25,0.25,0.25,0.1813186813186813,-1.1296536796536798,-0.5277777777777778,0.45,0.0324675324675324,0.0324675324675324,30.8,0,ISTANBUL,Cim,NORMAL
İstanbul-2026-09-09-8,2026-09-09,2026-09-09 17:00:00,TOUCH OF THUNDER-6,TOUCH OF THUNDER,6,58.0,1600.0,7.0,-0.75,-0.45,0.1666666666666666,2.575,0.5,-0.9166666666666666,14.0,0.3775406687981454,0.7188110023449787,0.0,0.0,0.2142857142857142,0.3571428571428571,0.05,0.0,0.25,0.25,0.25,0.25,0.3125,-0.2083333333333333,0.05,0.45,0.1526717557251908,0.1526717557251908,6.55,1,ISTANBUL,Cim,NORMAL
İstanbul-2026-09-09-8,2026-09-09,2026-09-09 17:00:00,TURAMUN-7,TURAMUN,7,58.0,1600.0,7.0,-0.111111111111111,-1.8222222222222224,-0.5503968253968253,17.47283950617284,1.0,0.4392857142857142,17.0,0.4687906266262437,0.7581787920440995,0.0,0.0,0.1764705882352941,0.2941176470588235,0.05,0.0,0.25,0.25,0.25,0.25,0.5333333333333333,-1.329365079365079,-0.4086640211640211,0.45,0.108695652173913,0.108695652173913,9.2,0,ISTANBUL,Cim,NORMAL
İstanbul-2026-09-09-9,2026-09-09,2026-09-09 17:30:00,ALTIN ADAM-1,ALTIN ADAM,1,57.0,1300.0,11.0,-0.7222222222222223,-0.3901515151515152,-0.3901515151515152,0.9893107208448118,-0.6666666666666667,-0.3320707070707071,12.0,0.320821300824607,0.5691061323891496,0.0,0.0,0.25,0.4166666666666667,0.0416666666666666,0.0,0.25,0.25,0.25,0.25,-0.3901515151515152,-0.2878787878787879,-0.1502525252525252,0.45,0.0539083557951482,0.0539083557951482,18.55,0,ISTANBUL,Sentetik,NORMAL
İstanbul-2026-09-09-9,2026-09-09,2026-09-09 17:30:00,ASMALI-2,ASMALI,2,57.0,1300.0,11.0,0.2125,0.2125,0.2125,0.3403124999999999,0.625,0.0,24.0,0.679178699175393,0.743437090973144,0.0,0.0,0.125,0.2083333333333333,0.0166666666666666,0.0,0.25,0.25,0.25,0.25,0.2125,0.2125,0.2125,0.45,0.1769911504424778,0.1769911504424778,5.65,0,ISTANBUL,Sentetik,NORMAL
İstanbul-2026-09-09-9,2026-09-09,2026-09-09 17:30:00,BATAGAY-3,BATAGAY,3,57.0,1300.0,11.0,0.35,0.35,0.35,0.0049999999999999,0.4,0.0,27.0,0.7549149868676283,0.7249206998354871,0.0,0.0,0.1111111111111111,0.1851851851851851,0.0166666666666666,0.0,0.25,0.25,0.25,0.25,0.35,0.3,0.3,0.45,0.032258064516129,0.032258064516129,31.0,0,ISTANBUL,Sentetik,NORMAL
İstanbul-2026-09-09-9,2026-09-09,2026-09-09 17:30:00,BİGASİ-4,BİGASİ,4,57.0,1300.0,11.0,0.0946969696969697,-0.5539772727272727,-0.5539772727272727,1.7237753960055098,0.375,0.6486742424242424,14.0,0.3775406687981454,0.7101415114215028,0.0,0.0,0.2142857142857142,0.3571428571428571,0.025,0.0,0.25,0.25,0.25,0.25,0.0946969696969697,-1.25,-0.5539772727272727,0.45,0.0505050505050505,0.0505050505050505,19.8,0,ISTANBUL,Sentetik,NORMAL
İstanbul-2026-09-09-9,2026-09-09,2026-09-09 17:30:00,DEV YÜREK-5,DEV YÜREK,5,57.0,1300.0,11.0,-2.833333333333333,-2.833333333333333,-2.833333333333333,20.08333333333333,0.0,0.0,12.0,0.320821300824607,0.6336595470799634,0.0,0.0,0.25,0.4166666666666667,0.025,0.0,0.25,0.25,0.25,0.25,-0.5,-0.5,-2.833333333333333,0.45,0.5555555555555556,0.5555555555555556,1.8,1,ISTANBUL,Sentetik,NORMAL
İstanbul-2026-09-09-9,2026-09-09,2026-09-09 17:30:00,FATİHİNASLANI-6,FATİHİNASLANI,6,57.0,1300.0,11.0,-0.6444444444444445,-0.6444444444444445,-0.6444444444444445,1.3792592592592596,-1.0,0.0,14.0,0.3775406687981454,0.5519546491188151,0.0,0.0,0.2142857142857142,0.3571428571428571,0.025,0.0,0.25,0.25,0.25,0.25,-0.6444444444444445,-0.4666666666666667,-0.6444444444444445,0.45,0.2564102564102564,0.2564102564102564,3.9,0,ISTANBUL,Sentetik,NORMAL
İstanbul-2026-09-09-9,2026-09-09,2026-09-09 17:30:00,SAROZ BEYİ-7,SAROZ BEYİ,7,57.0,1300.0,11.0,-3.9444444444444446,-2.716666666666667,-2.2222222222222223,13.193055555555556,-0.3333333333333332,-1.7222222222222223,14.0,0.3775406687981454,0.6291498587749625,0.0,0.0,0.2142857142857142,0.3571428571428571,0.0416666666666666,0.0,0.25,0.25,0.25,0.25,-2.263888888888889,-2.625,-1.805555555555556,0.45,0.0280898876404494,0.0280898876404494,35.6,0,ISTANBUL,Sentetik,NORMAL
İstanbul-2026-09-09-9,2026-09-09,2026-09-09 17:30:00,TANKIZI-8,TANKIZI,8,60.0,1300.0,11.0,0.1047619047619047,0.1906349206349206,0.3952741702741703,0.2781369362559839,0.6,-0.2905122655122656,12.0,0.320821300824607,0.6902486575131399,0.0,0.0,0.25,0.4166666666666667,0.0833333333333333,0.0,0.25,0.25,0.25,0.25,0.3690927128427128,0.6088356088356088,0.452334471084471,0.45,0.2247191011235955,0.2247191011235955,4.45,0,ISTANBUL,Sentetik,NORMAL
İstanbul-2026-09-09-9,2026-09-09,2026-09-09 17:30:00,ALCANZAR-9,ALCANZAR,9,55.0,1300.0,11.0,0.1237373737373737,0.1237373737373737,0.1237373737373737,0.0838116008570554,0.0,0.0,20.0,0.5621765008857981,0.6795138297946668,0.0,0.0,0.15,0.25,0.025,0.0,0.25,0.25,0.25,0.25,0.1237373737373737,0.4545454545454546,0.1856060606060606,0.45,0.0471698113207547,0.0471698113207547,21.2,0,ISTANBUL,Sentetik,NORMAL
İstanbul-2026-09-09-9,2026-09-09,2026-09-09 17:30:00,GÜZEL BANU-10,GÜZEL BANU,10,54.0,1300.0,11.0,-1.0,-1.0,-1.0,0.03,-1.0,0.0,110.0,0.9999898700090192,0.505081410129792,0.0,1.0,0.0272727272727272,0.0454545454545454,0.0083333333333333,0.0,0.25,0.25,0.25,0.25,-1.0,0.0,-1.0,0.45,0.0909090909090909,0.0909090909090909,0.0,0,ISTANBUL,Sentetik,NORMAL
İstanbul-2026-09-09-9,2026-09-09,2026-09-09 17:30:00,İCLAL BİKE-11,İCLAL BİKE,11,52.0,1300.0,11.0,-1.2833333333333334,-1.2833333333333334,-1.2833333333333334,5.565833333333334,-0.1,0.0,14.0,0.3775406687981454,0.6604360704204323,0.0,0.0,0.2142857142857142,0.3571428571428571,0.0166666666666666,0.0,0.25,0.25,0.25,0.25,0.0749999999999999,-1.875,-1.2833333333333334,0.45,0.0134408602150537,0.0134408602150537,74.4,0,ISTANBUL,Sentetik,NORMAL
Elazığ-2026-09-09-1,2026-09-09,2026-09-09 17:45:00,ATAKAYA HÜKÜMDARI-1,ATAKAYA HÜKÜMDARI,1,57.0,1200.0,11.0,-0.0101010101010101,-0.106060606060606,-0.1471861471861471,0.4691230486685032,-0.1666666666666667,0.137085137085137,9.0,0.2450850131323717,0.5816241954805119,0.0,0.0,0.3333333333333333,0.5555555555555556,0.05,0.0,0.25,0.25,0.25,0.25,-0.0727272727272727,-0.1471861471861471,-0.0606060606060606,0.45,0.0419287211740041,0.0419287211740041,23.85,0,ELAZIĞ,Kum,NORMAL
Elazığ-2026-09-09-1,2026-09-09,2026-09-09 17:45:00,KİNG BEDİRHAN-2,KİNG BEDİRHAN,2,54.0,1200.0,11.0,-1.222222222222222,-1.7333333333333332,-1.7333333333333332,2.1888888888888887,-2.0,0.5111111111111111,9.0,0.2450850131323717,0.3588047703600439,0.0,0.0,0.3333333333333333,0.5555555555555556,0.0416666666666666,0.0,0.25,0.25,0.25,0.25,-1.6666666666666667,-1.7333333333333332,-1.7333333333333332,0.45,0.0934579439252336,0.0934579439252336,10.7,0,ELAZIĞ,Kum,NORMAL
Elazığ-2026-09-09-1,2026-09-09,2026-09-09 17:45:00,MİRAÇHAT  SKG-3,MİRAÇHAT  SKG,3,57.0,1200.0,11.0,-1.2857142857142858,-1.2857142857142858,-1.2857142857142858,2.5306122448979598,-3.0,0.0,18.0,0.5,0.3249509491061629,0.0,0.0,0.1666666666666666,0.2777777777777778,0.025,0.0,0.25,0.25,0.25,0.25,-2.0,-1.2857142857142858,0.1428571428571429,0.45,0.045045045045045,0.045045045045045,22.2,0,ELAZIĞ,Kum,NORMAL
Elazığ-2026-09-09-1,2026-09-09,2026-09-09 17:45:00,MİRZACAN  SKG-4,MİRZACAN  SKG,4,57.0,1200.0,11.0,0.4722222222222222,0.4255952380952381,0.4255952380952381,0.0472765495086923,0.75,0.0466269841269841,9.0,0.2450850131323717,0.6902121083847267,0.0,0.0,0.3333333333333333,0.5555555555555556,0.0333333333333333,0.0,0.25,0.25,0.25,0.25,0.3174603174603175,0.4255952380952381,0.4722222222222222,0.45,0.303030303030303,0.303030303030303,3.3,0,ELAZIĞ,Kum,NORMAL
Elazığ-2026-09-09-1,2026-09-09,2026-09-09 17:45:00,URFA KAPLANI-5,URFA KAPLANI,5,57.0,1200.0,11.0,0.2857142857142857,0.378021978021978,0.3653846153846153,0.219934790484241,0.4,-0.0796703296703296,18.0,0.5,0.7168498107768178,0.0,0.0,0.1666666666666666,0.2777777777777778,0.075,0.0,0.25,0.25,0.25,0.25,0.3653846153846153,0.3653846153846153,0.0,0.45,0.0947867298578199,0.0947867298578199,10.55,0,ELAZIĞ,Kum,NORMAL
Elazığ-2026-09-09-1,2026-09-09,2026-09-09 17:45:00,PRENSES FADİLE-6,PRENSES FADİLE,6,58.0,1200.0,11.0,-0.4095238095238095,-0.0623809523809523,0.1639610389610389,0.4277902494331066,-1.0,-0.5734848484848485,7.0,0.2018132222603788,0.131298773905951,1.0,0.0,0.4285714285714285,0.7142857142857143,0.0583333333333333,0.0,0.25,0.25,0.25,0.25,0.1639610389610389,0.1639610389610389,0.0610119047619047,0.45,0.1694915254237288,0.1694915254237288,5.9,0,ELAZIĞ,Kum,NORMAL
Elazığ-2026-09-09-1,2026-09-09,2026-09-09 17:45:00,ELİFİN IŞIĞI-7,ELİFİN IŞIĞI,7,57.0,1200.0,11.0,0.2638888888888889,0.2638888888888889,0.2638888888888889,0.1255787037037037,0.0,0.0,7.0,0.2018132222603788,0.203776334090818,1.0,0.0,0.4285714285714285,0.7142857142857143,0.025,0.0,0.25,0.25,0.25,0.25,0.2638888888888889,0.2638888888888889,0.2638888888888889,0.45,0.238095238095238,0.238095238095238,4.2,1,ELAZIĞ,Kum,NORMAL
Elazığ-2026-09-09-1,2026-09-09,2026-09-09 17:45:00,ALGHABRA-8,ALGHABRA,8,55.0,1200.0,11.0,-0.7380952380952381,-0.4761904761904763,-0.4761904761904763,0.8064058956916098,-0.5,-0.2619047619047618,7.0,0.2018132222603788,0.1643528963415402,1.0,0.0,0.4285714285714285,0.7142857142857143,0.0416666666666666,0.0,0.25,0.25,0.25,0.25,-0.2222222222222222,-0.4761904761904763,-0.5535714285714286,0.45,0.0778210116731517,0.0778210116731517,12.85,0,ELAZIĞ,Kum,NORMAL
Elazığ-2026-09-09-1,2026-09-09,2026-09-09 17:45:00,FATMA ŞAH-9,FATMA ŞAH,9,54.0,1200.0,11.0,0.0384615384615384,0.0384615384615384,0.0384615384615384,0.0029585798816568,0.0769230769230768,0.0,7.0,0.2018132222603788,0.2111963872075821,1.0,0.0,0.4285714285714285,0.7142857142857143,0.0166666666666666,0.0,0.25,0.25,0.25,0.25,0.0384615384615384,0.0384615384615384,0.0384615384615384,0.45,0.0188323917137476,0.0188323917137476,53.1,0,ELAZIĞ,Kum,NORMAL
Elazığ-2026-09-09-1,2026-09-09,2026-09-09 17:45:00,MAVİ DAMLA-10,MAVİ DAMLA,10,55.0,1200.0,11.0,-0.3333333333333333,-0.3333333333333333,-0.3333333333333333,0.2222222222222222,-0.6666666666666667,0.0,7.0,0.2018132222603788,0.1549634659769475,1.0,0.0,0.4285714285714285,0.7142857142857143,0.025,0.0,0.25,0.25,0.25,0.25,0.0,-0.2222222222222222,-0.2222222222222222,0.45,0.0778210116731517,0.0778210116731517,12.85,0,ELAZIĞ,Kum,NORMAL
Elazığ-2026-09-09-1,2026-09-09,2026-09-09 17:45:00,SEYYARETAY-11,SEYYARETAY,11,55.0,1200.0,11.0,0.3657407407407407,0.3657407407407407,0.3657407407407407,0.0193544238683127,0.5,0.0,7.0,0.2018132222603788,0.247338612611372,1.0,0.0,0.4285714285714285,0.7142857142857143,0.025,0.0,0.25,0.25,0.25,0.25,0.3657407407407407,0.3657407407407407,0.3657407407407407,0.45,0.3508771929824561,0.3508771929824561,2.85,0,ELAZIĞ,Kum,NORMAL
İstanbul-2026-09-09-10,2026-09-09,2026-09-09 18:00:00,DURUSU BEYİ-1,DURUSU BEYİ,1,59.0,1200.0,18.0,-0.35,-0.26,-0.8300000000000001,0.58175,0.1999999999999999,0.48,21.0,0.5926665999540697,0.7052408830311745,0.0,0.0,0.1428571428571428,0.238095238095238,0.0583333333333333,0.0,0.25,0.25,0.25,0.25,-0.6652777777777777,-0.4333333333333333,-0.7875000000000001,0.45,0.1257861635220125,0.1257861635220125,7.95,0,ISTANBUL,Sentetik,NORMAL
İstanbul-2026-09-09-10,2026-09-09,2026-09-09 18:00:00,TAHAYYÜL-2,TAHAYYÜL,2,59.0,1200.0,18.0,-1.3222222222222222,-1.143333333333333,-1.8073809523809523,4.402722222222222,0.8333333333333334,0.4851587301587303,21.0,0.5926665999540697,0.767761501521129,0.0,0.0,0.1428571428571428,0.238095238095238,0.05,0.0,0.25,0.25,0.25,0.25,0.5941798941798941,-0.4206349206349206,-1.9685185185185188,0.45,0.1290322580645161,0.1290322580645161,7.75,0,ISTANBUL,Sentetik,NORMAL
İstanbul-2026-09-09-10,2026-09-09,2026-09-09 18:00:00,KULAGER-3,KULAGER,3,57.0,1200.0,18.0,-1.5833333333333333,-1.25,-1.0852014652014652,3.7222222222222223,0.0,-0.498131868131868,76.0,0.9992903296008996,0.5457053875844059,0.0,1.0,0.0394736842105263,0.0657894736842105,0.0416666666666666,0.0,0.25,0.25,0.25,0.25,-0.1267704517704517,-0.2111111111111111,-0.4309523809523809,0.45,0.0129870129870129,0.0129870129870129,77.0,0,ISTANBUL,Sentetik,NORMAL
İstanbul-2026-09-09-10,2026-09-09,2026-09-09 18:00:00,LUSİA-4,LUSİA,4,57.0,1200.0,18.0,-0.6666666666666666,-0.4666666666666666,-0.4897619047619048,0.5888888888888889,-1.0,-0.1769047619047618,40.0,0.9399133498259924,0.5801363955312802,0.0,0.0,0.075,0.125,0.05,0.0,0.25,0.25,0.25,0.25,-0.523639455782313,-0.4214285714285714,-0.4708459979736575,0.45,0.0775193798449612,0.0775193798449612,12.9,0,ISTANBUL,Sentetik,NORMAL
İstanbul-2026-09-09-10,2026-09-09,2026-09-09 18:00:00,ALKANLI-5,ALKANLI,5,56.0,1200.0,18.0,-0.6666666666666666,0.0,-0.0166666666666666,5.0,1.0,-0.65,533.0,1.0,0.7410060096729801,0.0,1.0,0.0056285178236397,0.0093808630393996,0.0,0.0,0.25,0.25,0.25,0.25,0.5631868131868132,0.2214285714285714,0.2678571428571428,0.45,0.18348623853211,0.18348623853211,5.45,0,ISTANBUL,Sentetik,NORMAL
İstanbul-2026-09-09-10,2026-09-09,2026-09-09 18:00:00,ESEN BATU-6,ESEN BATU,6,56.0,1200.0,18.0,-0.3,-0.38,-0.3316666666666666,1.3220000000000005,0.0999999999999999,0.0316666666666666,140.0,0.99999976176309,0.6219556198309744,0.0,1.0,0.0214285714285714,0.0357142857142857,0.0,0.0,0.25,0.25,0.25,0.25,-0.9496753246753248,-0.1347439916405433,-0.6690012368583795,0.45,0.0371057513914656,0.0371057513914656,26.95,0,ISTANBUL,Sentetik,NORMAL
İstanbul-2026-09-09-10,2026-09-09,2026-09-09 18:00:00,KAHRAMAN EVLAT-7,KAHRAMAN EVLAT,7,54.0,1200.0,18.0,-1.5303030303030305,-2.743181818181818,-1.831590909090909,17.162164256198345,-5.0,0.3012878787878787,196.0,0.999999999782756,0.0951150077071381,0.0,1.0,0.0153061224489795,0.0255102040816326,0.0,0.0,0.25,0.25,0.25,0.25,-0.6983285233285235,-1.8608100233100235,-1.60599173553719,0.45,0.0159362549800796,0.0159362549800796,62.75,0,ISTANBUL,Sentetik,NORMAL
İstanbul-2026-09-09-10,2026-09-09,2026-09-09 18:00:00,KILIÇ İBO-8,KILIÇ İBO,8,56.0,1200.0,18.0,-1.222222222222222,-1.0666666666666669,-1.0178571428571428,0.9666666666666668,-1.6666666666666663,-0.2043650793650793,19.0,0.5312093733737563,0.447280019974308,0.0,0.0,0.1578947368421052,0.2631578947368421,0.0666666666666666,0.0,0.25,0.25,0.25,0.25,-0.9183035714285716,-0.35,-0.4828571428571428,0.45,0.175438596491228,0.175438596491228,5.7,0,ISTANBUL,Sentetik,NORMAL
İstanbul-2026-09-09-10,2026-09-09,2026-09-09 18:00:00,NAMSAL-9,NAMSAL,9,56.0,1200.0,18.0,-0.0666666666666667,-0.76,-0.7744444444444445,3.950222222222223,0.3333333333333333,0.7077777777777778,7.0,0.2018132222603788,0.2164983102007854,1.0,0.0,0.4285714285714285,0.7142857142857143,0.0333333333333333,0.0,0.25,0.25,0.25,0.25,-0.0023809523809523,-0.2095238095238095,-0.075,0.45,0.4545454545454545,0.4545454545454545,2.2,1,ISTANBUL,Sentetik,NORMAL
İstanbul-2026-09-09-10,2026-09-09,2026-09-09 18:00:00,KONAKLI-10,KONAKLI,10,55.0,1200.0,18.0,0.0,0.0,0.0,0.03,0.0,0.0,341.0,1.0,0.6431026859446931,0.0,1.0,0.0087976539589442,0.0146627565982404,0.0,0.0,0.25,0.25,0.25,0.25,0.0,0.0,0.0,0.45,0.0124223602484472,0.0124223602484472,80.5,0,ISTANBUL,Sentetik,NORMAL
İstanbul-2026-09-09-10,2026-09-09,2026-09-09 18:00:00,DİLAN KIZ-11,DİLAN KIZ,11,54.0,1200.0,18.0,-0.5833333333333334,-1.4166666666666667,-1.5016666666666667,2.701388888888889,-1.75,0.9183333333333332,7.0,0.2018132222603788,0.0877685522870455,1.0,0.0,0.4285714285714285,0.7142857142857143,0.05,0.0,0.25,0.25,0.25,0.25,-0.7842101775775244,-1.0392290249433107,-1.0559150619495443,0.45,0.0520833333333333,0.0520833333333333,19.2,0,ISTANBUL,Sentetik,NORMAL
İstanbul-2026-09-09-10,2026-09-09,2026-09-09 18:00:00,CABİRE SULTAN-12,CABİRE SULTAN,12,52.0,1200.0,18.0,0.6660818713450293,0.7478844169246648,0.7011302766720724,0.0156235136496617,0.631578947368421,-0.0350484053270431,14.0,0.3775406687981454,0.7279726571602376,0.0,0.0,0.2142857142857142,0.3571428571428571,0.075,0.0,0.25,0.25,0.25,0.25,0.3982810483380795,0.5266228542699131,0.5092564123040129,0.45,0.0281293952180028,0.0281293952180028,35.55,0,ISTANBUL,Sentetik,NORMAL
İstanbul-2026-09-09-10,2026-09-09,2026-09-09 18:00:00,MAHMUT USTA-13,MAHMUT USTA,13,52.0,1200.0,18.0,-0.7196969696969697,-0.6103896103896104,-0.830194805194805,0.6976988109293304,-0.25,0.1104978354978353,94.0,0.9999251537724896,0.575153198699306,0.0,1.0,0.0319148936170212,0.0531914893617021,0.0083333333333333,0.0,0.25,0.25,0.25,0.25,0.0482615268329554,-0.2416137566137566,-0.855761316872428,0.45,0.0350262697022767,0.0350262697022767,28.55,0,ISTANBUL,Sentetik,NORMAL
İstanbul-2026-09-09-10,2026-09-09,2026-09-09 18:00:00,ATARTAY-14,ATARTAY,14,52.0,1200.0,18.0,-5.333333333333333,-3.333333333333333,-2.338888888888889,42.72222222222221,-15.0,-2.994444444444444,14.0,0.3775406687981454,0.0011072566880863,0.0,0.0,0.2142857142857142,0.3571428571428571,0.0416666666666666,0.0,0.25,0.25,0.25,0.25,-1.875661375661376,-0.9995590828924164,-2.2980859010270778,0.45,0.0097799511002444,0.0097799511002444,102.25,0,ISTANBUL,Sentetik,NORMAL
İstanbul-2026-09-09-10,2026-09-09,2026-09-09 18:00:00,BABA ZAMAN-15,BABA ZAMAN,15,56.0,1200.0,18.0,-1.150793650793651,-0.6354761904761904,-1.2298593073593076,2.649804705215419,-0.2857142857142858,0.0790656565656566,38.0,0.9241418199787566,0.6518413317851424,0.0,0.0,0.0789473684210526,0.131578947368421,0.0583333333333333,0.0,0.25,0.25,0.25,0.25,-1.5803485162180817,-1.1676286676286678,-1.705118326118326,0.45,0.0408163265306122,0.0408163265306122,24.5,0,ISTANBUL,Sentetik,NORMAL
İstanbul-2026-09-09-10,2026-09-09,2026-09-09 18:00:00,SUSADIM-16,SUSADIM,16,53.0,1200.0,18.0,-1.257936507936508,-0.988095238095238,-0.2926190476190476,2.1767998866213145,-3.333333333333333,-0.9653174603174604,21.0,0.5926665999540697,0.2943633171920417,0.0,0.0,0.1428571428571428,0.238095238095238,0.0333333333333333,0.0,0.25,0.25,0.25,0.25,-0.2069727891156462,-0.3592261904761904,-0.1840136054421768,0.45,0.0115540150202195,0.0115540150202195,86.55,0,ISTANBUL,Sentetik,NORMAL
İstanbul-2026-09-09-10,2026-09-09,2026-09-09 18:00:00,TARLABAŞI-17,TARLABAŞI,17,54.0,1200.0,18.0,-2.3028846153846154,-2.481730769230769,-1.404357448107448,10.48003420857988,0.4375,-0.8985271672771675,14.0,0.3775406687981454,0.7124517316161091,0.0,0.0,0.2142857142857142,0.3571428571428571,0.05,0.0,0.25,0.25,0.25,0.25,-0.1764219576719576,-1.1597222222222223,-0.3659527201193868,0.45,0.0118133490844654,0.0118133490844654,84.65,0,ISTANBUL,Sentetik,NORMAL
İstanbul-2026-09-09-10,2026-09-09,2026-09-09 18:00:00,BİGBERK-18,BİGBERK,18,54.0,1200.0,18.0,-1.4734848484848484,-1.884090909090909,-0.9470454545454544,6.962060950413225,-4.5,-0.5264393939393939,14.0,0.3775406687981454,0.1763276984888044,0.0,0.0,0.2142857142857142,0.3571428571428571,0.025,0.0,0.25,0.25,0.25,0.25,-0.9137121212121212,0.2698863636363636,-0.8030934343434343,0.45,0.0179372197309417,0.0179372197309417,55.75,0,ISTANBUL,Sentetik,NORMAL
Elazığ-2026-09-09-2,2026-09-09,2026-09-09 18:30:00,ALPERİN KIZI-1,ALPERİN KIZI,1,57.0,1200.0,6.0,-0.3166666666666666,-0.19,-0.1095959595959595,0.2305,-0.1999999999999999,-0.207070707070707,16.0,0.4378234991142019,0.649270313153141,0.0,0.0,0.1875,0.3125,0.0583333333333333,0.0,0.25,0.25,0.25,0.25,-0.1545454545454545,-0.1095959595959595,-0.1232954545454545,0.45,0.111731843575419,0.111731843575419,8.95,0,ELAZIĞ,Kum,NORMAL
Elazığ-2026-09-09-2,2026-09-09,2026-09-09 18:30:00,GODDESS OF BEAUTY-2,GODDESS OF BEAUTY,2,57.0,1200.0,6.0,0.4166666666666667,0.3399999999999999,-0.3833333333333333,0.20925,0.5,0.8,16.0,0.4378234991142019,0.7269428335024738,0.0,0.0,0.1875,0.3125,0.0416666666666666,0.0,0.25,0.25,0.25,0.25,-0.3833333333333333,0.3625,0.4166666666666667,0.45,0.2898550724637681,0.2898550724637681,3.45,0,ELAZIĞ,Kum,NORMAL
Elazığ-2026-09-09-2,2026-09-09,2026-09-09 18:30:00,KING RHAEGAL-3,KING RHAEGAL,3,57.0,1200.0,6.0,0.0444444444444444,-0.3,-0.3,0.9674074074074076,-0.6666666666666667,0.3444444444444445,9.0,0.2450850131323717,0.5542302813183,0.0,0.0,0.3333333333333333,0.5555555555555556,0.0333333333333333,0.0,0.25,0.25,0.25,0.25,-0.3,-0.3,-0.3,0.45,0.2222222222222222,0.2222222222222222,4.5,1,ELAZIĞ,Kum,NORMAL
Elazığ-2026-09-09-2,2026-09-09,2026-09-09 18:30:00,BERNAMCAN-4,BERNAMCAN,4,57.0,1200.0,6.0,-3.6666666666666665,-1.96,-1.8642857142857143,6.207999999999998,-3.0,-1.802380952380952,25.0,0.7057850278370112,0.3350719992601042,0.0,0.0,0.12,0.2,0.0416666666666666,0.0,0.25,0.25,0.25,0.25,-1.8642857142857143,-1.8642857142857143,-5.0,0.45,0.0711743772241992,0.0711743772241992,14.05,0,ELAZIĞ,Kum,NORMAL
Elazığ-2026-09-09-2,2026-09-09,2026-09-09 18:30:00,KUMSAL STAR-5,KUMSAL STAR,5,55.0,1200.0,6.0,0.8424242424242424,0.7483116883116884,-0.5591774891774891,0.0323194467869792,1.0,1.4016017316017315,11.0,0.2942149721629887,0.7479820731204764,0.0,0.0,0.2727272727272727,0.4545454545454545,0.0833333333333333,0.0,0.25,0.25,0.25,0.25,-0.5591774891774891,-0.5657527657527658,0.0,0.45,0.6060606060606061,0.6060606060606061,1.65,0,ELAZIĞ,Kum,NORMAL
Elazığ-2026-09-09-2,2026-09-09,2026-09-09 18:30:00,EMİNÖNÜ-6,EMİNÖNÜ,6,56.0,1200.0,6.0,0.45,0.45,0.45,0.03,0.45,0.0,30.0,0.8175744761936437,0.7499476922271856,0.0,0.0,0.1,0.1666666666666666,0.0,0.0,0.25,0.25,0.25,0.25,0.45,0.45,0.45,0.45,0.1379310344827586,0.1379310344827586,7.25,0,ELAZIĞ,Kum,NORMAL
Elazığ-2026-09-09-3,2026-09-09,2026-09-09 19:00:00,YAĞIZALP-1,YAĞIZALP,1,62.5,1500.0,12.0,-0.8214285714285715,-1.3928571428571428,-1.7989926739926738,7.673469387755103,-3.0,0.9775641025641024,9.0,0.2450850131323717,0.2568850142241348,0.0,0.0,0.3333333333333333,0.5555555555555556,0.05,0.0,0.25,0.25,0.25,0.25,-0.2154503616042077,-0.6108353098149016,-0.5234848484848486,0.45,0.111731843575419,0.111731843575419,8.95,1,ELAZIĞ,Kum,NORMAL
Elazığ-2026-09-09-3,2026-09-09,2026-09-09 19:00:00,KARA KORSAN  SKG-2,KARA KORSAN  SKG,2,61.5,1500.0,12.0,-3.333333333333333,-1.7194444444444443,-1.5660714285714286,27.05327932098765,0.0,-1.767261904761905,16.0,0.4378234991142019,0.633942229705443,0.0,0.0,0.1875,0.3125,0.0583333333333333,0.0,0.25,0.25,0.25,0.25,-0.8312781494599675,-0.84687794089968,-1.8444444444444443,0.45,0.1639344262295082,0.1639344262295082,6.1,0,ELAZIĞ,Kum,NORMAL
Elazığ-2026-09-09-3,2026-09-09,2026-09-09 19:00:00,KILIÇBAĞI-3,KILIÇBAĞI,3,61.5,1500.0,12.0,-0.7196969696969697,-0.4118181818181818,-0.3792424242424242,0.595698347107438,0.0909090909090909,-0.3404545454545455,7.0,0.2018132222603788,0.1888649126630771,1.0,0.0,0.4285714285714285,0.7142857142857143,0.075,0.0,0.25,0.25,0.25,0.25,0.2442412850307587,-0.1348727802809435,-0.2590496804782519,0.45,0.0390625,0.0390625,25.6,0,ELAZIĞ,Kum,NORMAL
Elazığ-2026-09-09-3,2026-09-09,2026-09-09 19:00:00,QUATRO-4,QUATRO,4,61.5,1500.0,12.0,0.1879629629629629,0.2127777777777778,-0.1450396825396825,0.5011404320987654,0.1333333333333333,0.3330026455026454,7.0,0.2018132222603788,0.1942140644483592,1.0,0.0,0.4285714285714285,0.7142857142857143,0.0583333333333333,0.0,0.25,0.25,0.25,0.25,-0.489990126832232,-0.3805916305916305,-0.0765719970265424,0.45,0.0515463917525773,0.0515463917525773,19.4,0,ELAZIĞ,Kum,NORMAL
Elazığ-2026-09-09-3,2026-09-09,2026-09-09 19:00:00,YOLKIRAN-5,YOLKIRAN,5,58.5,1500.0,12.0,-1.7196969696969695,-0.8595959595959595,-0.2222222222222222,3.6127710182634414,-1.25,-1.4974747474747474,9.0,0.2450850131323717,0.4516790600445062,0.0,0.0,0.3333333333333333,0.5555555555555556,0.0583333333333333,0.0,0.25,0.25,0.25,0.25,-1.6234693877551023,-1.1228605935127671,-0.3594771241830065,0.45,0.053050397877984,0.053050397877984,18.85,0,ELAZIĞ,Kum,NORMAL
Elazığ-2026-09-09-3,2026-09-09,2026-09-09 19:00:00,MESTAN BEY-6,MESTAN BEY,6,61.0,1500.0,12.0,0.1031746031746031,-1.138095238095238,-0.6246031746031745,4.892970521541949,0.1666666666666666,0.7277777777777776,14.0,0.3775406687981454,0.6559365774369077,0.0,0.0,0.2142857142857142,0.3571428571428571,0.0833333333333333,0.0,0.25,0.25,0.25,0.25,-0.3697691197691197,-0.6446145124716552,-0.8703703703703703,0.45,0.0352112676056338,0.0352112676056338,28.4,0,ELAZIĞ,Kum,NORMAL
Elazığ-2026-09-09-3,2026-09-09,2026-09-09 19:00:00,ÇELİK SEMEND-7,ÇELİK SEMEND,7,59.5,1500.0,12.0,-2.2222222222222223,-1.330952380952381,-1.2697619047619049,4.563520408163265,-5.0,-0.9524603174603176,37.0,0.9149009549929796,0.1439697257872709,0.0,0.0,0.081081081081081,0.1351351351351351,0.0583333333333333,0.0,0.25,0.25,0.25,0.25,-0.4994360902255638,-0.7545787545787547,-1.2777777777777777,0.45,0.0573065902578796,0.0573065902578796,17.45,0,ELAZIĞ,Kum,NORMAL
Elazığ-2026-09-09-3,2026-09-09,2026-09-09 19:00:00,BİRÇETİN-8,BİRÇETİN,8,56.5,1500.0,12.0,0.3611111111111111,0.1166666666666666,0.3383333333333333,0.1513888888888889,0.25,0.0227777777777778,9.0,0.2450850131323717,0.6447660865999986,0.0,0.0,0.3333333333333333,0.5555555555555556,0.0083333333333333,0.0,0.25,0.25,0.25,0.25,0.2976190476190476,0.3448412698412698,0.25,0.45,0.1428571428571428,0.1428571428571428,7.0,0,ELAZIĞ,Kum,NORMAL
Elazığ-2026-09-09-3,2026-09-09,2026-09-09 19:00:00,MELİHTAY-9,MELİHTAY,9,56.5,1500.0,12.0,0.2148148148148148,-0.0996825396825396,-0.4826190476190475,0.3329281934996221,0.5555555555555556,0.6974338624338623,9.0,0.2450850131323717,0.6701555984022607,0.0,0.0,0.3333333333333333,0.5555555555555556,0.0583333333333333,0.0,0.25,0.25,0.25,0.25,0.1351686507936508,0.0485260770975057,-0.1746031746031746,0.45,0.1492537313432835,0.1492537313432835,6.7,0,ELAZIĞ,Kum,NORMAL
Elazığ-2026-09-09-3,2026-09-09,2026-09-09 19:00:00,MUCİZE HAN-10,MUCİZE HAN,10,56.5,1500.0,12.0,0.5166666666666667,0.31,0.5466666666666666,0.3055,-0.25,-0.0299999999999999,23.0,0.6513548646660542,0.6463688606821351,0.0,0.0,0.1304347826086956,0.217391304347826,0.0083333333333333,0.0,0.25,0.25,0.25,0.25,-0.5135802469135802,-1.5576984126984128,-2.6164965986394555,0.45,0.1129943502824858,0.1129943502824858,8.85,0,ELAZIĞ,Kum,NORMAL
Elazığ-2026-09-09-3,2026-09-09,2026-09-09 19:00:00,ÖZAYDIN-11,ÖZAYDIN,11,56.5,1500.0,12.0,0.296037296037296,0.3776223776223776,0.4177000777000777,0.1850212724338598,0.0,-0.1216627816627816,9.0,0.2450850131323717,0.614067990849063,0.0,0.0,0.3333333333333333,0.5555555555555556,0.0166666666666666,0.0,0.25,0.25,0.25,0.25,0.657165404040404,0.629016750445322,0.296037296037296,0.45,0.5263157894736842,0.5263157894736842,1.9,0,ELAZIĞ,Kum,NORMAL
Elazığ-2026-09-09-3,2026-09-09,2026-09-09 19:00:00,BİTİRİM SEDA-12,BİTİRİM SEDA,12,55.0,1500.0,12.0,-1.1111111111111112,-0.7523809523809524,-1.2136904761904763,1.0684807256235829,-2.0,0.1025793650793651,9.0,0.2450850131323717,0.3584214208154491,0.0,0.0,0.3333333333333333,0.5555555555555556,0.075,0.0,0.25,0.25,0.25,0.25,-0.3824088609802895,-0.5757364163614163,-0.4275850340136055,0.45,0.111731843575419,0.111731843575419,8.95,0,ELAZIĞ,Kum,NORMAL
Elazığ-2026-09-09-4,2026-09-09,2026-09-09 19:30:00,ADANALI DEMİR-1,ADANALI DEMİR,1,57.0,1200.0,11.0,-1.0000000000000002,-0.2933333333333333,-0.1575757575757575,2.452444444444444,0.1666666666666666,-0.8424242424242426,9.0,0.2450850131323717,0.6199755489215394,0.0,0.0,0.3333333333333333,0.5555555555555556,0.0583333333333333,0.0,0.25,0.25,0.25,0.25,-0.2206060606060606,-0.1575757575757575,-0.1575757575757575,0.45,0.2150537634408602,0.2150537634408602,4.65,0,ELAZIĞ,Kum,NORMAL
Elazığ-2026-09-09-4,2026-09-09,2026-09-09 19:30:00,FIRATHAN AĞASI  SKG-2,FIRATHAN AĞASI  SKG,2,57.0,1200.0,11.0,-0.0407407407407407,-0.253015873015873,-0.2516754850088183,0.8971826656588562,0.7777777777777778,0.2109347442680775,18.0,0.5,0.7572714027321078,0.0,0.0,0.1666666666666666,0.2777777777777778,0.05,0.0,0.25,0.25,0.25,0.25,-0.2516754850088183,-0.1603174603174603,0.1999999999999999,0.45,0.3278688524590164,0.3278688524590164,3.05,0,ELAZIĞ,Kum,NORMAL
Elazığ-2026-09-09-4,2026-09-09,2026-09-09 19:30:00,GÜLPAŞA-3,GÜLPAŞA,3,57.0,1200.0,11.0,-0.3888888888888888,-0.0674242424242423,-0.0674242424242423,1.1991821625344352,-2.0,-0.3214646464646464,9.0,0.2450850131323717,0.3588047703600439,0.0,0.0,0.3333333333333333,0.5555555555555556,0.0416666666666666,0.0,0.25,0.25,0.25,0.25,0.332070707070707,-0.0674242424242423,-0.0674242424242423,0.45,0.124223602484472,0.124223602484472,8.05,0,ELAZIĞ,Kum,NORMAL
Elazığ-2026-09-09-4,2026-09-09,2026-09-09 19:30:00,RECEPPAŞA-4,RECEPPAŞA,4,57.0,1200.0,11.0,0.5277777777777778,0.3333333333333333,-0.9523809523809524,0.1145833333333333,0.5,1.4801587301587302,9.0,0.2450850131323717,0.6583862632222809,0.0,0.0,0.3333333333333333,0.5555555555555556,0.0583333333333333,0.0,0.25,0.25,0.25,0.25,-1.5833333333333337,-0.9523809523809524,0.2222222222222222,0.45,0.2531645569620253,0.2531645569620253,3.95,0,ELAZIĞ,Kum,NORMAL
Elazığ-2026-09-09-4,2026-09-09,2026-09-09 19:30:00,RÜZGAR DELİSİ-5,RÜZGAR DELİSİ,5,57.0,1200.0,11.0,-0.8666666666666667,-0.5366666666666667,-0.5366666666666667,0.7733888888888889,-2.0,-0.3299999999999999,9.0,0.2450850131323717,0.3588047703600439,0.0,0.0,0.3333333333333333,0.5555555555555556,0.0416666666666666,0.0,0.25,0.25,0.25,0.25,-0.1708333333333333,-0.5366666666666667,-0.5366666666666667,0.45,0.1398601398601398,0.1398601398601398,7.15,0,ELAZIĞ,Kum,NORMAL
Elazığ-2026-09-09-4,2026-09-09,2026-09-09 19:30:00,ALİYE ANA  K Kulaklık takılacağını ifade eder.-6,ALİYE ANA  K Kulaklık takılacağını ifade eder.,6,57.0,1200.0,11.0,-0.7916666666666666,-0.3283333333333333,-0.3038492063492063,1.4994305555555556,0.0,-0.4878174603174603,7.0,0.2018132222603788,0.198421321308224,1.0,0.0,0.4285714285714285,0.7142857142857143,0.0666666666666666,0.0,0.25,0.25,0.25,0.25,-0.3368326118326119,-0.3368326118326119,-0.120515873015873,0.45,0.1052631578947368,0.1052631578947368,9.5,0,ELAZIĞ,Kum,NORMAL
Elazığ-2026-09-09-4,2026-09-09,2026-09-09 19:30:00,AĞCILKIZI-7,AĞCILKIZI,7,54.0,1200.0,11.0,-0.5714285714285714,-0.5714285714285714,-0.5714285714285714,0.03,-0.5714285714285714,0.0,35.0,0.8933094060543487,0.64543838625953,0.0,0.0,0.0857142857142857,0.1428571428571428,0.0083333333333333,0.0,0.25,0.25,0.25,0.25,-0.5714285714285714,-0.5714285714285714,-0.5714285714285714,0.45,0.1,0.1,10.0,0,ELAZIĞ,Kum,NORMAL
Elazığ-2026-09-09-4,2026-09-09,2026-09-09 19:30:00,GÖNLÜMDE KUTUP-8,GÖNLÜMDE KUTUP,8,55.0,1200.0,11.0,-0.3333333333333333,-0.175,-0.175,0.1558333333333333,0.0,-0.1583333333333333,7.0,0.2018132222603788,0.2026967930614212,1.0,0.0,0.4285714285714285,0.7142857142857143,0.0333333333333333,0.0,0.25,0.25,0.25,0.25,-0.0666666666666666,-0.175,0.0,0.45,0.0177619893428063,0.0177619893428063,56.3,0,ELAZIĞ,Kum,NORMAL
Elazığ-2026-09-09-4,2026-09-09,2026-09-09 19:30:00,KOĞUN SESİ-9,KOĞUN SESİ,9,55.0,1200.0,11.0,-3.4166666666666665,-2.65,-2.017857142857143,4.925,-0.75,-1.3988095238095235,7.0,0.2018132222603788,0.147058920701418,1.0,0.0,0.4285714285714285,0.7142857142857143,0.05,0.0,0.25,0.25,0.25,0.25,-2.017857142857143,-2.017857142857143,-2.017857142857143,0.45,0.0307219662058371,0.0307219662058371,32.55,0,ELAZIĞ,Kum,NORMAL
Elazığ-2026-09-09-4,2026-09-09,2026-09-09 19:30:00,MİR ATHENA-10,MİR ATHENA,10,55.0,1200.0,11.0,0.2638888888888889,0.2638888888888889,0.2638888888888889,0.046682098765432,0.1111111111111111,0.0,7.0,0.2018132222603788,0.214058180246872,1.0,0.0,0.4285714285714285,0.7142857142857143,0.0166666666666666,0.0,0.25,0.25,0.25,0.25,0.2638888888888889,0.2638888888888889,0.2638888888888889,0.45,0.0443458980044345,0.0443458980044345,22.55,1,ELAZIĞ,Kum,NORMAL
Elazığ-2026-09-09-4,2026-09-09,2026-09-09 19:30:00,YAĞMUR ECE-11,YAĞMUR ECE,11,53.0,1200.0,11.0,-2.444444444444444,-2.3916666666666666,-2.3916666666666666,8.412847222222222,-0.3333333333333332,-0.0527777777777775,7.0,0.2018132222603788,0.1770897500122324,1.0,0.0,0.4285714285714285,0.7142857142857143,0.0333333333333333,0.0,0.25,0.25,0.25,0.25,-2.3916666666666666,-2.3916666666666666,-0.6666666666666666,0.45,0.0735294117647058,0.0735294117647058,13.6,0,ELAZIĞ,Kum,NORMAL
Elazığ-2026-09-09-5,2026-09-09,2026-09-09 20:00:00,ŞAHKAYA-1,ŞAHKAYA,1,61.0,1600.0,14.0,-0.375,0.095,0.3546428571428571,3.020125,0.875,-0.729642857142857,7.0,0.2018132222603788,0.259636800463589,1.0,0.0,0.4285714285714285,0.7142857142857143,0.1,0.0,0.25,0.25,0.25,0.25,-0.3218253968253968,-0.054646164021164,0.3801020408163265,0.45,0.1197604790419161,0.1197604790419161,8.35,0,ELAZIĞ,Kum,NORMAL
Elazığ-2026-09-09-5,2026-09-09,2026-09-09 20:00:00,BERATKIZ-2,BERATKIZ,2,58.0,1600.0,14.0,0.7333333333333334,0.5466666666666666,0.5741269841269842,0.1742222222222222,0.1999999999999999,0.1592063492063492,71.0,0.9986749775827868,0.7126205330123162,0.0,0.0,0.0422535211267605,0.0704225352112676,0.0166666666666666,0.0,0.25,0.25,0.25,0.25,0.2619047619047619,-0.0262786596119929,0.3333333333333333,0.45,0.0615384615384615,0.0615384615384615,16.25,0,ELAZIĞ,Kum,NORMAL
Elazığ-2026-09-09-5,2026-09-09,2026-09-09 20:00:00,BERHAN BEYLİ-3,BERHAN BEYLİ,3,58.0,1600.0,14.0,0.0416666666666666,0.425,0.3208333333333333,0.9899305555555558,0.8333333333333334,-0.2791666666666667,30.0,0.8175744761936437,0.757373505594587,0.0,0.0,0.1,0.1666666666666666,0.0333333333333333,0.0,0.25,0.25,0.25,0.25,-0.8019841269841269,-0.1876221001221001,0.3035714285714285,0.45,0.0518134715025906,0.0518134715025906,19.3,0,ELAZIĞ,Kum,NORMAL
Elazığ-2026-09-09-5,2026-09-09,2026-09-09 20:00:00,ESSANCAR  SKG-4,ESSANCAR  SKG,4,58.0,1600.0,14.0,-3.6,-1.7600000000000002,-0.810357142857143,12.888000000000002,0.1999999999999999,-2.789642857142857,42.0,0.9525741268224334,0.7100802455232391,0.0,0.0,0.0714285714285714,0.119047619047619,0.025,0.0,0.25,0.25,0.25,0.25,0.3295454545454546,-0.1298881673881673,-0.2634920634920634,0.45,0.0668896321070234,0.0668896321070234,14.95,0,ELAZIĞ,Kum,NORMAL
Elazığ-2026-09-09-5,2026-09-09,2026-09-09 20:00:00,KOCA SABRİ-5,KOCA SABRİ,5,58.0,1600.0,14.0,-0.6944444444444443,-0.2628205128205128,-0.5147435897435897,1.4287064431295202,0.6666666666666667,-0.1797008547008546,14.0,0.3775406687981454,0.7216654975674969,0.0,0.0,0.2142857142857142,0.3571428571428571,0.0583333333333333,0.0,0.25,0.25,0.25,0.25,-0.2997863247863248,-0.3337387057387058,-0.3309294871794871,0.45,0.131578947368421,0.131578947368421,7.6,0,ELAZIĞ,Kum,NORMAL
Elazığ-2026-09-09-5,2026-09-09,2026-09-09 20:00:00,UMUDUM DENİZ-6,UMUDUM DENİZ,6,58.0,1600.0,14.0,-0.3333333333333333,-0.1399999999999999,0.0590909090909091,0.2479999999999999,0.0,-0.3924242424242424,21.0,0.5926665999540697,0.6718463267011132,0.0,0.0,0.1428571428571428,0.238095238095238,0.05,0.0,0.25,0.25,0.25,0.25,-0.2547619047619047,0.0496362611747227,0.0,0.45,0.0555555555555555,0.0555555555555555,18.0,0,ELAZIĞ,Kum,NORMAL
Elazığ-2026-09-09-5,2026-09-09,2026-09-09 20:00:00,AL BENZE-7,AL BENZE,7,56.0,1600.0,14.0,1.0,-0.55,-0.1275,9.387500000000005,1.0,1.1275,23.0,0.6513548646660542,0.7667021817121268,0.0,0.0,0.1304347826086956,0.217391304347826,0.025,0.0,0.25,0.25,0.25,0.25,-1.5083333333333335,0.3327380952380952,0.8952380952380953,0.45,0.625,0.625,1.6,1,ELAZIĞ,Kum,NORMAL
Elazığ-2026-09-09-5,2026-09-09,2026-09-09 20:00:00,NEVALÇİÇEĞİ-8,NEVALÇİÇEĞİ,8,56.0,1600.0,14.0,0.3518518518518518,0.3083333333333333,-0.0101190476190476,0.1146219135802469,0.5555555555555556,0.3619708994708994,14.0,0.3775406687981454,0.6987492983418859,0.0,0.0,0.2142857142857142,0.3571428571428571,0.05,0.0,0.25,0.25,0.25,0.25,-0.8993506493506492,-0.4050204425204425,0.1896645021645021,0.45,0.0258064516129032,0.0258064516129032,38.75,0,ELAZIĞ,Kum,NORMAL
Elazığ-2026-09-09-5,2026-09-09,2026-09-09 20:00:00,SAVT-9,SAVT,9,56.0,1600.0,14.0,0.2962962962962963,0.1777777777777777,-0.0777777777777777,0.3385802469135802,-0.1111111111111111,0.374074074074074,16.0,0.4378234991142019,0.6291591174701286,0.0,0.0,0.1875,0.3125,0.0666666666666666,0.0,0.25,0.25,0.25,0.25,-2.2333333333333334,-0.7238715277777777,-0.0865555555555555,0.45,0.099009900990099,0.099009900990099,10.1,0,ELAZIĞ,Kum,NORMAL
Elazığ-2026-09-09-5,2026-09-09,2026-09-09 20:00:00,TURBOKOLİK-10,TURBOKOLİK,10,56.0,1600.0,14.0,-0.1706349206349207,0.0404761904761904,-0.7997619047619047,0.6672052154195012,0.25,0.629126984126984,9.0,0.2450850131323717,0.629742223688652,0.0,0.0,0.3333333333333333,0.5555555555555556,0.0583333333333333,0.0,0.25,0.25,0.25,0.25,-0.3154761904761905,-0.6642857142857144,-0.8679653679653682,0.45,0.0242424242424242,0.0242424242424242,41.25,0,ELAZIĞ,Kum,NORMAL
Elazığ-2026-09-09-5,2026-09-09,2026-09-09 20:00:00,BİÇERROZA-11,BİÇERROZA,11,55.0,1600.0,14.0,0.0,0.1599999999999999,-0.6501298701298701,1.003,-1.5,0.6501298701298701,7.0,0.2018132222603788,0.0977901038505747,1.0,0.0,0.4285714285714285,0.7142857142857143,0.0833333333333333,0.0,0.25,0.25,0.25,0.25,-1.4838842975206612,-0.2912528647822765,0.3301587301587301,0.45,0.0865800865800865,0.0865800865800865,11.55,0,ELAZIĞ,Kum,NORMAL
Elazığ-2026-09-09-5,2026-09-09,2026-09-09 20:00:00,KESKİN KAAN-12,KESKİN KAAN,12,54.0,1600.0,14.0,0.2583333333333333,-0.3116666666666666,-0.0072916666666666,2.614847222222222,-0.6000000000000001,0.2656249999999999,21.0,0.5926665999540697,0.6117001321111504,0.0,0.0,0.1428571428571428,0.238095238095238,0.0416666666666666,0.0,0.25,0.25,0.25,0.25,-0.295,-0.0072916666666666,-0.0072916666666666,0.45,0.0389863547758284,0.0389863547758284,25.65,0,ELAZIĞ,Kum,NORMAL
Elazığ-2026-09-09-5,2026-09-09,2026-09-09 20:00:00,SEYRANTAY-13,SEYRANTAY,13,55.0,1600.0,14.0,0.5095238095238095,0.5807142857142857,0.4070238095238095,0.1620382653061224,0.0999999999999999,0.1024999999999999,23.0,0.6513548646660542,0.6798572679433099,0.0,0.0,0.1304347826086956,0.217391304347826,0.0083333333333333,0.0,0.25,0.25,0.25,0.25,0.5607142857142857,0.3750048100048099,0.2392929292929292,0.45,0.0446428571428571,0.0446428571428571,22.4,0,ELAZIĞ,Kum,NORMAL
Elazığ-2026-09-09-5,2026-09-09,2026-09-09 20:00:00,HİSARLI KIZ-14,HİSARLI KIZ,14,53.0,1600.0,14.0,-0.5648148148148148,-0.1914141414141414,-0.0842784992784992,1.2296334557698194,-2.0,-0.4805363155363155,32.0,0.8519528019683106,0.4542946124155941,0.0,0.0,0.09375,0.15625,0.0416666666666666,0.0,0.25,0.25,0.25,0.25,-0.2596681096681096,0.0067165158074248,-0.4444444444444444,0.45,0.0615384615384615,0.0615384615384615,16.25,0,ELAZIĞ,Kum,NORMAL
Elazığ-2026-09-09-6,2026-09-09,2026-09-09 20:30:00,ŞİRİNHAT-1,ŞİRİNHAT,1,60.0,1200.0,7.0,-0.6904761904761904,-0.180952380952381,-0.1130952380952381,2.574433106575964,-3.0,-0.5773809523809522,7.0,0.2018132222603788,0.0467740320521807,1.0,0.0,0.4285714285714285,0.7142857142857143,0.0583333333333333,0.0,0.25,0.25,0.25,0.25,0.2658730158730158,-0.1130952380952381,-0.180952380952381,0.45,0.1273885350318471,0.1273885350318471,7.85,0,ELAZIĞ,Kum,NORMAL
Elazığ-2026-09-09-6,2026-09-09,2026-09-09 20:30:00,BİLDENBİR-2,BİLDENBİR,2,57.0,1200.0,7.0,0.238095238095238,-0.5371428571428571,-0.5371428571428571,3.999755102040816,1.0,0.7752380952380952,16.0,0.4378234991142019,0.773672688165638,0.0,0.0,0.1875,0.3125,0.0416666666666666,0.0,0.25,0.25,0.25,0.25,-0.5371428571428571,-0.5371428571428571,0.3571428571428571,0.45,0.1626016260162601,0.1626016260162601,6.15,0,ELAZIĞ,Kum,NORMAL
Elazığ-2026-09-09-6,2026-09-09,2026-09-09 20:30:00,BİLGİNURKIZI-3,BİLGİNURKIZI,3,57.0,1200.0,7.0,0.1777777777777777,-0.2933333333333333,-0.1595238095238095,1.2885555555555557,0.8333333333333334,0.3373015873015873,9.0,0.2450850131323717,0.7193240420349957,0.0,0.0,0.3333333333333333,0.5555555555555556,0.0666666666666666,0.0,0.25,0.25,0.25,0.25,-0.1595238095238095,-0.1595238095238095,-0.1595238095238095,0.45,0.2352941176470588,0.2352941176470588,4.25,0,ELAZIĞ,Kum,NORMAL
Elazığ-2026-09-09-6,2026-09-09,2026-09-09 20:30:00,GÖNÜL KALESİ-4,GÖNÜL KALESİ,4,57.0,1200.0,7.0,-0.1666666666666666,-0.375,-0.375,1.2291666666666667,0.0,0.2083333333333333,14.0,0.3775406687981454,0.670085420938272,0.0,0.0,0.2142857142857142,0.3571428571428571,0.025,0.0,0.25,0.25,0.25,0.25,-0.375,-0.375,0.0,0.45,0.1075268817204301,0.1075268817204301,9.3,0,ELAZIĞ,Kum,NORMAL
Elazığ-2026-09-09-6,2026-09-09,2026-09-09 20:30:00,KAVİM-5,KAVİM,5,57.0,1200.0,7.0,0.7185185185185184,0.4138888888888888,0.4138888888888888,0.411141975308642,0.6,0.3046296296296296,11.0,0.2942149721629887,0.7166447394515832,0.0,0.0,0.2727272727272727,0.4545454545454545,0.0333333333333333,0.0,0.25,0.25,0.25,0.25,0.2185185185185185,0.4138888888888888,0.3518518518518518,0.45,0.2857142857142857,0.2857142857142857,3.5,1,ELAZIĞ,Kum,NORMAL
Elazığ-2026-09-09-6,2026-09-09,2026-09-09 20:30:00,NARLIGÖL-6,NARLIGÖL,6,55.0,1200.0,7.0,-0.2698412698412697,-0.053015873015873,-0.8775132275132275,2.259820609725371,-2.6666666666666665,0.6076719576719577,9.0,0.2450850131323717,0.3109770304591818,0.0,0.0,0.3333333333333333,0.5555555555555556,0.05,0.0,0.25,0.25,0.25,0.25,-1.253015873015873,-0.053015873015873,-0.053015873015873,0.45,0.0985221674876847,0.0985221674876847,10.15,0,ELAZIĞ,Kum,NORMAL
Elazığ-2026-09-09-6,2026-09-09,2026-09-09 20:30:00,RENKLİ GÜZEL-7,RENKLİ GÜZEL,7,55.0,1200.0,7.0,-0.25,-0.25,-0.25,3.125,1.0,0.0,7.0,0.2018132222603788,0.2967427524804931,1.0,0.0,0.4285714285714285,0.7142857142857143,0.025,0.0,0.25,0.25,0.25,0.25,-0.1666666666666666,-0.1666666666666666,-0.1666666666666666,0.45,0.4166666666666667,0.4166666666666667,2.4,0,ELAZIĞ,Kum,NORMAL
Elazığ-2026-09-09-7,2026-09-09,2026-09-09 21:00:00,ATEŞATAR-1,ATEŞATAR,1,57.0,1200.0,11.0,0.3293650793650793,0.2470238095238095,0.2470238095238095,0.2520195578231292,0.75,0.0823412698412698,16.0,0.4378234991142019,0.7522844378879524,0.0,0.0,0.1875,0.3125,0.0333333333333333,0.0,0.25,0.25,0.25,0.25,0.4404761904761904,0.2470238095238095,0.2470238095238095,0.45,0.273972602739726,0.273972602739726,3.65,0,ELAZIĞ,Kum,NORMAL
Elazığ-2026-09-09-7,2026-09-09,2026-09-09 21:00:00,ÇEÇAN BEY-2,ÇEÇAN BEY,2,57.0,1200.0,11.0,-0.7444444444444445,-0.6216666666666667,-1.596875,0.817763888888889,0.1666666666666666,0.8524305555555556,14.0,0.3775406687981454,0.6719250607395064,0.0,0.0,0.2142857142857142,0.3571428571428571,0.0666666666666666,0.0,0.25,0.25,0.25,0.25,-1.6291666666666669,-1.3333333333333333,0.0,0.45,0.0651465798045602,0.0651465798045602,15.35,0,ELAZIĞ,Kum,NORMAL
Elazığ-2026-09-09-7,2026-09-09,2026-09-09 21:00:00,EFSANE YILMAZ-3,EFSANE YILMAZ,3,57.0,1200.0,11.0,0.1916666666666666,-0.1649999999999999,-0.0184523809523809,0.382375,0.0,0.2101190476190476,9.0,0.2450850131323717,0.6033503026599201,0.0,0.0,0.3333333333333333,0.5555555555555556,0.0416666666666666,0.0,0.25,0.25,0.25,0.25,-0.0221428571428571,-0.0184523809523809,-0.0184523809523809,0.45,0.08130081300813,0.08130081300813,12.3,0,ELAZIĞ,Kum,NORMAL
Elazığ-2026-09-09-7,2026-09-09,2026-09-09 21:00:00,KAHRAMAN-4,KAHRAMAN,4,57.0,1200.0,11.0,-2.333333333333333,-1.8,-1.8,4.026666666666667,0.0,-0.5333333333333334,16.0,0.4378234991142019,0.6789970929077888,0.0,0.0,0.1875,0.3125,0.0166666666666666,0.0,0.25,0.25,0.25,0.25,-1.8,-1.8,0.0,0.45,0.1398601398601398,0.1398601398601398,7.15,0,ELAZIĞ,Kum,NORMAL
Elazığ-2026-09-09-7,2026-09-09,2026-09-09 21:00:00,ÖZGÜRAK-5,ÖZGÜRAK,5,57.0,1200.0,11.0,0.1777777777777778,-0.0183333333333333,-0.0183333333333333,0.4336249999999999,0.1999999999999999,0.1961111111111111,9.0,0.2450850131323717,0.6270178496697968,0.0,0.0,0.3333333333333333,0.5555555555555556,0.0416666666666666,0.0,0.25,0.25,0.25,0.25,0.0138888888888889,-0.0183333333333333,-0.0183333333333333,0.45,0.1342281879194631,0.1342281879194631,7.45,0,ELAZIĞ,Kum,NORMAL
Elazığ-2026-09-09-7,2026-09-09,2026-09-09 21:00:00,ŞAH TUNALI-6,ŞAH TUNALI,6,57.0,1200.0,11.0,0.1666666666666666,-0.0555555555555555,-1.1882716049382716,0.3131751543209877,0.375,1.3549382716049383,9.0,0.2450850131323717,0.6411313204929243,0.0,0.0,0.3333333333333333,0.5555555555555556,0.075,0.0,0.25,0.25,0.25,0.25,-1.3211805555555556,-1.1597222222222223,0.0833333333333333,0.45,0.1398601398601398,0.1398601398601398,7.15,0,ELAZIĞ,Kum,NORMAL
Elazığ-2026-09-09-7,2026-09-09,2026-09-09 21:00:00,ÖZTÜRK PINARI-7,ÖZTÜRK PINARI,7,58.0,1200.0,11.0,0.8363636363636364,0.3018181818181818,0.2181818181818181,0.6677438016528925,0.9090909090909092,0.6181818181818183,7.0,0.2018132222603788,0.2832673618423975,1.0,0.0,0.4285714285714285,0.7142857142857143,0.05,0.0,0.25,0.25,0.25,0.25,0.2181818181818181,0.2181818181818181,0.2181818181818181,0.45,0.3225806451612903,0.3225806451612903,3.1,1,ELAZIĞ,Kum,NORMAL
Elazığ-2026-09-09-7,2026-09-09,2026-09-09 21:00:00,YAZ MELTEMİ-8,YAZ MELTEMİ,8,57.0,1200.0,11.0,0.0317460317460317,-0.1445887445887445,-0.6556277056277057,0.4248758456550665,0.0,0.6873737373737374,7.0,0.2018132222603788,0.1952594914997953,1.0,0.0,0.4285714285714285,0.7142857142857143,0.0916666666666666,0.0,0.25,0.25,0.25,0.25,-0.556773088023088,-0.6073888232979142,-0.053030303030303,0.45,0.2597402597402597,0.2597402597402597,3.85,0,ELAZIĞ,Kum,NORMAL
Elazığ-2026-09-09-7,2026-09-09,2026-09-09 21:00:00,EMOŞUN KIZI  GKR Göz koruyucu takılacağını ifade eder.-9,EMOŞUN KIZI  GKR Göz koruyucu takılacağını ifade eder.,9,55.0,1200.0,11.0,-0.8888888888888888,-0.4969696969696969,-0.2835497835497835,1.9773186409550043,0.0,-0.6053391053391053,7.0,0.2018132222603788,0.198421321308224,1.0,0.0,0.4285714285714285,0.7142857142857143,0.0666666666666666,0.0,0.25,0.25,0.25,0.25,-0.2481060606060606,-0.2481060606060606,-0.2481060606060606,0.45,0.0526315789473684,0.0526315789473684,19.0,0,ELAZIĞ,Kum,NORMAL
Elazığ-2026-09-09-7,2026-09-09,2026-09-09 21:00:00,MISRADA-10,MISRADA,10,53.0,1200.0,11.0,-1.7261904761904765,-1.7946428571428572,-1.7946428571428572,2.6210671768707483,-4.0,0.0684523809523809,7.0,0.2018132222603788,0.0332616174759232,1.0,0.0,0.4285714285714285,0.7142857142857143,0.0333333333333333,0.0,0.25,0.25,0.25,0.25,-1.7946428571428572,-1.7946428571428572,-1.7946428571428572,0.45,0.0361663652802893,0.0361663652802893,27.65,0,ELAZIĞ,Kum,NORMAL
Elazığ-2026-09-09-7,2026-09-09,2026-09-09 21:00:00,TOPRAK ÇİÇEĞİ-11,TOPRAK ÇİÇEĞİ,11,55.0,1200.0,11.0,-0.1682539682539682,-0.0984126984126984,-0.0984126984126984,1.0539077853363568,0.4285714285714286,-0.0698412698412698,7.0,0.2018132222603788,0.2395336245437152,1.0,0.0,0.4285714285714285,0.7142857142857143,0.0333333333333333,0.0,0.25,0.25,0.25,0.25,-0.0984126984126984,-0.0984126984126984,0.5476190476190477,0.45,0.0692041522491349,0.0692041522491349,14.45,0,ELAZIĞ,Kum,NORMAL
Elazığ-2026-09-09-8,2026-09-09,2026-09-09 21:30:00,HUNTER OF VICTORY-1,HUNTER OF VICTORY,1,63.0,1900.0,12.0,-2.1575091575091574,-1.5945054945054946,-1.0222527472527472,9.426524574326772,0.3846153846153846,-1.1352564102564102,7.0,0.2018132222603788,0.2194034878258581,1.0,0.0,0.4285714285714285,0.7142857142857143,0.0166666666666666,0.0,0.25,0.25,0.25,0.25,-1.15,-0.5043956043956044,-0.4038461538461538,0.45,0.062111801242236,0.062111801242236,16.1,0,ELAZIĞ,Kum,NORMAL
Elazığ-2026-09-09-8,2026-09-09,2026-09-09 21:30:00,VERMİTHRAX  SKG-2,VERMİTHRAX  SKG,2,62.0,1900.0,12.0,0.25,0.4349999999999999,0.4432142857142856,0.06925,0.25,-0.1932142857142856,16.0,0.4378234991142019,0.7015139409183407,0.0,0.0,0.1875,0.3125,0.0083333333333333,0.0,0.25,0.25,0.25,0.25,0.5608843537414966,0.525,0.25,0.45,0.1176470588235294,0.1176470588235294,8.5,0,ELAZIĞ,Kum,NORMAL
Elazığ-2026-09-09-8,2026-09-09,2026-09-09 21:30:00,BALDUR-3,BALDUR,3,61.5,1900.0,12.0,0.45,0.45,0.45,0.03,0.45,0.0,30.0,0.8175744761936437,0.7499476922271856,0.0,0.0,0.1,0.1666666666666666,0.0,0.0,0.25,0.25,0.25,0.25,0.45,0.45,0.45,0.45,0.0547945205479452,0.0547945205479452,18.25,0,ELAZIĞ,Kum,NORMAL
Elazığ-2026-09-09-8,2026-09-09,2026-09-09 21:30:00,IRISH MILLIONS  K Kulaklık takılacağını ifade eder.-4,IRISH MILLIONS  K Kulaklık takılacağını ifade eder.,4,59.5,1900.0,12.0,0.7407407407407408,0.7582905982905983,-0.3077777777777778,0.0644818467382569,0.3333333333333333,1.0485185185185186,18.0,0.5,0.7155661022133051,0.0,0.0,0.1666666666666666,0.2777777777777778,0.0083333333333333,0.0,0.25,0.25,0.25,0.25,-0.6499338624338624,-0.4039025789025788,0.0,0.45,0.1047120418848167,0.1047120418848167,9.55,0,ELAZIĞ,Kum,NORMAL
Elazığ-2026-09-09-8,2026-09-09,2026-09-09 21:30:00,JUNIOR CURA-5,JUNIOR CURA,5,59.0,1900.0,12.0,-2.388888888888889,-1.0904761904761906,-1.2884199134199137,15.14807256235828,1.0,-1.1004689754689754,23.0,0.6513548646660542,0.7849555951819974,0.0,0.0,0.1304347826086956,0.217391304347826,0.05,0.0,0.25,0.25,0.25,0.25,-1.159559738507107,-0.715453107498562,-0.6060606060606061,0.45,0.1052631578947368,0.1052631578947368,9.5,0,ELAZIĞ,Kum,NORMAL
Elazığ-2026-09-09-8,2026-09-09,2026-09-09 21:30:00,ROYAL WARRIOR-6,ROYAL WARRIOR,6,55.5,1900.0,12.0,0.4611111111111111,0.2766666666666666,0.3335714285714285,0.1077222222222222,0.8,0.1275396825396825,9.0,0.2450850131323717,0.7199965396446176,0.0,0.0,0.3333333333333333,0.5555555555555556,0.0416666666666666,0.0,0.25,0.25,0.25,0.25,0.6833333333333332,0.3335714285714285,0.1166666666666666,0.45,0.273972602739726,0.273972602739726,3.65,0,ELAZIĞ,Kum,NORMAL
Elazığ-2026-09-09-8,2026-09-09,2026-09-09 21:30:00,SIDNEY SHOW-7,SIDNEY SHOW,7,58.5,1900.0,12.0,0.4642857142857142,-1.8714285714285717,-1.8690476190476195,16.908545918367345,1.0,2.333333333333333,7.0,0.2018132222603788,0.2686557155739123,1.0,0.0,0.4285714285714285,0.7142857142857143,0.0666666666666666,0.0,0.25,0.25,0.25,0.25,-1.3248299319727892,-1.4361263736263736,-1.4761904761904765,0.45,0.1176470588235294,0.1176470588235294,8.5,0,ELAZIĞ,Kum,NORMAL
Elazığ-2026-09-09-8,2026-09-09,2026-09-09 21:30:00,MELİS HANIM-8,MELİS HANIM,8,58.0,1900.0,12.0,-0.7777777777777777,-0.1888888888888888,-0.0484848484848485,0.7432098765432098,-0.3333333333333332,-0.7292929292929292,9.0,0.2450850131323717,0.5821150585386944,0.0,0.0,0.3333333333333333,0.5555555555555556,0.0666666666666666,0.0,0.25,0.25,0.25,0.25,-0.5584449404761903,-0.4020263424518743,-0.2524990161353797,0.45,0.0784313725490196,0.0784313725490196,12.75,0,ELAZIĞ,Kum,NORMAL
Elazığ-2026-09-09-8,2026-09-09,2026-09-09 21:30:00,INFORMACTION-9,INFORMACTION,9,57.5,1900.0,12.0,-0.8703703703703703,-1.722222222222222,-2.327777777777777,7.802469135802467,-0.5,1.4574074074074073,9.0,0.2450850131323717,0.5617158456290355,0.0,0.0,0.3333333333333333,0.5555555555555556,0.0666666666666666,0.0,0.25,0.25,0.25,0.25,-0.3213694830074139,-0.5085630464306934,-0.5321933621933622,0.45,0.5,0.5,2.0,1,ELAZIĞ,Kum,NORMAL
Elazığ-2026-09-09-8,2026-09-09,2026-09-09 21:30:00,UNCHARTERED-10,UNCHARTERED,10,52.5,1900.0,12.0,0.6666666666666666,0.7464285714285714,0.6556122448979592,0.1786352040816326,1.0,0.0110544217687074,21.0,0.5926665999540697,0.7867951171302838,0.0,0.0,0.1428571428571428,0.238095238095238,0.0166666666666666,0.0,0.25,0.25,0.25,0.25,1.0,0.6556122448979592,1.0,0.45,0.5,0.5,2.0,0,ELAZIĞ,Kum,NORMAL
Elazığ-2026-09-09-8,2026-09-09,2026-09-09 21:30:00,SAKLIKAPI-11,SAKLIKAPI,11,54.0,1900.0,12.0,0.1157407407407407,-0.2555555555555555,0.0733585858585858,1.1260223765432098,0.2222222222222222,0.0423821548821548,9.0,0.2450850131323717,0.6462447699472122,0.0,0.0,0.3333333333333333,0.5555555555555556,0.075,0.0,0.25,0.25,0.25,0.25,-0.2003584229390681,-0.1942629419191918,-0.0947758838383838,0.45,0.0735294117647058,0.0735294117647058,13.6,0,ELAZIĞ,Kum,NORMAL
Elazığ-2026-09-09-8,2026-09-09,2026-09-09 21:30:00,TALENTED HERO-12,TALENTED HERO,12,53.0,1900.0,12.0,-0.1611111111111111,0.2124242424242424,0.3389502164502165,0.3138778696051423,-0.3333333333333332,-0.5000613275613276,9.0,0.2450850131323717,0.5918121990570971,0.0,0.0,0.3333333333333333,0.5555555555555556,0.0166666666666666,0.0,0.25,0.25,0.25,0.25,0.3754734848484848,0.4851278351278351,-0.1166666666666666,0.45,0.0696864111498257,0.0696864111498257,14.35,0,ELAZIĞ,Kum,NORMAL
