race_id,date,race_datetime,horse_id,draw,weight,distance,field_size,form_avg_3,form_avg_5,form_avg_10,form_var_5,last_run_perf,trend_3_10,days_since_last_race,fatigue_score,recovery_score,short_rest_flag,long_layoff_flag,race_frequency_3,race_frequency_5,seasonal_race_load,pace_hint,style_front_prob,style_presser_prob,style_stalker_prob,style_closer_prob,distance_fit,surface_fit,track_fit,condition_fit,market_probability,implied_probability,odds,is_winner,market_probability_norm,field_strength_index,opponent_strength_mean,expected_early_pace,pace_pressure,pace_suitability
Bursa-2026-09-07-1,2026-09-07,2026-09-07 14:30:00,ALKURUŞ BEYİ-1,1,57.0,1500.0,15.0,0.45,0.45,0.45,0.03,0.45,0.0,30.0,0.8175744761936437,0.7499476922271856,0.0,0.0,0.1,0.16666666666666666,0.0,0.0,0.25,0.25,0.25,0.25,0.45,0.45,0.45,0.45,0.0892857142857142,0.08928571428571429,11.2,0,0.062124049860641836,0.45000000000000007,0.45,0.0,0.425,0.25
Bursa-2026-09-07-1,2026-09-07,2026-09-07 14:30:00,GÖKKILIÇ-2,2,53.0,1500.0,15.0,0.45,0.45,0.45,0.03,0.45,0.0,30.0,0.8175744761936437,0.7499476922271856,0.0,0.0,0.1,0.16666666666666666,0.0,0.0,0.25,0.25,0.25,0.25,0.45,0.45,0.45,0.45,0.0421940928270042,0.04219409282700422,23.7,0,0.029358200778024843,0.45000000000000007,0.45,0.0,0.425,0.25
Bursa-2026-09-07-1,2026-09-07,2026-09-07 14:30:00,KOLAYSA YAKALA-3,3,54.0,1500.0,15.0,0.45,0.45,0.45,0.03,0.45,0.0,30.0,0.8175744761936437,0.7499476922271856,0.0,0.0,0.1,0.16666666666666666,0.0,0.0,0.25,0.25,0.25,0.25,0.45,0.45,0.45,0.45,0.0288184438040345,0.02881844380403458,34.7,0,0.02005156652562499,0.45000000000000007,0.45,0.0,0.425,0.25
Bursa-2026-09-07-1,2026-09-07,2026-09-07 14:30:00,LAVEKAR-4,4,57.0,1500.0,15.0,0.45,0.45,0.45,0.03,0.45,0.0,30.0,0.8175744761936437,0.7499476922271856,0.0,0.0,0.1,0.16666666666666666,0.0,0.0,0.25,0.25,0.25,0.25,0.45,0.45,0.45,0.45,0.303030303030303,0.30303030303030304,3.3,0,0.2108452601330876,0.45000000000000007,0.45,0.0,0.425,0.25
Bursa-2026-09-07-1,2026-09-07,2026-09-07 14:30:00,RULER STONE-5,5,57.0,1500.0,15.0,0.45,0.45,0.45,0.03,0.45,0.0,30.0,0.8175744761936437,0.7499476922271856,0.0,0.0,0.1,0.16666666666666666,0.0,0.0,0.25,0.25,0.25,0.25,0.45,0.45,0.45,0.45,0.0668896321070234,0.06688963210702341,14.95,0,0.0465410942099792,0.45000000000000007,0.45,0.0,0.425,0.25
Bursa-2026-09-07-1,2026-09-07,2026-09-07 14:30:00,SEZGİNAĞA-7,7,57.0,1500.0,15.0,0.45,0.45,0.45,0.03,0.45,0.0,30.0,0.8175744761936437,0.7499476922271856,0.0,0.0,0.1,0.16666666666666666,0.0,0.0,0.25,0.25,0.25,0.25,0.45,0.45,0.45,0.45,0.099009900990099,0.09900990099009901,10.1,0,0.06889003548902863,0.45000000000000007,0.45,0.0,0.425,0.25
Bursa-2026-09-07-1,2026-09-07,2026-09-07 14:30:00,TÜMERK-8,8,57.0,1500.0,15.0,0.45,0.45,0.45,0.03,0.45,0.0,30.0,0.8175744761936437,0.7499476922271856,0.0,0.0,0.1,0.16666666666666666,0.0,0.0,0.25,0.25,0.25,0.25,0.45,0.45,0.45,0.45,0.145985401459854,0.14598540145985403,6.85,0,0.10157508882323929,0.45000000000000007,0.45,0.0,0.425,0.25
Bursa-2026-09-07-1,2026-09-07,2026-09-07 14:30:00,YALNIZ AŞIK-9,9,57.0,1500.0,15.0,0.45,0.45,0.45,0.03,0.45,0.0,30.0,0.8175744761936437,0.7499476922271856,0.0,0.0,0.1,0.16666666666666666,0.0,0.0,0.25,0.25,0.25,0.25,0.45,0.45,0.45,0.45,0.1156069364161849,0.11560693641618497,8.65,0,0.08043807612013743,0.45000000000000007,0.45,0.0,0.425,0.25
Bursa-2026-09-07-1,2026-09-07,2026-09-07 14:30:00,BESTE BEGÜM-10,10,55.0,1500.0,15.0,0.45,0.45,0.45,0.03,0.45,0.0,30.0,0.8175744761936437,0.7499476922271856,0.0,0.0,0.1,0.16666666666666666,0.0,0.0,0.25,0.25,0.25,0.25,0.45,0.45,0.45,0.45,0.0092250922509225,0.00922509225092251,108.4,0,0.006418721018811702,0.45000000000000007,0.45,0.0,0.425,0.25
Bursa-2026-09-07-1,2026-09-07,2026-09-07 14:30:00,BODRUM RÜZGARI  K Kulaklık takılacağını ifade eder.-11,11,55.0,1500.0,15.0,0.45,0.45,0.45,0.03,0.45,0.0,30.0,0.8175744761936437,0.7499476922271856,0.0,0.0,0.1,0.16666666666666666,0.0,0.0,0.25,0.25,0.25,0.25,0.45,0.45,0.45,0.45,0.4166666666666667,0.4166666666666667,2.4,0,0.2899122326829955,0.45000000000000007,0.45,0.0,0.425,0.25
Bursa-2026-09-07-1,2026-09-07,2026-09-07 14:30:00,İVECEN-12,12,52.0,1500.0,15.0,0.45,0.45,0.45,0.03,0.45,0.0,30.0,0.8175744761936437,0.7499476922271856,0.0,0.0,0.1,0.16666666666666666,0.0,0.0,0.25,0.25,0.25,0.25,0.45,0.45,0.45,0.45,0.0175284837861524,0.017528483786152498,57.05,0,0.012196132487978708,0.45000000000000007,0.45,0.0,0.425,0.25
Bursa-2026-09-07-1,2026-09-07,2026-09-07 14:30:00,TOKATHANIN GÜLÜ-14,14,51.0,1500.0,15.0,0.45,0.45,0.45,0.03,0.45,0.0,30.0,0.8175744761936437,0.7499476922271856,0.0,0.0,0.1,0.16666666666666666,0.0,0.0,0.25,0.25,0.25,0.25,0.45,0.45,0.45,0.45,0.0684931506849315,0.0684931506849315,14.6,0,0.0476568053725472,0.45000000000000007,0.45,0.0,0.425,0.25
Bursa-2026-09-07-1,2026-09-07,2026-09-07 14:30:00,ZAMANE KIZ  K Kulaklık takılacağını ifade eder.-15,15,53.0,1500.0,15.0,0.45,0.45,0.45,0.03,0.45,0.0,30.0,0.8175744761936437,0.7499476922271856,0.0,0.0,0.1,0.16666666666666666,0.0,0.0,0.25,0.25,0.25,0.25,0.45,0.45,0.45,0.45,0.0344827586206896,0.034482758620689655,29.0,0,0.023992736497903035,0.45000000000000007,0.45,0.0,0.425,0.25
Bursa-2026-09-07-2,2026-09-07,2026-09-07 15:00:00,KING BALDWIN-1,1,60.0,1300.0,6.0,0.45,0.45,0.45,0.03,0.45,0.0,30.0,0.8175744761936437,0.7499476922271856,0.0,0.0,0.1,0.16666666666666666,0.0,0.0,0.25,0.25,0.25,0.25,0.45,0.45,0.45,0.45,0.25,0.25,4.0,0,0.17269233222830296,0.45,0.45,0.0,0.425,0.25
Bursa-2026-09-07-2,2026-09-07,2026-09-07 15:00:00,ANTIGONIA-2,2,57.0,1300.0,6.0,0.45,0.45,0.45,0.03,0.45,0.0,30.0,0.8175744761936437,0.7499476922271856,0.0,0.0,0.1,0.16666666666666666,0.0,0.0,0.25,0.25,0.25,0.25,0.45,0.45,0.45,0.45,0.6451612903225806,0.6451612903225806,1.55,1,0.4456576315569109,0.45,0.45,0.0,0.425,0.25
Bursa-2026-09-07-2,2026-09-07,2026-09-07 15:00:00,I LOVE SPEED-3,3,57.0,1300.0,6.0,0.45,0.45,0.45,0.03,0.45,0.0,30.0,0.8175744761936437,0.7499476922271856,0.0,0.0,0.1,0.16666666666666666,0.0,0.0,0.25,0.25,0.25,0.25,0.45,0.45,0.45,0.45,0.1886792452830188,0.18867924528301888,5.3,0,0.1303338356440022,0.45,0.45,0.0,0.425,0.25
Bursa-2026-09-07-2,2026-09-07,2026-09-07 15:00:00,LA PERLE RARE-4,4,54.0,1300.0,6.0,0.45,0.45,0.45,0.03,0.45,0.0,30.0,0.8175744761936437,0.7499476922271856,0.0,0.0,0.1,0.16666666666666666,0.0,0.0,0.25,0.25,0.25,0.25,0.45,0.45,0.45,0.45,0.0516795865633074,0.05167958656330749,19.35,0,0.035698673328848095,0.45,0.45,0.0,0.425,0.25
Bursa-2026-09-07-2,2026-09-07,2026-09-07 15:00:00,LA MUNECA-5,5,55.0,1300.0,6.0,0.45,0.45,0.45,0.03,0.45,0.0,30.0,0.8175744761936437,0.7499476922271856,0.0,0.0,0.1,0.16666666666666666,0.0,0.0,0.25,0.25,0.25,0.25,0.45,0.45,0.45,0.45,0.2150537634408602,0.2150537634408602,4.65,0,0.14855254385230363,0.45,0.45,0.0,0.425,0.25
Bursa-2026-09-07-2,2026-09-07,2026-09-07 15:00:00,MOON ASH-6,6,54.5,1300.0,6.0,0.45,0.45,0.45,0.03,0.45,0.0,30.0,0.8175744761936437,0.7499476922271856,0.0,0.0,0.1,0.16666666666666666,0.0,0.0,0.25,0.25,0.25,0.25,0.45,0.45,0.45,0.45,0.0970873786407767,0.0970873786407767,10.3,0,0.06706498338963222,0.45,0.45,0.0,0.425,0.25
Bursa-2026-09-07-3,2026-09-07,2026-09-07 15:30:00,GÖNÜL SARAYI-1,1,57.0,1500.0,15.0,0.45,0.45,0.45,0.03,0.45,0.0,30.0,0.8175744761936437,0.7499476922271856,0.0,0.0,0.1,0.16666666666666666,0.0,0.0,0.25,0.25,0.25,0.25,0.45,0.45,0.45,0.45,0.0709219858156028,0.07092198581560284,14.1,0,0.049446691589450295,0.45,0.45,0.0,0.425,0.25
Bursa-2026-09-07-3,2026-09-07,2026-09-07 15:30:00,TOPLUSER-2,2,59.0,1500.0,15.0,0.45,0.45,0.45,0.03,0.45,0.0,30.0,0.8175744761936437,0.7499476922271856,0.0,0.0,0.1,0.16666666666666666,0.0,0.0,0.25,0.25,0.25,0.25,0.45,0.45,0.45,0.45,0.1388888888888889,0.1388888888888889,7.2,0,0.09683310436267356,0.45,0.45,0.0,0.425,0.25
Bursa-2026-09-07-3,2026-09-07,2026-09-07 15:30:00,AKÇİVİ-3,3,57.0,1500.0,15.0,0.45,0.45,0.45,0.03,0.45,0.0,30.0,0.8175744761936437,0.7499476922271856,0.0,0.0,0.1,0.16666666666666666,0.0,0.0,0.25,0.25,0.25,0.25,0.45,0.45,0.45,0.45,0.1724137931034483,0.1724137931034483,5.8,0,0.12020661231228441,0.45,0.45,0.0,0.425,0.25
Bursa-2026-09-07-3,2026-09-07,2026-09-07 15:30:00,AKREP YÜREK-4,4,57.0,1500.0,15.0,0.45,0.45,0.45,0.03,0.45,0.0,30.0,0.8175744761936437,0.7499476922271856,0.0,0.0,0.1,0.16666666666666666,0.0,0.0,0.25,0.25,0.25,0.25,0.45,0.45,0.45,0.45,0.202020202020202,0.20202020202020202,4.95,0,0.14084815180025242,0.45,0.45,0.0,0.425,0.25
Bursa-2026-09-07-3,2026-09-07,2026-09-07 15:30:00,BAŞKATAY-5,5,57.0,1500.0,15.0,0.45,0.45,0.45,0.03,0.45,0.0,30.0,0.8175744761936437,0.7499476922271856,0.0,0.0,0.1,0.16666666666666666,0.0,0.0,0.25,0.25,0.25,0.25,0.45,0.45,0.45,0.45,0.0264900662251655,0.026490066225165563,37.75,0,0.01846883050096021,0.45,0.45,0.0,0.425,0.25
Bursa-2026-09-07-3,2026-09-07,2026-09-07 15:30:00,DAVRANTAY-6,6,57.0,1500.0,15.0,0.45,0.45,0.45,0.03,0.45,0.0,30.0,0.8175744761936437,0.7499476922271856,0.0,0.0,0.1,0.16666666666666666,0.0,0.0,0.25,0.25,0.25,0.25,0.45,0.45,0.45,0.45,0.090497737556561,0.09049773755656108,11.05,0,0.06309487343088226,0.45,0.45,0.0,0.425,0.25
Bursa-2026-09-07-3,2026-09-07,2026-09-07 15:30:00,HIRÇIN DADAŞ-7,7,53.0,1500.0,15.0,0.45,0.45,0.45,0.03,0.45,0.0,30.0,0.8175744761936437,0.7499476922271856,0.0,0.0,0.1,0.16666666666666666,0.0,0.0,0.25,0.25,0.25,0.25,0.45,0.45,0.45,0.45,0.0396825396825396,0.03968253968253968,25.2,0,0.027666601246478097,0.45,0.45,0.0,0.425,0.25
Bursa-2026-09-07-3,2026-09-07,2026-09-07 15:30:00,ILGARCAN-8,8,54.0,1500.0,15.0,0.45,0.45,0.45,0.03,0.45,0.0,30.0,0.8175744761936437,0.7499476922271856,0.0,0.0,0.1,0.16666666666666666,0.0,0.0,0.25,0.25,0.25,0.25,0.45,0.45,0.45,0.45,0.0344827586206896,0.034482758620689655,29.0,0,0.024041322462456844,0.45,0.45,0.0,0.425,0.25
Bursa-2026-09-07-3,2026-09-07,2026-09-07 15:30:00,MERDÜMGİRİZ-9,9,55.0,1500.0,15.0,0.45,0.45,0.45,0.03,0.45,0.0,30.0,0.8175744761936437,0.7499476922271856,0.0,0.0,0.1,0.16666666666666666,0.0,0.0,0.25,0.25,0.25,0.25,0.45,0.45,0.45,0.45,0.0100959111559818,0.010095911155981827,99.05,0,0.007038852613944954,0.45,0.45,0.0,0.425,0.25
Bursa-2026-09-07-3,2026-09-07,2026-09-07 15:30:00,KAZAN GİRİL-10,10,57.0,1500.0,15.0,0.45,0.45,0.45,0.03,0.45,0.0,30.0,0.8175744761936437,0.7499476922271856,0.0,0.0,0.1,0.16666666666666666,0.0,0.0,0.25,0.25,0.25,0.25,0.45,0.45,0.45,0.45,0.1869158878504673,0.1869158878504673,5.35,0,0.13031744886191582,0.45,0.45,0.0,0.425,0.25
Bursa-2026-09-07-3,2026-09-07,2026-09-07 15:30:00,DİKKALDIRIM-11,11,51.0,1500.0,15.0,0.45,0.45,0.45,0.03,0.45,0.0,30.0,0.8175744761936437,0.7499476922271856,0.0,0.0,0.1,0.16666666666666666,0.0,0.0,0.25,0.25,0.25,0.25,0.45,0.45,0.45,0.45,0.0283687943262411,0.028368794326241134,35.25,0,0.019778676635780104,0.45,0.45,0.0,0.425,0.25
Bursa-2026-09-07-3,2026-09-07,2026-09-07 15:30:00,HATUN DİDEM-12,12,55.0,1500.0,15.0,0.45,0.45,0.45,0.03,0.45,0.0,30.0,0.8175744761936437,0.7499476922271856,0.0,0.0,0.1,0.16666666666666666,0.0,0.0,0.25,0.25,0.25,0.25,0.45,0.45,0.45,0.45,0.0289855072463768,0.028985507246376812,34.5,0,0.020208647866992734,0.45,0.45,0.0,0.425,0.25
Bursa-2026-09-07-3,2026-09-07,2026-09-07 15:30:00,İCLAL HANIM-13,13,51.0,1500.0,15.0,0.45,0.45,0.45,0.03,0.45,0.0,30.0,0.8175744761936437,0.7499476922271856,0.0,0.0,0.1,0.16666666666666666,0.0,0.0,0.25,0.25,0.25,0.25,0.45,0.45,0.45,0.45,0.1123595505617977,0.11235955056179775,8.9,0,0.07833689341699429,0.45,0.45,0.0,0.425,0.25
Bursa-2026-09-07-3,2026-09-07,2026-09-07 15:30:00,SARAYTAY-14,14,55.0,1500.0,15.0,0.45,0.45,0.45,0.03,0.45,0.0,30.0,0.8175744761936437,0.7499476922271856,0.0,0.0,0.1,0.16666666666666666,0.0,0.0,0.25,0.25,0.25,0.25,0.45,0.45,0.45,0.45,0.2564102564102564,0.25641025641025644,3.9,1,0.17876880805416653,0.45,0.45,0.0,0.425,0.25
Bursa-2026-09-07-3,2026-09-07,2026-09-07 15:30:00,UÇAN TURBOCU-15,15,52.0,1500.0,15.0,0.45,0.45,0.45,0.03,0.45,0.0,30.0,0.8175744761936437,0.7499476922271856,0.0,0.0,0.1,0.16666666666666666,0.0,0.0,0.25,0.25,0.25,0.25,0.45,0.45,0.45,0.45,0.035778175313059,0.03577817531305903,27.95,0,0.0249444848447674,0.45,0.45,0.0,0.425,0.25
Bursa-2026-09-07-4,2026-09-07,2026-09-07 16:00:00,DRAGON HERO-1,1,60.0,1400.0,14.0,0.45,0.45,0.45,0.03,0.45,0.0,30.0,0.8175744761936437,0.7499476922271856,0.0,0.0,0.1,0.16666666666666666,0.0,0.0,0.25,0.25,0.25,0.25,0.45,0.45,0.45,0.45,0.8,0.8,1.25,0,0.5528094064994679,0.45,0.44999999999999996,0.0,0.425,0.25
Bursa-2026-09-07-4,2026-09-07,2026-09-07 16:00:00,UNSEEN POWER-2,2,60.0,1400.0,14.0,0.45,0.45,0.45,0.03,0.45,0.0,30.0,0.8175744761936437,0.7499476922271856,0.0,0.0,0.1,0.16666666666666666,0.0,0.0,0.25,0.25,0.25,0.25,0.45,0.45,0.45,0.45,0.0307692307692307,0.03076923076923077,32.5,0,0.021261900249979485,0.45,0.44999999999999996,0.0,0.425,0.25
Bursa-2026-09-07-4,2026-09-07,2026-09-07 16:00:00,BOREAL-3,3,58.0,1400.0,14.0,0.45,0.45,0.45,0.03,0.45,0.0,30.0,0.8175744761936437,0.7499476922271856,0.0,0.0,0.1,0.16666666666666666,0.0,0.0,0.25,0.25,0.25,0.25,0.45,0.45,0.45,0.45,0.101010101010101,0.10101010101010101,9.9,0,0.06979916748730654,0.45,0.44999999999999996,0.0,0.425,0.25
Bursa-2026-09-07-4,2026-09-07,2026-09-07 16:00:00,KAFKAS CEYLANI-4,4,56.0,1400.0,14.0,0.45,0.45,0.45,0.03,0.45,0.0,30.0,0.8175744761936437,0.7499476922271856,0.0,0.0,0.1,0.16666666666666666,0.0,0.0,0.25,0.25,0.25,0.25,0.45,0.45,0.45,0.45,0.0150602409638554,0.01506024096385542,66.4,0,0.010406803586209847,0.45,0.44999999999999996,0.0,0.425,0.25
Bursa-2026-09-07-4,2026-09-07,2026-09-07 16:00:00,PANCHO-5,5,53.0,1400.0,14.0,0.45,0.45,0.45,0.03,0.45,0.0,30.0,0.8175744761936437,0.7499476922271856,0.0,0.0,0.1,0.16666666666666666,0.0,0.0,0.25,0.25,0.25,0.25,0.45,0.45,0.45,0.45,0.0324675324675324,0.032467532467532464,30.8,0,0.02243544669234849,0.45,0.44999999999999996,0.0,0.425,0.25
Bursa-2026-09-07-4,2026-09-07,2026-09-07 16:00:00,APOLLON-6,6,55.0,1400.0,14.0,0.45,0.45,0.45,0.03,0.45,0.0,30.0,0.8175744761936437,0.7499476922271856,0.0,0.0,0.1,0.16666666666666666,0.0,0.0,0.25,0.25,0.25,0.25,0.45,0.45,0.45,0.45,0.1129943502824858,0.11299435028248588,8.85,1,0.07808042464681744,0.45,0.44999999999999996,0.0,0.425,0.25
Bursa-2026-09-07-4,2026-09-07,2026-09-07 16:00:00,KINGS POWER-7,7,56.0,1400.0,14.0,0.45,0.45,0.45,0.03,0.45,0.0,30.0,0.8175744761936437,0.7499476922271856,0.0,0.0,0.1,0.16666666666666666,0.0,0.0,0.25,0.25,0.25,0.25,0.45,0.45,0.45,0.45,0.0255102040816326,0.02551020408163265,39.2,0,0.017627850972559526,0.45,0.44999999999999996,0.0,0.425,0.25
Bursa-2026-09-07-4,2026-09-07,2026-09-07 16:00:00,KUZU DAYI-8,8,55.0,1400.0,14.0,0.45,0.45,0.45,0.03,0.45,0.0,30.0,0.8175744761936437,0.7499476922271856,0.0,0.0,0.1,0.16666666666666666,0.0,0.0,0.25,0.25,0.25,0.25,0.45,0.45,0.45,0.45,0.050251256281407,0.05025125628140704,19.9,0,0.03472420895097158,0.45,0.44999999999999996,0.0,0.425,0.25
Bursa-2026-09-07-4,2026-09-07,2026-09-07 16:00:00,QUEEN OF ALBANY-9,9,53.0,1400.0,14.0,0.45,0.45,0.45,0.03,0.45,0.0,30.0,0.8175744761936437,0.7499476922271856,0.0,0.0,0.1,0.16666666666666666,0.0,0.0,0.25,0.25,0.25,0.25,0.45,0.45,0.45,0.45,0.1785714285714285,0.17857142857142858,5.6,0,0.12339495680791689,0.45,0.44999999999999996,0.0,0.425,0.25
Bursa-2026-09-07-4,2026-09-07,2026-09-07 16:00:00,TROJAN QUEEN-10,10,53.0,1400.0,14.0,0.45,0.45,0.45,0.03,0.45,0.0,30.0,0.8175744761936437,0.7499476922271856,0.0,0.0,0.1,0.16666666666666666,0.0,0.0,0.25,0.25,0.25,0.25,0.45,0.45,0.45,0.45,0.0138408304498269,0.01384083044982699,72.25,0,0.009564176583035714,0.45,0.44999999999999996,0.0,0.425,0.25
Bursa-2026-09-07-4,2026-09-07,2026-09-07 16:00:00,YOUNG SITARE-11,11,55.0,1400.0,14.0,0.45,0.45,0.45,0.03,0.45,0.0,30.0,0.8175744761936437,0.7499476922271856,0.0,0.0,0.1,0.16666666666666666,0.0,0.0,0.25,0.25,0.25,0.25,0.45,0.45,0.45,0.45,0.0187090739008419,0.018709073900841908,53.45,0,0.01292819004909887,0.45,0.44999999999999996,0.0,0.425,0.25
Bursa-2026-09-07-4,2026-09-07,2026-09-07 16:00:00,UTAH-12,12,57.0,1400.0,14.0,0.45,0.45,0.45,0.03,0.45,0.0,30.0,0.8175744761936437,0.7499476922271856,0.0,0.0,0.1,0.16666666666666666,0.0,0.0,0.25,0.25,0.25,0.25,0.45,0.45,0.45,0.45,0.0331125827814569,0.033112582781456956,30.2,0,0.022881184043852112,0.45,0.44999999999999996,0.0,0.425,0.25
Bursa-2026-09-07-4,2026-09-07,2026-09-07 16:00:00,BEYOND BRAVE-13,13,52.0,1400.0,14.0,0.45,0.45,0.45,0.03,0.45,0.0,30.0,0.8175744761936437,0.7499476922271856,0.0,0.0,0.1,0.16666666666666666,0.0,0.0,0.25,0.25,0.25,0.25,0.45,0.45,0.45,0.45,0.0194363459669582,0.019436345966958212,51.45,0,0.013430743598140612,0.45,0.44999999999999996,0.0,0.425,0.25
Bursa-2026-09-07-4,2026-09-07,2026-09-07 16:00:00,SILVER CROWN-14,14,53.0,1400.0,14.0,0.45,0.45,0.45,0.03,0.45,0.0,30.0,0.8175744761936437,0.7499476922271856,0.0,0.0,0.1,0.16666666666666666,0.0,0.0,0.25,0.25,0.25,0.25,0.45,0.45,0.45,0.45,0.015420200462606,0.015420200462606014,64.85,0,0.010655539832295054,0.45,0.44999999999999996,0.0,0.425,0.25
Bursa-2026-09-07-5,2026-09-07,2026-09-07 16:30:00,SİNSİNATEŞİ-1,1,60.0,2000.0,10.0,0.45,0.45,0.45,0.03,0.45,0.0,30.0,0.8175744761936437,0.7499476922271856,0.0,0.0,0.1,0.16666666666666666,0.0,0.0,0.25,0.25,0.25,0.25,0.45,0.45,0.45,0.45,0.0584795321637426,0.05847953216374269,17.1,0,0.03681568752999158,0.45,0.44999999999999996,0.0,0.425,0.25
Bursa-2026-09-07-5,2026-09-07,2026-09-07 16:30:00,SOĞUKDAĞ-2,2,57.5,2000.0,10.0,0.45,0.45,0.45,0.03,0.45,0.0,30.0,0.8175744761936437,0.7499476922271856,0.0,0.0,0.1,0.16666666666666666,0.0,0.0,0.25,0.25,0.25,0.25,0.45,0.45,0.45,0.45,0.1418439716312056,0.14184397163120568,7.05,0,0.08929762507274563,0.45,0.44999999999999996,0.0,0.425,0.25
Bursa-2026-09-07-5,2026-09-07,2026-09-07 16:30:00,ALSAKİB-3,3,56.0,2000.0,10.0,0.45,0.45,0.45,0.03,0.45,0.0,30.0,0.8175744761936437,0.7499476922271856,0.0,0.0,0.1,0.16666666666666666,0.0,0.0,0.25,0.25,0.25,0.25,0.45,0.45,0.45,0.45,0.119047619047619,0.11904761904761904,8.4,0,0.07494622104319723,0.45,0.44999999999999996,0.0,0.425,0.25
Bursa-2026-09-07-5,2026-09-07,2026-09-07 16:30:00,BİRGEDAĞ-4,4,56.0,2000.0,10.0,0.45,0.45,0.45,0.03,0.45,0.0,30.0,0.8175744761936437,0.7499476922271856,0.0,0.0,0.1,0.16666666666666666,0.0,0.0,0.25,0.25,0.25,0.25,0.45,0.45,0.45,0.45,0.145985401459854,0.14598540145985403,6.85,0,0.09190485500187694,0.45,0.44999999999999996,0.0,0.425,0.25
Bursa-2026-09-07-5,2026-09-07,2026-09-07 16:30:00,ALLER GÜLÜ-5,5,55.0,2000.0,10.0,0.45,0.45,0.45,0.03,0.45,0.0,30.0,0.8175744761936437,0.7499476922271856,0.0,0.0,0.1,0.16666666666666666,0.0,0.0,0.25,0.25,0.25,0.25,0.45,0.45,0.45,0.45,0.0396825396825396,0.03968253968253968,25.2,0,0.0249820736810657,0.45,0.44999999999999996,0.0,0.425,0.25
Bursa-2026-09-07-5,2026-09-07,2026-09-07 16:30:00,CEVATHAN-6,6,55.0,2000.0,10.0,0.45,0.45,0.45,0.03,0.45,0.0,30.0,0.8175744761936437,0.7499476922271856,0.0,0.0,0.1,0.16666666666666666,0.0,0.0,0.25,0.25,0.25,0.25,0.45,0.45,0.45,0.45,0.3846153846153846,0.3846153846153846,2.6,1,0.24213394490879114,0.45,0.44999999999999996,0.0,0.425,0.25
Bursa-2026-09-07-5,2026-09-07,2026-09-07 16:30:00,İKİGAİ-7,7,55.5,2000.0,10.0,0.45,0.45,0.45,0.03,0.45,0.0,30.0,0.8175744761936437,0.7499476922271856,0.0,0.0,0.1,0.16666666666666666,0.0,0.0,0.25,0.25,0.25,0.25,0.45,0.45,0.45,0.45,0.0655737704918032,0.06557377049180328,15.25,0,0.041281852902482374,0.45,0.44999999999999996,0.0,0.425,0.25
Bursa-2026-09-07-5,2026-09-07,2026-09-07 16:30:00,SANCAR EFESİ-8,8,52.0,2000.0,10.0,0.45,0.45,0.45,0.03,0.45,0.0,30.0,0.8175744761936437,0.7499476922271856,0.0,0.0,0.1,0.16666666666666666,0.0,0.0,0.25,0.25,0.25,0.25,0.45,0.45,0.45,0.45,0.1526717557251908,0.15267175572519084,6.55,0,0.0961142376737186,0.45,0.44999999999999996,0.0,0.425,0.25
Bursa-2026-09-07-5,2026-09-07,2026-09-07 16:30:00,YAKUP ABİ-9,9,50.0,2000.0,10.0,0.45,0.45,0.45,0.03,0.45,0.0,30.0,0.8175744761936437,0.7499476922271856,0.0,0.0,0.1,0.16666666666666666,0.0,0.0,0.25,0.25,0.25,0.25,0.45,0.45,0.45,0.45,0.3278688524590164,0.3278688524590164,3.05,0,0.20640926451241215,0.45,0.44999999999999996,0.0,0.425,0.25
Bursa-2026-09-07-5,2026-09-07,2026-09-07 16:30:00,ERMERHAN-10,10,52.0,2000.0,10.0,0.45,0.45,0.45,0.03,0.45,0.0,30.0,0.8175744761936437,0.7499476922271856,0.0,0.0,0.1,0.16666666666666666,0.0,0.0,0.25,0.25,0.25,0.25,0.45,0.45,0.45,0.45,0.1526717557251908,0.15267175572519084,6.55,0,0.0961142376737186,0.45,0.44999999999999996,0.0,0.425,0.25
Bursa-2026-09-07-6,2026-09-07,2026-09-07 17:00:00,ERDUMAN-1,1,61.0,1400.0,8.0,0.45,0.45,0.45,0.03,0.45,0.0,30.0,0.8175744761936437,0.7499476922271856,0.0,0.0,0.1,0.16666666666666666,0.0,0.0,0.25,0.25,0.25,0.25,0.45,0.45,0.45,0.45,0.0892857142857142,0.08928571428571429,11.2,1,0.06196504542187224,0.45,0.45,0.0,0.425,0.25
Bursa-2026-09-07-6,2026-09-07,2026-09-07 17:00:00,WADRON-2,2,58.5,1400.0,8.0,0.45,0.45,0.45,0.03,0.45,0.0,30.0,0.8175744761936437,0.7499476922271856,0.0,0.0,0.1,0.16666666666666666,0.0,0.0,0.25,0.25,0.25,0.25,0.45,0.45,0.45,0.45,0.4166666666666667,0.4166666666666667,2.4,0,0.28917021196873743,0.45,0.45,0.0,0.425,0.25
Bursa-2026-09-07-6,2026-09-07,2026-09-07 17:00:00,MİKEA-3,3,61.5,1400.0,8.0,0.45,0.45,0.45,0.03,0.45,0.0,30.0,0.8175744761936437,0.7499476922271856,0.0,0.0,0.1,0.16666666666666666,0.0,0.0,0.25,0.25,0.25,0.25,0.45,0.45,0.45,0.45,0.131578947368421,0.13157894736842105,7.6,0,0.09131690904275913,0.45,0.45,0.0,0.425,0.25
Bursa-2026-09-07-6,2026-09-07,2026-09-07 17:00:00,BIG HONEY-4,4,59.0,1400.0,8.0,0.45,0.45,0.45,0.03,0.45,0.0,30.0,0.8175744761936437,0.7499476922271856,0.0,0.0,0.1,0.16666666666666666,0.0,0.0,0.25,0.25,0.25,0.25,0.45,0.45,0.45,0.45,0.4,0.4,2.5,0,0.2776034034899879,0.45,0.45,0.0,0.425,0.25
Bursa-2026-09-07-6,2026-09-07,2026-09-07 17:00:00,RED SMOKE-5,5,54.5,1400.0,8.0,0.45,0.45,0.45,0.03,0.45,0.0,30.0,0.8175744761936437,0.7499476922271856,0.0,0.0,0.1,0.16666666666666666,0.0,0.0,0.25,0.25,0.25,0.25,0.45,0.45,0.45,0.45,0.1282051282051282,0.12820512820512822,7.8,0,0.08897544983653458,0.45,0.45,0.0,0.425,0.25
Bursa-2026-09-07-6,2026-09-07,2026-09-07 17:00:00,ANGEL QUEST  K Kulaklık takılacağını ifade eder.-6,6,56.5,1400.0,8.0,0.45,0.45,0.45,0.03,0.45,0.0,30.0,0.8175744761936437,0.7499476922271856,0.0,0.0,0.1,0.16666666666666666,0.0,0.0,0.25,0.25,0.25,0.25,0.45,0.45,0.45,0.45,0.1342281879194631,0.1342281879194631,7.45,0,0.09315550452684158,0.45,0.45,0.0,0.425,0.25
Bursa-2026-09-07-6,2026-09-07,2026-09-07 17:00:00,AFTER BURNER-7,7,52.5,1400.0,8.0,0.45,0.45,0.45,0.03,0.45,0.0,30.0,0.8175744761936437,0.7499476922271856,0.0,0.0,0.1,0.16666666666666666,0.0,0.0,0.25,0.25,0.25,0.25,0.45,0.45,0.45,0.45,0.1169590643274853,0.11695906432748537,8.55,0,0.08117058581578589,0.45,0.45,0.0,0.425,0.25
Bursa-2026-09-07-6,2026-09-07,2026-09-07 17:00:00,LORD OF NORTH  K Kulaklık takılacağını ifade eder.-8,8,52.0,1400.0,8.0,0.45,0.45,0.45,0.03,0.45,0.0,30.0,0.8175744761936437,0.7499476922271856,0.0,0.0,0.1,0.16666666666666666,0.0,0.0,0.25,0.25,0.25,0.25,0.45,0.45,0.45,0.45,0.0239808153477218,0.023980815347721823,41.7,0,0.016642889897481274,0.45,0.45,0.0,0.425,0.25
Bursa-2026-09-07-7,2026-09-07,2026-09-07 17:30:00,ALPLİ  SKG-1,1,59.0,1500.0,15.0,0.45,0.45,0.45,0.03,0.45,0.0,30.0,0.8175744761936437,0.7499476922271856,0.0,0.0,0.1,0.16666666666666666,0.0,0.0,0.25,0.25,0.25,0.25,0.45,0.45,0.45,0.45,0.1041666666666666,0.10416666666666667,9.6,0,0.07256465167565798,0.45,0.45,0.0,0.425,0.25
Bursa-2026-09-07-7,2026-09-07,2026-09-07 17:30:00,BARLABEY-2,2,59.0,1500.0,15.0,0.45,0.45,0.45,0.03,0.45,0.0,30.0,0.8175744761936437,0.7499476922271856,0.0,0.0,0.1,0.16666666666666666,0.0,0.0,0.25,0.25,0.25,0.25,0.45,0.45,0.45,0.45,0.0591715976331361,0.0591715976331361,16.9,0,0.04122015716487083,0.45,0.45,0.0,0.425,0.25
Bursa-2026-09-07-7,2026-09-07,2026-09-07 17:30:00,CİHANDERE-3,3,54.0,1500.0,15.0,0.45,0.45,0.45,0.03,0.45,0.0,30.0,0.8175744761936437,0.7499476922271856,0.0,0.0,0.1,0.16666666666666666,0.0,0.0,0.25,0.25,0.25,0.25,0.45,0.45,0.45,0.45,0.0516795865633074,0.05167958656330749,19.35,0,0.03600106749800082,0.45,0.45,0.0,0.425,0.25
Bursa-2026-09-07-7,2026-09-07,2026-09-07 17:30:00,ÇAĞIM-4,4,57.0,1500.0,15.0,0.45,0.45,0.45,0.03,0.45,0.0,30.0,0.8175744761936437,0.7499476922271856,0.0,0.0,0.1,0.16666666666666666,0.0,0.0,0.25,0.25,0.25,0.25,0.45,0.45,0.45,0.45,0.0233100233100233,0.023310023310023312,42.9,0,0.016238243731615778,0.45,0.45,0.0,0.425,0.25
Bursa-2026-09-07-7,2026-09-07,2026-09-07 17:30:00,DOMANİÇ BEYİ-5,5,57.0,1500.0,15.0,0.45,0.45,0.45,0.03,0.45,0.0,30.0,0.8175744761936437,0.7499476922271856,0.0,0.0,0.1,0.16666666666666666,0.0,0.0,0.25,0.25,0.25,0.25,0.45,0.45,0.45,0.45,0.25,0.25,4.0,0,0.17415516402157927,0.45,0.45,0.0,0.425,0.25
Bursa-2026-09-07-7,2026-09-07,2026-09-07 17:30:00,DOSTBAŞAR-6,6,57.0,1500.0,15.0,0.45,0.45,0.45,0.03,0.45,0.0,30.0,0.8175744761936437,0.7499476922271856,0.0,0.0,0.1,0.16666666666666666,0.0,0.0,0.25,0.25,0.25,0.25,0.45,0.45,0.45,0.45,0.1333333333333333,0.13333333333333333,7.5,1,0.09288275414484226,0.45,0.45,0.0,0.425,0.25
Bursa-2026-09-07-7,2026-09-07,2026-09-07 17:30:00,KRENSİA-7,7,57.0,1500.0,15.0,0.45,0.45,0.45,0.03,0.45,0.0,30.0,0.8175744761936437,0.7499476922271856,0.0,0.0,0.1,0.16666666666666666,0.0,0.0,0.25,0.25,0.25,0.25,0.45,0.45,0.45,0.45,0.1273885350318471,0.12738853503184713,7.85,0,0.08874148485176012,0.45,0.45,0.0,0.425,0.25
Bursa-2026-09-07-7,2026-09-07,2026-09-07 17:30:00,TUMBUL HABERKAN-8,8,57.0,1500.0,15.0,0.45,0.45,0.45,0.03,0.45,0.0,30.0,0.8175744761936437,0.7499476922271856,0.0,0.0,0.1,0.16666666666666666,0.0,0.0,0.25,0.25,0.25,0.25,0.45,0.45,0.45,0.45,0.0947867298578199,0.0947867298578199,10.55,0,0.066030393941831,0.45,0.45,0.0,0.425,0.25
Bursa-2026-09-07-7,2026-09-07,2026-09-07 17:30:00,YİĞİDİM EFE-9,9,57.0,1500.0,15.0,0.45,0.45,0.45,0.03,0.45,0.0,30.0,0.8175744761936437,0.7499476922271856,0.0,0.0,0.1,0.16666666666666666,0.0,0.0,0.25,0.25,0.25,0.25,0.45,0.45,0.45,0.45,0.0196270853778213,0.01962708537782139,50.95,0,0.013672633092960036,0.45,0.45,0.0,0.425,0.25
Bursa-2026-09-07-7,2026-09-07,2026-09-07 17:30:00,BANGU-10,10,55.0,1500.0,15.0,0.45,0.45,0.45,0.03,0.45,0.0,30.0,0.8175744761936437,0.7499476922271856,0.0,0.0,0.1,0.16666666666666666,0.0,0.0,0.25,0.25,0.25,0.25,0.45,0.45,0.45,0.45,0.0793650793650793,0.07936507936507936,12.6,0,0.05528735365764417,0.45,0.45,0.0,0.425,0.25
Bursa-2026-09-07-7,2026-09-07,2026-09-07 17:30:00,GOLAÇİYA  SKG-11,11,52.0,1500.0,15.0,0.45,0.45,0.45,0.03,0.45,0.0,30.0,0.8175744761936437,0.7499476922271856,0.0,0.0,0.1,0.16666666666666666,0.0,0.0,0.25,0.25,0.25,0.25,0.45,0.45,0.45,0.45,0.0749063670411985,0.0749063670411985,13.35,0,0.05218132255328218,0.45,0.45,0.0,0.425,0.25
Bursa-2026-09-07-7,2026-09-07,2026-09-07 17:30:00,GÜLNARLI-12,12,55.0,1500.0,15.0,0.45,0.45,0.45,0.03,0.45,0.0,30.0,0.8175744761936437,0.7499476922271856,0.0,0.0,0.1,0.16666666666666666,0.0,0.0,0.25,0.25,0.25,0.25,0.45,0.45,0.45,0.45,0.2150537634408602,0.2150537634408602,4.65,0,0.14981089378200366,0.45,0.45,0.0,0.425,0.25
Bursa-2026-09-07-7,2026-09-07,2026-09-07 17:30:00,ÖZASYALI-13,13,55.0,1500.0,15.0,0.45,0.45,0.45,0.03,0.45,0.0,30.0,0.8175744761936437,0.7499476922271856,0.0,0.0,0.1,0.16666666666666666,0.0,0.0,0.25,0.25,0.25,0.25,0.45,0.45,0.45,0.45,0.0138408304498269,0.01384083044982699,72.25,0,0.00964180838873789,0.45,0.45,0.0,0.425,0.25
Bursa-2026-09-07-7,2026-09-07,2026-09-07 17:30:00,SAROSLU-14,14,51.0,1500.0,15.0,0.45,0.45,0.45,0.03,0.45,0.0,30.0,0.8175744761936437,0.7499476922271856,0.0,0.0,0.1,0.16666666666666666,0.0,0.0,0.25,0.25,0.25,0.25,0.45,0.45,0.45,0.45,0.1739130434782608,0.17391304347826086,5.75,0,0.12115141844979423,0.45,0.45,0.0,0.425,0.25
Bursa-2026-09-07-7,2026-09-07,2026-09-07 17:30:00,SELİNNAZ  K Kulaklık takılacağını ifade eder.-15,15,54.0,1500.0,15.0,0.45,0.45,0.45,0.03,0.45,0.0,30.0,0.8175744761936437,0.7499476922271856,0.0,0.0,0.1,0.16666666666666666,0.0,0.0,0.25,0.25,0.25,0.25,0.45,0.45,0.45,0.45,0.0149588631264023,0.014958863126402395,66.85,0,0.010420653045419786,0.45,0.45,0.0,0.425,0.25
Elazığ-2026-09-07-1,2026-09-07,2026-09-07 17:45:00,SEDERİ GÜZELİ-1,1,58.0,1600.0,8.0,0.45,0.45,0.45,0.03,0.45,0.0,30.0,0.8175744761936437,0.7499476922271856,0.0,0.0,0.1,0.16666666666666666,0.0,0.0,0.25,0.25,0.25,0.25,0.45,0.45,0.45,0.45,0.0851063829787234,0.0851063829787234,11.75,0,0.059298945884446834,0.45,0.44999999999999996,0.0,0.425,0.25
Elazığ-2026-09-07-1,2026-09-07,2026-09-07 17:45:00,SON KRALİÇE-2,2,58.0,1600.0,8.0,0.45,0.45,0.45,0.03,0.45,0.0,30.0,0.8175744761936437,0.7499476922271856,0.0,0.0,0.1,0.16666666666666666,0.0,0.0,0.25,0.25,0.25,0.25,0.45,0.45,0.45,0.45,0.1587301587301587,0.15873015873015872,6.3,0,0.1105972403400397,0.45,0.44999999999999996,0.0,0.425,0.25
Elazığ-2026-09-07-1,2026-09-07,2026-09-07 17:45:00,GÜZELBİLGE  K Kulaklık takılacağını ifade eder.-3,3,57.0,1600.0,8.0,0.45,0.45,0.45,0.03,0.45,0.0,30.0,0.8175744761936437,0.7499476922271856,0.0,0.0,0.1,0.16666666666666666,0.0,0.0,0.25,0.25,0.25,0.25,0.45,0.45,0.45,0.45,0.0655737704918032,0.06557377049180328,15.25,0,0.04568935174703275,0.45,0.44999999999999996,0.0,0.425,0.25
Elazığ-2026-09-07-1,2026-09-07,2026-09-07 17:45:00,HİFANINOĞLU-4,4,57.0,1600.0,8.0,0.45,0.45,0.45,0.03,0.45,0.0,30.0,0.8175744761936437,0.7499476922271856,0.0,0.0,0.1,0.16666666666666666,0.0,0.0,0.25,0.25,0.25,0.25,0.45,0.45,0.45,0.45,0.2127659574468085,0.2127659574468085,4.7,0,0.1482473647111171,0.45,0.44999999999999996,0.0,0.425,0.25
Elazığ-2026-09-07-1,2026-09-07,2026-09-07 17:45:00,KAUÇUKÇU  K Kulaklık takılacağını ifade eder. SKG-5,5,57.0,1600.0,8.0,0.45,0.45,0.45,0.03,0.45,0.0,30.0,0.8175744761936437,0.7499476922271856,0.0,0.0,0.1,0.16666666666666666,0.0,0.0,0.25,0.25,0.25,0.25,0.45,0.45,0.45,0.45,0.202020202020202,0.20202020202020202,4.95,0,0.14076012406914146,0.45,0.44999999999999996,0.0,0.425,0.25
Elazığ-2026-09-07-1,2026-09-07,2026-09-07 17:45:00,NALIN SESİ-6,6,57.0,1600.0,8.0,0.45,0.45,0.45,0.03,0.45,0.0,30.0,0.8175744761936437,0.7499476922271856,0.0,0.0,0.1,0.16666666666666666,0.0,0.0,0.25,0.25,0.25,0.25,0.45,0.45,0.45,0.45,0.6666666666666666,0.6666666666666666,1.5,1,0.46450840942816685,0.45,0.44999999999999996,0.0,0.425,0.25
Elazığ-2026-09-07-1,2026-09-07,2026-09-07 17:45:00,NECAT-8,8,57.0,1600.0,8.0,0.45,0.45,0.45,0.03,0.45,0.0,30.0,0.8175744761936437,0.7499476922271856,0.0,0.0,0.1,0.16666666666666666,0.0,0.0,0.25,0.25,0.25,0.25,0.45,0.45,0.45,0.45,0.0443458980044345,0.044345898004434586,22.55,0,0.030898563820055385,0.45,0.44999999999999996,0.0,0.425,0.25
Bursa-2026-09-07-8,2026-09-07,2026-09-07 18:00:00,ÇUKUROVA EFESİ-1,1,58.0,1700.0,19.0,0.45,0.45,0.45,0.03,0.45,0.0,30.0,0.8175744761936437,0.7499476922271856,0.0,0.0,0.1,0.16666666666666666,0.0,0.0,0.25,0.25,0.25,0.25,0.45,0.45,0.45,0.45,0.3448275862068966,0.3448275862068966,2.9,0,0.22118844143940183,0.45,0.45000000000000007,0.0,0.425,0.25
Bursa-2026-09-07-8,2026-09-07,2026-09-07 18:00:00,KAYAŞAH   K Kulaklık takılacağını ifade eder.-2,2,58.0,1700.0,19.0,0.45,0.45,0.45,0.03,0.45,0.0,30.0,0.8175744761936437,0.7499476922271856,0.0,0.0,0.1,0.16666666666666666,0.0,0.0,0.25,0.25,0.25,0.25,0.45,0.45,0.45,0.45,0.0586510263929618,0.05865102639296187,17.05,0,0.037621494438373274,0.45,0.45000000000000007,0.0,0.425,0.25
Bursa-2026-09-07-8,2026-09-07,2026-09-07 18:00:00,SARPDAĞ-3,3,58.0,1700.0,19.0,0.45,0.45,0.45,0.03,0.45,0.0,30.0,0.8175744761936437,0.7499476922271856,0.0,0.0,0.1,0.16666666666666666,0.0,0.0,0.25,0.25,0.25,0.25,0.45,0.45,0.45,0.45,0.0526315789473684,0.9900990099009901,0.0,0,0.033760341061803416,0.45,0.45000000000000007,0.0,0.425,0.25
Bursa-2026-09-07-8,2026-09-07,2026-09-07 18:00:00,DAĞ YONCASI-4,4,56.0,1700.0,19.0,0.45,0.45,0.45,0.03,0.45,0.0,30.0,0.8175744761936437,0.7499476922271856,0.0,0.0,0.1,0.16666666666666666,0.0,0.0,0.25,0.25,0.25,0.25,0.45,0.45,0.45,0.45,0.1169590643274853,0.11695906432748537,8.55,0,0.07502298013734092,0.45,0.45000000000000007,0.0,0.425,0.25
Bursa-2026-09-07-8,2026-09-07,2026-09-07 18:00:00,ELİFLİ-5,5,56.0,1700.0,19.0,0.45,0.45,0.45,0.03,0.45,0.0,30.0,0.8175744761936437,0.7499476922271856,0.0,0.0,0.1,0.16666666666666666,0.0,0.0,0.25,0.25,0.25,0.25,0.45,0.45,0.45,0.45,0.072992700729927,0.07299270072992702,13.7,0,0.046820910961625196,0.45,0.45000000000000007,0.0,0.425,0.25
Bursa-2026-09-07-8,2026-09-07,2026-09-07 18:00:00,ESENYIL-6,6,56.0,1700.0,19.0,0.45,0.45,0.45,0.03,0.45,0.0,30.0,0.8175744761936437,0.7499476922271856,0.0,0.0,0.1,0.16666666666666666,0.0,0.0,0.25,0.25,0.25,0.25,0.45,0.45,0.45,0.45,0.1052631578947368,0.10526315789473684,9.5,0,0.06752068212360683,0.45,0.45000000000000007,0.0,0.425,0.25
Bursa-2026-09-07-8,2026-09-07,2026-09-07 18:00:00,HÜMALI KIZ-7,7,56.0,1700.0,19.0,0.45,0.45,0.45,0.03,0.45,0.0,30.0,0.8175744761936437,0.7499476922271856,0.0,0.0,0.1,0.16666666666666666,0.0,0.0,0.25,0.25,0.25,0.25,0.45,0.45,0.45,0.45,0.2298850574712644,0.2298850574712644,4.35,0,0.14745896095960123,0.45,0.45000000000000007,0.0,0.425,0.25
Bursa-2026-09-07-8,2026-09-07,2026-09-07 18:00:00,İYİMSER-8,8,56.0,1700.0,19.0,0.45,0.45,0.45,0.03,0.45,0.0,30.0,0.8175744761936437,0.7499476922271856,0.0,0.0,0.1,0.16666666666666666,0.0,0.0,0.25,0.25,0.25,0.25,0.45,0.45,0.45,0.45,0.0400801603206412,0.04008016032064128,24.95,0,0.025709277762495545,0.45,0.45000000000000007,0.0,0.425,0.25
Bursa-2026-09-07-8,2026-09-07,2026-09-07 18:00:00,LİNAM-9,9,56.0,1700.0,19.0,0.45,0.45,0.45,0.03,0.45,0.0,30.0,0.8175744761936437,0.7499476922271856,0.0,0.0,0.1,0.16666666666666666,0.0,0.0,0.25,0.25,0.25,0.25,0.45,0.45,0.45,0.45,0.072992700729927,0.07299270072992702,13.7,0,0.046820910961625196,0.45,0.45000000000000007,0.0,0.425,0.25
Bursa-2026-09-07-8,2026-09-07,2026-09-07 18:00:00,SÜTLİMAN-10,10,56.0,1700.0,19.0,0.45,0.45,0.45,0.03,0.45,0.0,30.0,0.8175744761936437,0.7499476922271856,0.0,0.0,0.1,0.16666666666666666,0.0,0.0,0.25,0.25,0.25,0.25,0.45,0.45,0.45,0.45,0.0677966101694915,0.06779661016949153,14.75,1,0.043487896960967116,0.45,0.45000000000000007,0.0,0.425,0.25
Bursa-2026-09-07-8,2026-09-07,2026-09-07 18:00:00,MÜRDÜN KIZ-11,11,56.0,1700.0,19.0,0.45,0.45,0.45,0.03,0.45,0.0,30.0,0.8175744761936437,0.7499476922271856,0.0,0.0,0.1,0.16666666666666666,0.0,0.0,0.25,0.25,0.25,0.25,0.45,0.45,0.45,0.45,0.0925925925925925,0.09259259259259259,10.8,0,0.059393192608728204,0.45,0.45000000000000007,0.0,0.425,0.25
Bursa-2026-09-07-8,2026-09-07,2026-09-07 18:00:00,EMSALLİ ER-12,12,58.0,1700.0,19.0,0.45,0.45,0.45,0.03,0.45,0.0,30.0,0.8175744761936437,0.7499476922271856,0.0,0.0,0.1,0.16666666666666666,0.0,0.0,0.25,0.25,0.25,0.25,0.45,0.45,0.45,0.45,0.026595744680851,0.026595744680851064,37.6,0,0.017059746813145312,0.45,0.45000000000000007,0.0,0.425,0.25
Bursa-2026-09-07-8,2026-09-07,2026-09-07 18:00:00,TEKFORD ACL-13,13,58.0,1700.0,19.0,0.45,0.45,0.45,0.03,0.45,0.0,30.0,0.8175744761936437,0.7499476922271856,0.0,0.0,0.1,0.16666666666666666,0.0,0.0,0.25,0.25,0.25,0.25,0.45,0.45,0.45,0.45,0.1379310344827586,0.13793103448275862,7.25,0,0.0884753765757607,0.45,0.45000000000000007,0.0,0.425,0.25
Bursa-2026-09-07-8,2026-09-07,2026-09-07 18:00:00,ONURSÜREN   SKG-14,14,58.0,1700.0,19.0,0.45,0.45,0.45,0.03,0.45,0.0,30.0,0.8175744761936437,0.7499476922271856,0.0,0.0,0.1,0.16666666666666666,0.0,0.0,0.25,0.25,0.25,0.25,0.45,0.45,0.45,0.45,0.0307219662058371,0.030721966205837177,32.55,0,0.019706497086766934,0.45,0.45000000000000007,0.0,0.425,0.25
Bursa-2026-09-07-8,2026-09-07,2026-09-07 18:00:00,FOREVER DERYA-15,15,56.0,1700.0,19.0,0.45,0.45,0.45,0.03,0.45,0.0,30.0,0.8175744761936437,0.7499476922271856,0.0,0.0,0.1,0.16666666666666666,0.0,0.0,0.25,0.25,0.25,0.25,0.45,0.45,0.45,0.45,0.0072463768115942,0.007246376811594203,138.0,0,0.0046481628998135145,0.45,0.45000000000000007,0.0,0.425,0.25
Bursa-2026-09-07-8,2026-09-07,2026-09-07 18:00:00,ŞANSIBOLBEY-16,16,57.0,1700.0,19.0,0.45,0.45,0.45,0.03,0.45,0.0,30.0,0.8175744761936437,0.7499476922271856,0.0,0.0,0.1,0.16666666666666666,0.0,0.0,0.25,0.25,0.25,0.25,0.45,0.45,0.45,0.45,0.0507614213197969,0.050761421319796954,19.7,0,0.03256073503422663,0.45,0.45000000000000007,0.0,0.425,0.25
Bursa-2026-09-07-8,2026-09-07,2026-09-07 18:00:00,BERİVANCAN   K Kulaklık takılacağını ifade eder.-17,17,55.0,1700.0,19.0,0.45,0.45,0.45,0.03,0.45,0.0,30.0,0.8175744761936437,0.7499476922271856,0.0,0.0,0.1,0.16666666666666666,0.0,0.0,0.25,0.25,0.25,0.25,0.45,0.45,0.45,0.45,0.0355239786856127,0.03552397868561279,28.15,0,0.02278673108967189,0.45,0.45000000000000007,0.0,0.425,0.25
Bursa-2026-09-07-8,2026-09-07,2026-09-07 18:00:00,HANENKIZ-18,18,55.0,1700.0,19.0,0.45,0.45,0.45,0.03,0.45,0.0,30.0,0.8175744761936437,0.7499476922271856,0.0,0.0,0.1,0.16666666666666666,0.0,0.0,0.25,0.25,0.25,0.25,0.45,0.45,0.45,0.45,0.0086767895878524,0.008676789587852495,115.25,0,0.005565696140340635,0.45,0.45000000000000007,0.0,0.425,0.25
Bursa-2026-09-07-8,2026-09-07,2026-09-07 18:00:00,AZUŞUN KIZI-19,19,54.0,1700.0,19.0,0.45,0.45,0.45,0.03,0.45,0.0,30.0,0.8175744761936437,0.7499476922271856,0.0,0.0,0.1,0.16666666666666666,0.0,0.0,0.25,0.25,0.25,0.25,0.45,0.45,0.45,0.45,0.0068469702156795,0.006846970215679561,146.05,0,0.004391964944705645,0.45,0.45000000000000007,0.0,0.425,0.25
Elazığ-2026-09-07-2,2026-09-07,2026-09-07 18:30:00,ARASIN KIZI-1,1,57.0,1500.0,8.0,0.45,0.45,0.45,0.03,0.45,0.0,30.0,0.8175744761936437,0.7499476922271856,0.0,0.0,0.1,0.16666666666666666,0.0,0.0,0.25,0.25,0.25,0.25,0.45,0.45,0.45,0.45,0.2469135802469136,0.2469135802469136,4.05,0,0.12721752386441365,0.45,0.45,0.0,0.425,0.25
Elazığ-2026-09-07-2,2026-09-07,2026-09-07 18:30:00,GIFT OF ANGELS-2,2,57.0,1500.0,8.0,0.45,0.45,0.45,0.03,0.45,0.0,30.0,0.8175744761936437,0.7499476922271856,0.0,0.0,0.1,0.16666666666666666,0.0,0.0,0.25,0.25,0.25,0.25,0.45,0.45,0.45,0.45,0.3773584905660377,0.37735849056603776,2.65,0,0.19442678175504727,0.45,0.45,0.0,0.425,0.25
Elazığ-2026-09-07-2,2026-09-07,2026-09-07 18:30:00,GRAND NEVA-3,3,54.0,1500.0,8.0,0.45,0.45,0.45,0.03,0.45,0.0,30.0,0.8175744761936437,0.7499476922271856,0.0,0.0,0.1,0.16666666666666666,0.0,0.0,0.25,0.25,0.25,0.25,0.45,0.45,0.45,0.45,0.125,0.9900990099009901,0.0,0,0.06440387145635941,0.45,0.45,0.0,0.425,0.25
Elazığ-2026-09-07-2,2026-09-07,2026-09-07 18:30:00,KRISTAL NACHT-4,4,57.0,1500.0,8.0,0.45,0.45,0.45,0.03,0.45,0.0,30.0,0.8175744761936437,0.7499476922271856,0.0,0.0,0.1,0.16666666666666666,0.0,0.0,0.25,0.25,0.25,0.25,0.45,0.45,0.45,0.45,0.0439560439560439,0.04395604395604396,22.75,0,0.02264751523740108,0.45,0.45,0.0,0.425,0.25
Elazığ-2026-09-07-2,2026-09-07,2026-09-07 18:30:00,LADY ÇEVİK-5,5,57.0,1500.0,8.0,0.45,0.45,0.45,0.03,0.45,0.0,30.0,0.8175744761936437,0.7499476922271856,0.0,0.0,0.1,0.16666666666666666,0.0,0.0,0.25,0.25,0.25,0.25,0.45,0.45,0.45,0.45,0.3773584905660377,0.37735849056603776,2.65,0,0.19442678175504727,0.45,0.45,0.0,0.425,0.25
Elazığ-2026-09-07-2,2026-09-07,2026-09-07 18:30:00,MERYEMCAN-6,6,57.0,1500.0,8.0,0.45,0.45,0.45,0.03,0.45,0.0,30.0,0.8175744761936437,0.7499476922271856,0.0,0.0,0.1,0.16666666666666666,0.0,0.0,0.25,0.25,0.25,0.25,0.45,0.45,0.45,0.45,0.3773584905660377,0.37735849056603776,2.65,0,0.19442678175504727,0.45,0.45,0.0,0.425,0.25
Elazığ-2026-09-07-2,2026-09-07,2026-09-07 18:30:00,SAND QUEEN-7,7,57.0,1500.0,8.0,0.45,0.45,0.45,0.03,0.45,0.0,30.0,0.8175744761936437,0.7499476922271856,0.0,0.0,0.1,0.16666666666666666,0.0,0.0,0.25,0.25,0.25,0.25,0.45,0.45,0.45,0.45,0.3174603174603174,0.31746031746031744,3.15,1,0.16356538782567465,0.45,0.45,0.0,0.425,0.25
Elazığ-2026-09-07-2,2026-09-07,2026-09-07 18:30:00,TIME OF DREAMS  K Kulaklık takılacağını ifade eder.-8,8,57.0,1500.0,8.0,0.45,0.45,0.45,0.03,0.45,0.0,30.0,0.8175744761936437,0.7499476922271856,0.0,0.0,0.1,0.16666666666666666,0.0,0.0,0.25,0.25,0.25,0.25,0.45,0.45,0.45,0.45,0.0754716981132075,0.07547169811320754,13.25,0,0.03888535635100943,0.45,0.45,0.0,0.425,0.25
Elazığ-2026-09-07-3,2026-09-07,2026-09-07 19:00:00,ASALTIN-1,1,62.0,1200.0,13.0,0.45,0.45,0.45,0.03,0.45,0.0,30.0,0.8175744761936437,0.7499476922271856,0.0,0.0,0.1,0.16666666666666666,0.0,0.0,0.25,0.25,0.25,0.25,0.45,0.45,0.45,0.45,0.1273885350318471,0.12738853503184713,7.85,0,0.08888319317543554,0.45000000000000007,0.45,0.0,0.425,0.25
Elazığ-2026-09-07-3,2026-09-07,2026-09-07 19:00:00,BELLAFINA-2,2,60.0,1200.0,13.0,0.45,0.45,0.45,0.03,0.45,0.0,30.0,0.8175744761936437,0.7499476922271856,0.0,0.0,0.1,0.16666666666666666,0.0,0.0,0.25,0.25,0.25,0.25,0.45,0.45,0.45,0.45,0.3508771929824561,0.3508771929824561,2.85,0,0.2448186197990067,0.45000000000000007,0.45,0.0,0.425,0.25
Elazığ-2026-09-07-3,2026-09-07,2026-09-07 19:00:00,MY SİXTH SENSE-3,3,60.0,1200.0,13.0,0.45,0.45,0.45,0.03,0.45,0.0,30.0,0.8175744761936437,0.7499476922271856,0.0,0.0,0.1,0.16666666666666666,0.0,0.0,0.25,0.25,0.25,0.25,0.45,0.45,0.45,0.45,0.136986301369863,0.136986301369863,7.3,1,0.09557987211331083,0.45000000000000007,0.45,0.0,0.425,0.25
Elazığ-2026-09-07-3,2026-09-07,2026-09-07 19:00:00,OĞUZ BAŞKAN-4,4,60.0,1200.0,13.0,0.45,0.45,0.45,0.03,0.45,0.0,30.0,0.8175744761936437,0.7499476922271856,0.0,0.0,0.1,0.16666666666666666,0.0,0.0,0.25,0.25,0.25,0.25,0.45,0.45,0.45,0.45,0.0355239786856127,0.03552397868561279,28.15,0,0.02478625458000595,0.45000000000000007,0.45,0.0,0.425,0.25
Elazığ-2026-09-07-3,2026-09-07,2026-09-07 19:00:00,BUMMER GIRL-5,5,58.0,1200.0,13.0,0.45,0.45,0.45,0.03,0.45,0.0,30.0,0.8175744761936437,0.7499476922271856,0.0,0.0,0.1,0.16666666666666666,0.0,0.0,0.25,0.25,0.25,0.25,0.45,0.45,0.45,0.45,0.2105263157894736,0.21052631578947367,4.75,0,0.14689117187940395,0.45000000000000007,0.45,0.0,0.425,0.25
Elazığ-2026-09-07-3,2026-09-07,2026-09-07 19:00:00,ATLANTIC BLACK-6,6,57.0,1200.0,13.0,0.45,0.45,0.45,0.03,0.45,0.0,30.0,0.8175744761936437,0.7499476922271856,0.0,0.0,0.1,0.16666666666666666,0.0,0.0,0.25,0.25,0.25,0.25,0.45,0.45,0.45,0.45,0.0689655172413793,0.06896551724137931,14.5,0,0.04811952182256338,0.45000000000000007,0.45,0.0,0.425,0.25
Elazığ-2026-09-07-3,2026-09-07,2026-09-07 19:00:00,TRAP ZONE-7,7,57.0,1200.0,13.0,0.45,0.45,0.45,0.03,0.45,0.0,30.0,0.8175744761936437,0.7499476922271856,0.0,0.0,0.1,0.16666666666666666,0.0,0.0,0.25,0.25,0.25,0.25,0.45,0.45,0.45,0.45,0.136986301369863,0.136986301369863,7.3,0,0.09557987211331083,0.45000000000000007,0.45,0.0,0.425,0.25
Elazığ-2026-09-07-3,2026-09-07,2026-09-07 19:00:00,THE LAST UNICORN-8,8,53.0,1200.0,13.0,0.45,0.45,0.45,0.03,0.45,0.0,30.0,0.8175744761936437,0.7499476922271856,0.0,0.0,0.1,0.16666666666666666,0.0,0.0,0.25,0.25,0.25,0.25,0.45,0.45,0.45,0.45,0.0588235294117647,0.058823529411764705,17.0,0,0.041043121554539354,0.45000000000000007,0.45,0.0,0.425,0.25
Elazığ-2026-09-07-3,2026-09-07,2026-09-07 19:00:00,SEHERİN YELİ-9,9,54.0,1200.0,13.0,0.45,0.45,0.45,0.03,0.45,0.0,30.0,0.8175744761936437,0.7499476922271856,0.0,0.0,0.1,0.16666666666666666,0.0,0.0,0.25,0.25,0.25,0.25,0.45,0.45,0.45,0.45,0.1290322580645161,0.12903225806451613,7.75,0,0.09003007308737664,0.45000000000000007,0.45,0.0,0.425,0.25
Elazığ-2026-09-07-3,2026-09-07,2026-09-07 19:00:00,CAFER BEY-10,10,56.0,1200.0,13.0,0.45,0.45,0.45,0.03,0.45,0.0,30.0,0.8175744761936437,0.7499476922271856,0.0,0.0,0.1,0.16666666666666666,0.0,0.0,0.25,0.25,0.25,0.25,0.45,0.45,0.45,0.45,0.0595238095238095,0.05952380952380952,16.8,0,0.04153173014447434,0.45000000000000007,0.45,0.0,0.425,0.25
Elazığ-2026-09-07-3,2026-09-07,2026-09-07 19:00:00,GARONOR-11,11,58.0,1200.0,13.0,0.45,0.45,0.45,0.03,0.45,0.0,30.0,0.8175744761936437,0.7499476922271856,0.0,0.0,0.1,0.16666666666666666,0.0,0.0,0.25,0.25,0.25,0.25,0.45,0.45,0.45,0.45,0.062111801242236,0.06211180124223602,16.1,0,0.04333745754206018,0.45000000000000007,0.45,0.0,0.425,0.25
Elazığ-2026-09-07-3,2026-09-07,2026-09-07 19:00:00,BEYAZ SARAY-12,12,56.0,1200.0,13.0,0.45,0.45,0.45,0.03,0.45,0.0,30.0,0.8175744761936437,0.7499476922271856,0.0,0.0,0.1,0.16666666666666666,0.0,0.0,0.25,0.25,0.25,0.25,0.45,0.45,0.45,0.45,0.0423728813559322,0.0423728813559322,23.6,0,0.0295649604418292,0.45000000000000007,0.45,0.0,0.425,0.25
Elazığ-2026-09-07-3,2026-09-07,2026-09-07 19:00:00,ZALIMIN OĞLU  K Kulaklık takılacağını ifade eder.-13,13,52.5,1200.0,13.0,0.45,0.45,0.45,0.03,0.45,0.0,30.0,0.8175744761936437,0.7499476922271856,0.0,0.0,0.1,0.16666666666666666,0.0,0.0,0.25,0.25,0.25,0.25,0.45,0.45,0.45,0.45,0.0140944326990838,0.01409443269908386,70.95,0,0.009834151746683102,0.45000000000000007,0.45,0.0,0.425,0.25
Elazığ-2026-09-07-4,2026-09-07,2026-09-07 19:30:00,ELELE-1,1,62.0,1500.0,17.0,0.45,0.45,0.45,0.03,0.45,0.0,30.0,0.8175744761936437,0.7499476922271856,0.0,0.0,0.1,0.16666666666666666,0.0,0.0,0.25,0.25,0.25,0.25,0.45,0.45,0.45,0.45,0.0790513833992094,0.07905138339920949,12.65,0,0.04690124482118318,0.45,0.45,0.0,0.425,0.25
Elazığ-2026-09-07-4,2026-09-07,2026-09-07 19:30:00,KADIKÖY GÜZELİ-2,2,62.0,1500.0,17.0,0.45,0.45,0.45,0.03,0.45,0.0,30.0,0.8175744761936437,0.7499476922271856,0.0,0.0,0.1,0.16666666666666666,0.0,0.0,0.25,0.25,0.25,0.25,0.45,0.45,0.45,0.45,0.1324503311258278,0.13245033112582782,7.55,0,0.07858288039575731,0.45,0.45,0.0,0.425,0.25
Elazığ-2026-09-07-4,2026-09-07,2026-09-07 19:30:00,DENİZ LARA-3,3,59.0,1500.0,17.0,0.45,0.45,0.45,0.03,0.45,0.0,30.0,0.8175744761936437,0.7499476922271856,0.0,0.0,0.1,0.16666666666666666,0.0,0.0,0.25,0.25,0.25,0.25,0.45,0.45,0.45,0.45,0.3773584905660377,0.37735849056603776,2.65,0,0.22388707433508218,0.45,0.45,0.0,0.425,0.25
Elazığ-2026-09-07-4,2026-09-07,2026-09-07 19:30:00,LADY SCREAM-4,4,58.0,1500.0,17.0,0.45,0.45,0.45,0.03,0.45,0.0,30.0,0.8175744761936437,0.7499476922271856,0.0,0.0,0.1,0.16666666666666666,0.0,0.0,0.25,0.25,0.25,0.25,0.45,0.45,0.45,0.45,0.0479616306954436,0.047961630695443645,20.85,0,0.028455671318367733,0.45,0.45,0.0,0.425,0.25
Elazığ-2026-09-07-4,2026-09-07,2026-09-07 19:30:00,LUCKY ANGEL-5,5,58.0,1500.0,17.0,0.45,0.45,0.45,0.03,0.45,0.0,30.0,0.8175744761936437,0.7499476922271856,0.0,0.0,0.1,0.16666666666666666,0.0,0.0,0.25,0.25,0.25,0.25,0.45,0.45,0.45,0.45,0.0722021660649819,0.07220216606498195,13.85,0,0.042837599060503065,0.45,0.45,0.0,0.425,0.25
Elazığ-2026-09-07-4,2026-09-07,2026-09-07 19:30:00,ÜNLÜ EKİN-6,6,58.0,1500.0,17.0,0.45,0.45,0.45,0.03,0.45,0.0,30.0,0.8175744761936437,0.7499476922271856,0.0,0.0,0.1,0.16666666666666666,0.0,0.0,0.25,0.25,0.25,0.25,0.45,0.45,0.45,0.45,0.0385356454720616,0.03853564547206166,25.95,0,0.022863227244237647,0.45,0.45,0.0,0.425,0.25
Elazığ-2026-09-07-4,2026-09-07,2026-09-07 19:30:00,DREAM ASIYA-7,7,56.5,1500.0,17.0,0.45,0.45,0.45,0.03,0.45,0.0,30.0,0.8175744761936437,0.7499476922271856,0.0,0.0,0.1,0.16666666666666666,0.0,0.0,0.25,0.25,0.25,0.25,0.45,0.45,0.45,0.45,0.0264200792602377,0.02642007926023778,37.85,0,0.015675052760580344,0.45,0.45,0.0,0.425,0.25
Elazığ-2026-09-07-4,2026-09-07,2026-09-07 19:30:00,MANOYELA-8,8,56.5,1500.0,17.0,0.45,0.45,0.45,0.03,0.45,0.0,30.0,0.8175744761936437,0.7499476922271856,0.0,0.0,0.1,0.16666666666666666,0.0,0.0,0.25,0.25,0.25,0.25,0.45,0.45,0.45,0.45,0.1398601398601398,0.13986013986013984,7.15,0,0.08297912545286258,0.45,0.45,0.0,0.425,0.25
Elazığ-2026-09-07-4,2026-09-07,2026-09-07 19:30:00,ANDROMEDA STAR-9,9,56.0,1500.0,17.0,0.45,0.45,0.45,0.03,0.45,0.0,30.0,0.8175744761936437,0.7499476922271856,0.0,0.0,0.1,0.16666666666666666,0.0,0.0,0.25,0.25,0.25,0.25,0.45,0.45,0.45,0.45,0.2531645569620253,0.2531645569620253,3.95,1,0.15020272075644753,0.45,0.45,0.0,0.425,0.25
Elazığ-2026-09-07-4,2026-09-07,2026-09-07 19:30:00,CASHOUT-10,10,56.0,1500.0,17.0,0.45,0.45,0.45,0.03,0.45,0.0,30.0,0.8175744761936437,0.7499476922271856,0.0,0.0,0.1,0.16666666666666666,0.0,0.0,0.25,0.25,0.25,0.25,0.45,0.45,0.45,0.45,0.05420054200542,0.05420054200542006,18.45,0,0.03215722205896841,0.45,0.45,0.0,0.425,0.25
Elazığ-2026-09-07-4,2026-09-07,2026-09-07 19:30:00,HELLO KUTTY-11,11,52.5,1500.0,17.0,0.45,0.45,0.45,0.03,0.45,0.0,30.0,0.8175744761936437,0.7499476922271856,0.0,0.0,0.1,0.16666666666666666,0.0,0.0,0.25,0.25,0.25,0.25,0.45,0.45,0.45,0.45,0.0167224080267558,0.016722408026755852,59.8,0,0.009921417173711805,0.45,0.45,0.0,0.425,0.25
Elazığ-2026-09-07-4,2026-09-07,2026-09-07 19:30:00,DREAM CHASER-12,12,56.0,1500.0,17.0,0.45,0.45,0.45,0.03,0.45,0.0,30.0,0.8175744761936437,0.7499476922271856,0.0,0.0,0.1,0.16666666666666666,0.0,0.0,0.25,0.25,0.25,0.25,0.45,0.45,0.45,0.45,0.0355871886120996,0.03558718861209964,28.1,0,0.021113905586760393,0.45,0.45,0.0,0.425,0.25
Elazığ-2026-09-07-4,2026-09-07,2026-09-07 19:30:00,GOODBYE-13,13,55.5,1500.0,17.0,0.45,0.45,0.45,0.03,0.45,0.0,30.0,0.8175744761936437,0.7499476922271856,0.0,0.0,0.1,0.16666666666666666,0.0,0.0,0.25,0.25,0.25,0.25,0.45,0.45,0.45,0.45,0.0520833333333333,0.052083333333333336,19.2,0,0.03090108057228997,0.45,0.45,0.0,0.425,0.25
Elazığ-2026-09-07-4,2026-09-07,2026-09-07 19:30:00,VASILISA-14,14,54.5,1500.0,17.0,0.45,0.45,0.45,0.03,0.45,0.0,30.0,0.8175744761936437,0.7499476922271856,0.0,0.0,0.1,0.16666666666666666,0.0,0.0,0.25,0.25,0.25,0.25,0.45,0.45,0.45,0.45,0.2531645569620253,0.2531645569620253,3.95,0,0.15020272075644753,0.45,0.45,0.0,0.425,0.25
Elazığ-2026-09-07-4,2026-09-07,2026-09-07 19:30:00,VALLEY OF HONOUR-15,15,52.5,1500.0,17.0,0.45,0.45,0.45,0.03,0.45,0.0,30.0,0.8175744761936437,0.7499476922271856,0.0,0.0,0.1,0.16666666666666666,0.0,0.0,0.25,0.25,0.25,0.25,0.45,0.45,0.45,0.45,0.0212314225053078,0.021231422505307854,47.1,0,0.012596618832016269,0.45,0.45,0.0,0.425,0.25
Elazığ-2026-09-07-4,2026-09-07,2026-09-07 19:30:00,SECRET SAVER-16,16,52.0,1500.0,17.0,0.45,0.45,0.45,0.03,0.45,0.0,30.0,0.8175744761936437,0.7499476922271856,0.0,0.0,0.1,0.16666666666666666,0.0,0.0,0.25,0.25,0.25,0.25,0.45,0.45,0.45,0.45,0.0628930817610062,0.06289308176100629,15.9,0,0.037314512389180314,0.45,0.45,0.0,0.425,0.25
Elazığ-2026-09-07-4,2026-09-07,2026-09-07 19:30:00,PRENSES MELTEM-17,17,52.0,1500.0,17.0,0.45,0.45,0.45,0.03,0.45,0.0,30.0,0.8175744761936437,0.7499476922271856,0.0,0.0,0.1,0.16666666666666666,0.0,0.0,0.25,0.25,0.25,0.25,0.45,0.45,0.45,0.45,0.0225988700564971,0.022598870056497175,44.25,0,0.013407926485603747,0.45,0.45,0.0,0.425,0.25
Elazığ-2026-09-07-5,2026-09-07,2026-09-07 20:00:00,GREEN GÖLE  K Kulaklık takılacağını ifade eder.-1,1,63.0,1600.0,15.0,0.45,0.45,0.45,0.03,0.45,0.0,30.0,0.8175744761936437,0.7499476922271856,0.0,0.0,0.1,0.16666666666666666,0.0,0.0,0.25,0.25,0.25,0.25,0.45,0.45,0.45,0.45,0.0382409177820267,0.03824091778202677,26.15,0,0.02658637052447378,0.45,0.45,0.0,0.425,0.25
Elazığ-2026-09-07-5,2026-09-07,2026-09-07 20:00:00,EL LEON-2,2,63.0,1600.0,15.0,0.45,0.45,0.45,0.03,0.45,0.0,30.0,0.8175744761936437,0.7499476922271856,0.0,0.0,0.1,0.16666666666666666,0.0,0.0,0.25,0.25,0.25,0.25,0.45,0.45,0.45,0.45,0.0772200772200772,0.07722007722007722,12.95,0,0.053685991445173005,0.45,0.45,0.0,0.425,0.25
Elazığ-2026-09-07-5,2026-09-07,2026-09-07 20:00:00,BY CURA-3,3,62.5,1600.0,15.0,0.45,0.45,0.45,0.03,0.45,0.0,30.0,0.8175744761936437,0.7499476922271856,0.0,0.0,0.1,0.16666666666666666,0.0,0.0,0.25,0.25,0.25,0.25,0.45,0.45,0.45,0.45,0.136986301369863,0.136986301369863,7.3,0,0.09523747797465623,0.45,0.45,0.0,0.425,0.25
Elazığ-2026-09-07-5,2026-09-07,2026-09-07 20:00:00,LION ROBERO  SKG-4,4,63.0,1600.0,15.0,0.45,0.45,0.45,0.03,0.45,0.0,30.0,0.8175744761936437,0.7499476922271856,0.0,0.0,0.1,0.16666666666666666,0.0,0.0,0.25,0.25,0.25,0.25,0.45,0.45,0.45,0.45,0.1265822784810126,0.12658227848101264,7.9,0,0.08800425179936586,0.45,0.45,0.0,0.425,0.25
Elazığ-2026-09-07-5,2026-09-07,2026-09-07 20:00:00,CRIMENA FIRE-5,5,62.0,1600.0,15.0,0.45,0.45,0.45,0.03,0.45,0.0,30.0,0.8175744761936437,0.7499476922271856,0.0,0.0,0.1,0.16666666666666666,0.0,0.0,0.25,0.25,0.25,0.25,0.45,0.45,0.45,0.45,0.0344827586206896,0.034482758620689655,29.0,0,0.023973572041896186,0.45,0.45,0.0,0.425,0.25
Elazığ-2026-09-07-5,2026-09-07,2026-09-07 20:00:00,EUROFIGHTER-6,6,58.0,1600.0,15.0,0.45,0.45,0.45,0.03,0.45,0.0,30.0,0.8175744761936437,0.7499476922271856,0.0,0.0,0.1,0.16666666666666666,0.0,0.0,0.25,0.25,0.25,0.25,0.45,0.45,0.45,0.45,0.3636363636363636,0.36363636363636365,2.75,0,0.2528122142599965,0.45,0.45,0.0,0.425,0.25
Elazığ-2026-09-07-5,2026-09-07,2026-09-07 20:00:00,KAROZBEY-7,7,60.0,1600.0,15.0,0.45,0.45,0.45,0.03,0.45,0.0,30.0,0.8175744761936437,0.7499476922271856,0.0,0.0,0.1,0.16666666666666666,0.0,0.0,0.25,0.25,0.25,0.25,0.45,0.45,0.45,0.45,0.0434782608695652,0.043478260869565216,23.0,0,0.03022754735717349,0.45,0.45,0.0,0.425,0.25
Elazığ-2026-09-07-5,2026-09-07,2026-09-07 20:00:00,AEMOND-8,8,55.0,1600.0,15.0,0.45,0.45,0.45,0.03,0.45,0.0,30.0,0.8175744761936437,0.7499476922271856,0.0,0.0,0.1,0.16666666666666666,0.0,0.0,0.25,0.25,0.25,0.25,0.45,0.45,0.45,0.45,0.1785714285714285,0.17857142857142858,5.6,0,0.12414885521696253,0.45,0.45,0.0,0.425,0.25
Elazığ-2026-09-07-5,2026-09-07,2026-09-07 20:00:00,ÇUKUROVA PEHLİVANI-9,9,58.5,1600.0,15.0,0.45,0.45,0.45,0.03,0.45,0.0,30.0,0.8175744761936437,0.7499476922271856,0.0,0.0,0.1,0.16666666666666666,0.0,0.0,0.25,0.25,0.25,0.25,0.45,0.45,0.45,0.45,0.1098901098901098,0.10989010989010989,9.1,0,0.07639929551813077,0.45,0.45,0.0,0.425,0.25
Elazığ-2026-09-07-5,2026-09-07,2026-09-07 20:00:00,LEO MELO-10,10,58.0,1600.0,15.0,0.45,0.45,0.45,0.03,0.45,0.0,30.0,0.8175744761936437,0.7499476922271856,0.0,0.0,0.1,0.16666666666666666,0.0,0.0,0.25,0.25,0.25,0.25,0.45,0.45,0.45,0.45,0.16,0.16,6.25,0,0.11123737427439849,0.45,0.45,0.0,0.425,0.25
Elazığ-2026-09-07-5,2026-09-07,2026-09-07 20:00:00,RACING PHANTOM-11,11,52.0,1600.0,15.0,0.45,0.45,0.45,0.03,0.45,0.0,30.0,0.8175744761936437,0.7499476922271856,0.0,0.0,0.1,0.16666666666666666,0.0,0.0,0.25,0.25,0.25,0.25,0.45,0.45,0.45,0.45,0.0280504908835904,0.028050490883590466,35.65,0,0.019501643456240926,0.45,0.45,0.0,0.425,0.25
Elazığ-2026-09-07-5,2026-09-07,2026-09-07 20:00:00,DOBRA KIZ-12,12,55.0,1600.0,15.0,0.45,0.45,0.45,0.03,0.45,0.0,30.0,0.8175744761936437,0.7499476922271856,0.0,0.0,0.1,0.16666666666666666,0.0,0.0,0.25,0.25,0.25,0.25,0.45,0.45,0.45,0.45,0.0458715596330275,0.04587155963302752,21.8,0,0.03189144904655918,0.45,0.45,0.0,0.425,0.25
Elazığ-2026-09-07-5,2026-09-07,2026-09-07 20:00:00,KATANA BOY-13,13,53.0,1600.0,15.0,0.45,0.45,0.45,0.03,0.45,0.0,30.0,0.8175744761936437,0.7499476922271856,0.0,0.0,0.1,0.16666666666666666,0.0,0.0,0.25,0.25,0.25,0.25,0.45,0.45,0.45,0.45,0.0552486187845303,0.055248618784530384,18.1,0,0.03841069553673975,0.45,0.45,0.0,0.425,0.25
Elazığ-2026-09-07-5,2026-09-07,2026-09-07 20:00:00,MR SHORTY-14,14,53.0,1600.0,15.0,0.45,0.45,0.45,0.03,0.45,0.0,30.0,0.8175744761936437,0.7499476922271856,0.0,0.0,0.1,0.16666666666666666,0.0,0.0,0.25,0.25,0.25,0.25,0.45,0.45,0.45,0.45,0.0230414746543778,0.02304147465437788,43.4,0,0.016019207124769314,0.45,0.45,0.0,0.425,0.25
Elazığ-2026-09-07-5,2026-09-07,2026-09-07 20:00:00,THE SNAKE PIT  SKG-15,15,52.0,1600.0,15.0,0.45,0.45,0.45,0.03,0.45,0.0,30.0,0.8175744761936437,0.7499476922271856,0.0,0.0,0.1,0.16666666666666666,0.0,0.0,0.25,0.25,0.25,0.25,0.45,0.45,0.45,0.45,0.0170648464163822,0.017064846416382253,58.6,1,0.011864054423463966,0.45,0.45,0.0,0.425,0.25
Elazığ-2026-09-07-6,2026-09-07,2026-09-07 20:30:00,KOSAVALI YİĞİT-1,1,63.0,1200.0,16.0,0.45,0.45,0.45,0.03,0.45,0.0,30.0,0.8175744761936437,0.7499476922271856,0.0,0.0,0.1,0.16666666666666666,0.0,0.0,0.25,0.25,0.25,0.25,0.45,0.45,0.45,0.45,0.0440528634361233,0.04405286343612335,22.7,0,0.02557515464904014,0.45,0.45,0.0,0.425,0.25
Elazığ-2026-09-07-6,2026-09-07,2026-09-07 20:30:00,MOHİ TAY-2,2,63.0,1200.0,16.0,0.45,0.45,0.45,0.03,0.45,0.0,30.0,0.8175744761936437,0.7499476922271856,0.0,0.0,0.1,0.16666666666666666,0.0,0.0,0.25,0.25,0.25,0.25,0.45,0.45,0.45,0.45,0.2272727272727272,0.22727272727272727,4.4,0,0.1319445478484572,0.45,0.45,0.0,0.425,0.25
Elazığ-2026-09-07-6,2026-09-07,2026-09-07 20:30:00,NALDÖKEN AĞASI-3,3,59.0,1200.0,16.0,0.45,0.45,0.45,0.03,0.45,0.0,30.0,0.8175744761936437,0.7499476922271856,0.0,0.0,0.1,0.16666666666666666,0.0,0.0,0.25,0.25,0.25,0.25,0.45,0.45,0.45,0.45,0.03690036900369,0.03690036900369004,27.1,0,0.021422731015985654,0.45,0.45,0.0,0.425,0.25
Elazığ-2026-09-07-6,2026-09-07,2026-09-07 20:30:00,DENİZİM GÜLÜ-4,4,60.5,1200.0,16.0,0.45,0.45,0.45,0.03,0.45,0.0,30.0,0.8175744761936437,0.7499476922271856,0.0,0.0,0.1,0.16666666666666666,0.0,0.0,0.25,0.25,0.25,0.25,0.45,0.45,0.45,0.45,0.1515151515151515,0.15151515151515152,6.6,0,0.08796303189897146,0.45,0.45,0.0,0.425,0.25
Elazığ-2026-09-07-6,2026-09-07,2026-09-07 20:30:00,AKGOLD DATÇA-5,5,58.0,1200.0,16.0,0.45,0.45,0.45,0.03,0.45,0.0,30.0,0.8175744761936437,0.7499476922271856,0.0,0.0,0.1,0.16666666666666666,0.0,0.0,0.25,0.25,0.25,0.25,0.45,0.45,0.45,0.45,0.0422832980972515,0.042283298097251586,23.65,0,0.024547822855526875,0.45,0.45,0.0,0.425,0.25
Elazığ-2026-09-07-6,2026-09-07,2026-09-07 20:30:00,GÜMBÜRSOY  SKG-6,6,60.0,1200.0,16.0,0.45,0.45,0.45,0.03,0.45,0.0,30.0,0.8175744761936437,0.7499476922271856,0.0,0.0,0.1,0.16666666666666666,0.0,0.0,0.25,0.25,0.25,0.25,0.45,0.45,0.45,0.45,0.0273972602739726,0.0273972602739726,36.5,1,0.015905644124197583,0.45,0.45,0.0,0.425,0.25
Elazığ-2026-09-07-6,2026-09-07,2026-09-07 20:30:00,BARBAROSOĞLU-7,7,59.5,1200.0,16.0,0.45,0.45,0.45,0.03,0.45,0.0,30.0,0.8175744761936437,0.7499476922271856,0.0,0.0,0.1,0.16666666666666666,0.0,0.0,0.25,0.25,0.25,0.25,0.45,0.45,0.45,0.45,0.2898550724637681,0.2898550724637681,3.45,0,0.16827710450238023,0.45,0.45,0.0,0.425,0.25
Elazığ-2026-09-07-6,2026-09-07,2026-09-07 20:30:00,EFRUZKIZI-8,8,59.5,1200.0,16.0,0.45,0.45,0.45,0.03,0.45,0.0,30.0,0.8175744761936437,0.7499476922271856,0.0,0.0,0.1,0.16666666666666666,0.0,0.0,0.25,0.25,0.25,0.25,0.45,0.45,0.45,0.45,0.0970873786407767,0.0970873786407767,10.3,0,0.05636466121681667,0.45,0.45,0.0,0.425,0.25
Elazığ-2026-09-07-6,2026-09-07,2026-09-07 20:30:00,ÇINARLI GÜZELİ-9,9,57.0,1200.0,16.0,0.45,0.45,0.45,0.03,0.45,0.0,30.0,0.8175744761936437,0.7499476922271856,0.0,0.0,0.1,0.16666666666666666,0.0,0.0,0.25,0.25,0.25,0.25,0.45,0.45,0.45,0.45,0.0359066427289048,0.03590664272890485,27.85,0,0.020845817254334327,0.45,0.45,0.0,0.425,0.25
Elazığ-2026-09-07-6,2026-09-07,2026-09-07 20:30:00,POWER OF RED-10,10,58.0,1200.0,16.0,0.45,0.45,0.45,0.03,0.45,0.0,30.0,0.8175744761936437,0.7499476922271856,0.0,0.0,0.1,0.16666666666666666,0.0,0.0,0.25,0.25,0.25,0.25,0.45,0.45,0.45,0.45,0.0809716599190283,0.08097165991902834,12.35,0,0.04700858384884304,0.45,0.45,0.0,0.425,0.25
Elazığ-2026-09-07-6,2026-09-07,2026-09-07 20:30:00,PRINCESS GIRL-11,11,58.0,1200.0,16.0,0.45,0.45,0.45,0.03,0.45,0.0,30.0,0.8175744761936437,0.7499476922271856,0.0,0.0,0.1,0.16666666666666666,0.0,0.0,0.25,0.25,0.25,0.25,0.45,0.45,0.45,0.45,0.0464037122969837,0.04640371229698376,21.55,0,0.0269399540850678,0.45,0.45,0.0,0.425,0.25
Elazığ-2026-09-07-6,2026-09-07,2026-09-07 20:30:00,KİRAZLI-12,12,57.0,1200.0,16.0,0.45,0.45,0.45,0.03,0.45,0.0,30.0,0.8175744761936437,0.7499476922271856,0.0,0.0,0.1,0.16666666666666666,0.0,0.0,0.25,0.25,0.25,0.25,0.45,0.45,0.45,0.45,0.0357142857142857,0.03571428571428571,28.0,0,0.02073414323332898,0.45,0.45,0.0,0.425,0.25
Elazığ-2026-09-07-6,2026-09-07,2026-09-07 20:30:00,HAYALLERİM-13,13,57.0,1200.0,16.0,0.45,0.45,0.45,0.03,0.45,0.0,30.0,0.8175744761936437,0.7499476922271856,0.0,0.0,0.1,0.16666666666666666,0.0,0.0,0.25,0.25,0.25,0.25,0.45,0.45,0.45,0.45,0.1680672268907563,0.1680672268907563,5.95,0,0.0975724387450776,0.45,0.45,0.0,0.425,0.25
Elazığ-2026-09-07-6,2026-09-07,2026-09-07 20:30:00,HIZLI BERATIM-14,14,56.5,1200.0,16.0,0.45,0.45,0.45,0.03,0.45,0.0,30.0,0.8175744761936437,0.7499476922271856,0.0,0.0,0.1,0.16666666666666666,0.0,0.0,0.25,0.25,0.25,0.25,0.45,0.45,0.45,0.45,0.07168458781362,0.07168458781362008,13.95,0,0.04161691831779291,0.45,0.45,0.0,0.425,0.25
Elazığ-2026-09-07-6,2026-09-07,2026-09-07 20:30:00,KÜHEYLAN BAKÜRA-15,15,55.5,1200.0,16.0,0.45,0.45,0.45,0.03,0.45,0.0,30.0,0.8175744761936437,0.7499476922271856,0.0,0.0,0.1,0.16666666666666666,0.0,0.0,0.25,0.25,0.25,0.25,0.45,0.45,0.45,0.45,0.0775193798449612,0.07751937984496124,12.9,0,0.04500434190179934,0.45,0.45,0.0,0.425,0.25
Elazığ-2026-09-07-6,2026-09-07,2026-09-07 20:30:00,CAN YAKUP  SKG-16,16,55.5,1200.0,16.0,0.45,0.45,0.45,0.03,0.45,0.0,30.0,0.8175744761936437,0.7499476922271856,0.0,0.0,0.1,0.16666666666666666,0.0,0.0,0.25,0.25,0.25,0.25,0.45,0.45,0.45,0.45,0.2898550724637681,0.2898550724637681,3.45,0,0.16827710450238023,0.45,0.45,0.0,0.425,0.25
Elazığ-2026-09-07-7,2026-09-07,2026-09-07 21:00:00,EMPRESS GIRL-1,1,59.0,1500.0,8.0,0.45,0.45,0.45,0.03,0.45,0.0,30.0,0.8175744761936437,0.7499476922271856,0.0,0.0,0.1,0.16666666666666666,0.0,0.0,0.25,0.25,0.25,0.25,0.45,0.45,0.45,0.45,0.111731843575419,0.111731843575419,8.95,0,0.0778092537948982,0.45,0.45,0.0,0.425,0.25
Elazığ-2026-09-07-7,2026-09-07,2026-09-07 21:00:00,LOVESICK GRILS-2,2,59.0,1500.0,8.0,0.45,0.45,0.45,0.03,0.45,0.0,30.0,0.8175744761936437,0.7499476922271856,0.0,0.0,0.1,0.16666666666666666,0.0,0.0,0.25,0.25,0.25,0.25,0.45,0.45,0.45,0.45,0.5555555555555556,0.5555555555555556,1.8,0,0.38688490081352156,0.45,0.45,0.0,0.425,0.25
Elazığ-2026-09-07-7,2026-09-07,2026-09-07 21:00:00,BAKÜLÜ KIZ-3,3,57.0,1500.0,8.0,0.45,0.45,0.45,0.03,0.45,0.0,30.0,0.8175744761936437,0.7499476922271856,0.0,0.0,0.1,0.16666666666666666,0.0,0.0,0.25,0.25,0.25,0.25,0.45,0.45,0.45,0.45,0.065359477124183,0.06535947712418301,15.3,0,0.04551587068394371,0.45,0.45,0.0,0.425,0.25
Elazığ-2026-09-07-7,2026-09-07,2026-09-07 21:00:00,GÜLÜMSE KIZIM  K Kulaklık takılacağını ifade eder.-4,4,57.0,1500.0,8.0,0.45,0.45,0.45,0.03,0.45,0.0,30.0,0.8175744761936437,0.7499476922271856,0.0,0.0,0.1,0.16666666666666666,0.0,0.0,0.25,0.25,0.25,0.25,0.45,0.45,0.45,0.45,0.2564102564102564,0.25641025641025644,3.9,0,0.178562261913933,0.45,0.45,0.0,0.425,0.25
Elazığ-2026-09-07-7,2026-09-07,2026-09-07 21:00:00,HÜRREM HANIM-5,5,57.0,1500.0,8.0,0.45,0.45,0.45,0.03,0.45,0.0,30.0,0.8175744761936437,0.7499476922271856,0.0,0.0,0.1,0.16666666666666666,0.0,0.0,0.25,0.25,0.25,0.25,0.45,0.45,0.45,0.45,0.0388349514563106,0.038834951456310676,25.75,0,0.027044381416090772,0.45,0.45,0.0,0.425,0.25
Elazığ-2026-09-07-7,2026-09-07,2026-09-07 21:00:00,LEYDİ TOPÇU-6,6,57.0,1500.0,8.0,0.45,0.45,0.45,0.03,0.45,0.0,30.0,0.8175744761936437,0.7499476922271856,0.0,0.0,0.1,0.16666666666666666,0.0,0.0,0.25,0.25,0.25,0.25,0.45,0.45,0.45,0.45,0.1574803149606299,0.15748031496062992,6.35,1,0.10966816086052578,0.45,0.45,0.0,0.425,0.25
Elazığ-2026-09-07-7,2026-09-07,2026-09-07 21:00:00,MONICA SULTAN-7,7,57.0,1500.0,8.0,0.45,0.45,0.45,0.03,0.45,0.0,30.0,0.8175744761936437,0.7499476922271856,0.0,0.0,0.1,0.16666666666666666,0.0,0.0,0.25,0.25,0.25,0.25,0.45,0.45,0.45,0.45,0.1886792452830188,0.18867924528301888,5.3,0,0.1313948719744035,0.45,0.45,0.0,0.425,0.25
Elazığ-2026-09-07-7,2026-09-07,2026-09-07 21:00:00,SECRET GIRL-8,8,57.0,1500.0,8.0,0.45,0.45,0.45,0.03,0.45,0.0,30.0,0.8175744761936437,0.7499476922271856,0.0,0.0,0.1,0.16666666666666666,0.0,0.0,0.25,0.25,0.25,0.25,0.45,0.45,0.45,0.45,0.0619195046439628,0.061919504643962855,16.15,0,0.04312029854268348,0.45,0.45,0.0,0.425,0.25
Elazığ-2026-09-07-8,2026-09-07,2026-09-07 21:30:00,SINCERO-1,1,61.0,1500.0,18.0,0.45,0.45,0.45,0.03,0.45,0.0,30.0,0.8175744761936437,0.7499476922271856,0.0,0.0,0.1,0.16666666666666666,0.0,0.0,0.25,0.25,0.25,0.25,0.45,0.45,0.45,0.45,0.0290275761973875,0.029027576197387515,34.45,0,0.019329643505289266,0.44999999999999996,0.44999999999999996,0.0,0.425,0.25
Elazığ-2026-09-07-8,2026-09-07,2026-09-07 21:30:00,SON OFF OZAN-2,2,61.0,1500.0,18.0,0.45,0.45,0.45,0.03,0.45,0.0,30.0,0.8175744761936437,0.7499476922271856,0.0,0.0,0.1,0.16666666666666666,0.0,0.0,0.25,0.25,0.25,0.25,0.45,0.45,0.45,0.45,0.2941176470588235,0.29411764705882354,3.4,0,0.19585477022271042,0.44999999999999996,0.44999999999999996,0.0,0.425,0.25
Elazığ-2026-09-07-8,2026-09-07,2026-09-07 21:30:00,KRAL ALPER-3,3,58.0,1500.0,18.0,0.45,0.45,0.45,0.03,0.45,0.0,30.0,0.8175744761936437,0.7499476922271856,0.0,0.0,0.1,0.16666666666666666,0.0,0.0,0.25,0.25,0.25,0.25,0.45,0.45,0.45,0.45,0.0934579439252336,0.09345794392523366,10.7,0,0.06223422605207619,0.44999999999999996,0.44999999999999996,0.0,0.425,0.25
Elazığ-2026-09-07-8,2026-09-07,2026-09-07 21:30:00,SÜPER EFE-4,4,58.0,1500.0,18.0,0.45,0.45,0.45,0.03,0.45,0.0,30.0,0.8175744761936437,0.7499476922271856,0.0,0.0,0.1,0.16666666666666666,0.0,0.0,0.25,0.25,0.25,0.25,0.45,0.45,0.45,0.45,0.0466200466200466,0.046620046620046623,21.45,0,0.03104457896304034,0.44999999999999996,0.44999999999999996,0.0,0.425,0.25
Elazığ-2026-09-07-8,2026-09-07,2026-09-07 21:30:00,GOLDEN COOGER-5,5,56.0,1500.0,18.0,0.45,0.45,0.45,0.03,0.45,0.0,30.0,0.8175744761936437,0.7499476922271856,0.0,0.0,0.1,0.16666666666666666,0.0,0.0,0.25,0.25,0.25,0.25,0.45,0.45,0.45,0.45,0.1265822784810126,0.12658227848101264,7.9,0,0.08429192642496396,0.44999999999999996,0.44999999999999996,0.0,0.425,0.25
Elazığ-2026-09-07-8,2026-09-07,2026-09-07 21:30:00,NIGHT KING-6,6,56.0,1500.0,18.0,0.45,0.45,0.45,0.03,0.45,0.0,30.0,0.8175744761936437,0.7499476922271856,0.0,0.0,0.1,0.16666666666666666,0.0,0.0,0.25,0.25,0.25,0.25,0.45,0.45,0.45,0.45,0.1162790697674418,0.11627906976744186,8.6,1,0.07743095566944364,0.44999999999999996,0.44999999999999996,0.0,0.425,0.25
Elazığ-2026-09-07-8,2026-09-07,2026-09-07 21:30:00,DİRİLİŞ KARTALI  SKG-7,7,53.0,1500.0,18.0,0.45,0.45,0.45,0.03,0.45,0.0,30.0,0.8175744761936437,0.7499476922271856,0.0,0.0,0.1,0.16666666666666666,0.0,0.0,0.25,0.25,0.25,0.25,0.45,0.45,0.45,0.45,0.0150375939849624,0.015037593984962405,66.5,0,0.010013627349732561,0.44999999999999996,0.44999999999999996,0.0,0.425,0.25
Elazığ-2026-09-07-8,2026-09-07,2026-09-07 21:30:00,PACIFIC GROVE-8,8,56.0,1500.0,18.0,0.45,0.45,0.45,0.03,0.45,0.0,30.0,0.8175744761936437,0.7499476922271856,0.0,0.0,0.1,0.16666666666666666,0.0,0.0,0.25,0.25,0.25,0.25,0.45,0.45,0.45,0.45,0.0675675675675675,0.06756756756756756,14.8,0,0.044993663429541544,0.44999999999999996,0.44999999999999996,0.0,0.425,0.25
Elazığ-2026-09-07-8,2026-09-07,2026-09-07 21:30:00,SWORD OF GOLD-9,9,55.0,1500.0,18.0,0.45,0.45,0.45,0.03,0.45,0.0,30.0,0.8175744761936437,0.7499476922271856,0.0,0.0,0.1,0.16666666666666666,0.0,0.0,0.25,0.25,0.25,0.25,0.45,0.45,0.45,0.45,0.0233100233100233,0.023310023310023312,42.9,0,0.01552228948152017,0.44999999999999996,0.44999999999999996,0.0,0.425,0.25
Elazığ-2026-09-07-8,2026-09-07,2026-09-07 21:30:00,TORUNUM DEVRİM-10,10,55.0,1500.0,18.0,0.45,0.45,0.45,0.03,0.45,0.0,30.0,0.8175744761936437,0.7499476922271856,0.0,0.0,0.1,0.16666666666666666,0.0,0.0,0.25,0.25,0.25,0.25,0.45,0.45,0.45,0.45,0.0584795321637426,0.05847953216374269,17.1,0,0.0389418841378488,0.44999999999999996,0.44999999999999996,0.0,0.425,0.25
Elazığ-2026-09-07-8,2026-09-07,2026-09-07 21:30:00,SÜPER ELOŞ  K Kulaklık takılacağını ifade eder. SKG-11,11,55.0,1500.0,18.0,0.45,0.45,0.45,0.03,0.45,0.0,30.0,0.8175744761936437,0.7499476922271856,0.0,0.0,0.1,0.16666666666666666,0.0,0.0,0.25,0.25,0.25,0.25,0.45,0.45,0.45,0.45,0.0552486187845303,0.055248618784530384,18.1,0,0.03679039882636544,0.44999999999999996,0.44999999999999996,0.0,0.425,0.25
Elazığ-2026-09-07-8,2026-09-07,2026-09-07 21:30:00,RONNIE-12,12,52.0,1500.0,18.0,0.45,0.45,0.45,0.03,0.45,0.0,30.0,0.8175744761936437,0.7499476922271856,0.0,0.0,0.1,0.16666666666666666,0.0,0.0,0.25,0.25,0.25,0.25,0.45,0.45,0.45,0.45,0.019588638589618,0.019588638589618023,51.05,0,0.013044196253814198,0.44999999999999996,0.44999999999999996,0.0,0.425,0.25
Elazığ-2026-09-07-8,2026-09-07,2026-09-07 21:30:00,SAYAN BEY  SKG-13,13,60.0,1500.0,18.0,0.45,0.45,0.45,0.03,0.45,0.0,30.0,0.8175744761936437,0.7499476922271856,0.0,0.0,0.1,0.16666666666666666,0.0,0.0,0.25,0.25,0.25,0.25,0.45,0.45,0.45,0.45,0.0258732212160414,0.0258732212160414,38.65,0,0.017229138907043095,0.44999999999999996,0.44999999999999996,0.0,0.425,0.25
Elazığ-2026-09-07-8,2026-09-07,2026-09-07 21:30:00,ÇEVİK DEVRANI-14,14,55.0,1500.0,18.0,0.45,0.45,0.45,0.03,0.45,0.0,30.0,0.8175744761936437,0.7499476922271856,0.0,0.0,0.1,0.16666666666666666,0.0,0.0,0.25,0.25,0.25,0.25,0.45,0.45,0.45,0.45,0.036036036036036,0.036036036036036036,27.75,0,0.023996620495755492,0.44999999999999996,0.44999999999999996,0.0,0.425,0.25
Elazığ-2026-09-07-8,2026-09-07,2026-09-07 21:30:00,RANIL OĞLU-15,15,53.0,1500.0,18.0,0.45,0.45,0.45,0.03,0.45,0.0,30.0,0.8175744761936437,0.7499476922271856,0.0,0.0,0.1,0.16666666666666666,0.0,0.0,0.25,0.25,0.25,0.25,0.45,0.45,0.45,0.45,0.0145348837209302,0.014534883720930232,68.8,0,0.009678869458680437,0.44999999999999996,0.44999999999999996,0.0,0.425,0.25
Elazığ-2026-09-07-8,2026-09-07,2026-09-07 21:30:00,KİKAZARU-16,16,55.0,1500.0,18.0,0.45,0.45,0.45,0.03,0.45,0.0,30.0,0.8175744761936437,0.7499476922271856,0.0,0.0,0.1,0.16666666666666666,0.0,0.0,0.25,0.25,0.25,0.25,0.45,0.45,0.45,0.45,0.0675675675675675,0.06756756756756756,14.8,0,0.044993663429541544,0.44999999999999996,0.44999999999999996,0.0,0.425,0.25
Elazığ-2026-09-07-8,2026-09-07,2026-09-07 21:30:00,WANG YUEN CHEN-17,17,58.0,1500.0,18.0,0.45,0.45,0.45,0.03,0.45,0.0,30.0,0.8175744761936437,0.7499476922271856,0.0,0.0,0.1,0.16666666666666666,0.0,0.0,0.25,0.25,0.25,0.25,0.45,0.45,0.45,0.45,0.0790513833992094,0.07905138339920949,12.65,0,0.05264080780689446,0.44999999999999996,0.44999999999999996,0.0,0.425,0.25
Elazığ-2026-09-07-8,2026-09-07,2026-09-07 21:30:00,SKY TURK   %-18,18,58.0,1500.0,18.0,0.45,0.45,0.45,0.03,0.45,0.0,30.0,0.8175744761936437,0.7499476922271856,0.0,0.0,0.1,0.16666666666666666,0.0,0.0,0.25,0.25,0.25,0.25,0.45,0.45,0.45,0.45,0.3333333333333333,0.3333333333333333,3.0,0,0.2219687395857385,0.44999999999999996,0.44999999999999996,0.0,0.425,0.25
Ankara-2026-09-08-1,2026-09-08,2026-09-08 14:00:00,DENİZAĞA-1,1,57.0,1400.0,13.0,0.45,0.45,0.45,0.03,0.45,0.0,30.0,0.8175744761936437,0.7499476922271856,0.0,0.0,0.1,0.16666666666666666,0.0,0.0,0.25,0.25,0.25,0.25,0.45,0.45,0.45,0.45,0.0421052631578947,0.042105263157894736,23.75,1,0.029322161305166704,0.45000000000000007,0.45,0.0,0.425,0.25
Ankara-2026-09-08-1,2026-09-08,2026-09-08 14:00:00,KARANIN OĞLU-2,2,57.0,1400.0,13.0,0.45,0.45,0.45,0.03,0.45,0.0,30.0,0.8175744761936437,0.7499476922271856,0.0,0.0,0.1,0.16666666666666666,0.0,0.0,0.25,0.25,0.25,0.25,0.45,0.45,0.45,0.45,0.0322061191626409,0.0322061191626409,31.05,0,0.02242838425113397,0.45000000000000007,0.45,0.0,0.425,0.25
Ankara-2026-09-08-1,2026-09-08,2026-09-08 14:00:00,KORDONİS-3,3,57.0,1400.0,13.0,0.45,0.45,0.45,0.03,0.45,0.0,30.0,0.8175744761936437,0.7499476922271856,0.0,0.0,0.1,0.16666666666666666,0.0,0.0,0.25,0.25,0.25,0.25,0.45,0.45,0.45,0.45,0.2298850574712644,0.2298850574712644,4.35,0,0.16009225999947355,0.45000000000000007,0.45,0.0,0.425,0.25
Ankara-2026-09-08-1,2026-09-08,2026-09-08 14:00:00,REYONTAY-4,4,57.0,1400.0,13.0,0.45,0.45,0.45,0.03,0.45,0.0,30.0,0.8175744761936437,0.7499476922271856,0.0,0.0,0.1,0.16666666666666666,0.0,0.0,0.25,0.25,0.25,0.25,0.45,0.45,0.45,0.45,0.303030303030303,0.30303030303030304,3.3,0,0.21103070636294233,0.45000000000000007,0.45,0.0,0.425,0.25
Ankara-2026-09-08-1,2026-09-08,2026-09-08 14:00:00,URAZ-5,5,57.0,1400.0,13.0,0.45,0.45,0.45,0.03,0.45,0.0,30.0,0.8175744761936437,0.7499476922271856,0.0,0.0,0.1,0.16666666666666666,0.0,0.0,0.25,0.25,0.25,0.25,0.45,0.45,0.45,0.45,0.1324503311258278,0.13245033112582782,7.55,0,0.09223858688711387,0.45000000000000007,0.45,0.0,0.425,0.25
Ankara-2026-09-08-1,2026-09-08,2026-09-08 14:00:00,YALIN ATEŞ-6,6,57.0,1400.0,13.0,0.45,0.45,0.45,0.03,0.45,0.0,30.0,0.8175744761936437,0.7499476922271856,0.0,0.0,0.1,0.16666666666666666,0.0,0.0,0.25,0.25,0.25,0.25,0.45,0.45,0.45,0.45,0.1639344262295082,0.1639344262295082,6.1,0,0.11416415262257538,0.45000000000000007,0.45,0.0,0.425,0.25
Ankara-2026-09-08-1,2026-09-08,2026-09-08 14:00:00,ÇİRKİN VE GÜZEL-7,7,55.0,1400.0,13.0,0.45,0.45,0.45,0.03,0.45,0.0,30.0,0.8175744761936437,0.7499476922271856,0.0,0.0,0.1,0.16666666666666666,0.0,0.0,0.25,0.25,0.25,0.25,0.45,0.45,0.45,0.45,0.0345423143350604,0.03454231433506045,28.95,0,0.024055313678677335,0.45000000000000007,0.45,0.0,0.425,0.25
Ankara-2026-09-08-1,2026-09-08,2026-09-08 14:00:00,GÜZEL DEFNE-8,8,57.0,1400.0,13.0,0.45,0.45,0.45,0.03,0.45,0.0,30.0,0.8175744761936437,0.7499476922271856,0.0,0.0,0.1,0.16666666666666666,0.0,0.0,0.25,0.25,0.25,0.25,0.45,0.45,0.45,0.45,0.0847457627118644,0.0847457627118644,11.8,0,0.059017061948958456,0.45000000000000007,0.45,0.0,0.425,0.25
Ankara-2026-09-08-1,2026-09-08,2026-09-08 14:00:00,MADAM DAISY-9,9,57.0,1400.0,13.0,0.45,0.45,0.45,0.03,0.45,0.0,30.0,0.8175744761936437,0.7499476922271856,0.0,0.0,0.1,0.16666666666666666,0.0,0.0,0.25,0.25,0.25,0.25,0.45,0.45,0.45,0.45,0.1724137931034483,0.1724137931034483,5.8,0,0.12006919499960515,0.45000000000000007,0.45,0.0,0.425,0.25
Ankara-2026-09-08-1,2026-09-08,2026-09-08 14:00:00,BİLGÜ-10,10,55.0,1400.0,13.0,0.45,0.45,0.45,0.03,0.45,0.0,30.0,0.8175744761936437,0.7499476922271856,0.0,0.0,0.1,0.16666666666666666,0.0,0.0,0.25,0.25,0.25,0.25,0.45,0.45,0.45,0.45,0.0784313725490196,0.0784313725490196,12.75,0,0.0546197122351145,0.45000000000000007,0.45,0.0,0.425,0.25
Ankara-2026-09-08-1,2026-09-08,2026-09-08 14:00:00,KIZIM SAFİR  K Kulaklık takılacağını ifade eder.-11,11,55.0,1400.0,13.0,0.45,0.45,0.45,0.03,0.45,0.0,30.0,0.8175744761936437,0.7499476922271856,0.0,0.0,0.1,0.16666666666666666,0.0,0.0,0.25,0.25,0.25,0.25,0.45,0.45,0.45,0.45,0.0227272727272727,0.022727272727272728,44.0,0,0.01582730297722066,0.45000000000000007,0.45,0.0,0.425,0.25
Ankara-2026-09-08-1,2026-09-08,2026-09-08 14:00:00,MENESSAL  K Kulaklık takılacağını ifade eder. GKR Göz koruyucu takılacağını ifade eder.-12,12,52.0,1400.0,13.0,0.45,0.45,0.45,0.03,0.45,0.0,30.0,0.8175744761936437,0.7499476922271856,0.0,0.0,0.1,0.16666666666666666,0.0,0.0,0.25,0.25,0.25,0.25,0.45,0.45,0.45,0.45,0.0225225225225225,0.022522522522522525,44.4,0,0.015684714662110567,0.45000000000000007,0.45,0.0,0.425,0.25
Ankara-2026-09-08-1,2026-09-08,2026-09-08 14:00:00,TALİHLİ KIZ-13,13,55.0,1400.0,13.0,0.45,0.45,0.45,0.03,0.45,0.0,30.0,0.8175744761936437,0.7499476922271856,0.0,0.0,0.1,0.16666666666666666,0.0,0.0,0.25,0.25,0.25,0.25,0.45,0.45,0.45,0.45,0.1169590643274853,0.11695906432748537,8.55,0,0.08145044806990753,0.45000000000000007,0.45,0.0,0.425,0.25
Ankara-2026-09-08-2,2026-09-08,2026-09-08 14:30:00,LA COPA   K Kulaklık takılacağını ifade eder.-1,1,56.5,1500.0,9.0,0.45,0.45,0.45,0.03,0.45,0.0,30.0,0.8175744761936437,0.7499476922271856,0.0,0.0,0.1,0.16666666666666666,0.0,0.0,0.25,0.25,0.25,0.25,0.45,0.45,0.45,0.45,0.0869565217391304,0.08695652173913043,11.5,0,0.06055644698287979,0.44999999999999996,0.44999999999999996,0.0,0.425,0.25
Ankara-2026-09-08-2,2026-09-08,2026-09-08 14:30:00,MY MOON-2,2,56.5,1500.0,9.0,0.45,0.45,0.45,0.03,0.45,0.0,30.0,0.8175744761936437,0.7499476922271856,0.0,0.0,0.1,0.16666666666666666,0.0,0.0,0.25,0.25,0.25,0.25,0.45,0.45,0.45,0.45,0.25,0.25,4.0,0,0.17409978507577947,0.44999999999999996,0.44999999999999996,0.0,0.425,0.25
Ankara-2026-09-08-2,2026-09-08,2026-09-08 14:30:00,MY ROSECEM-3,3,56.5,1500.0,9.0,0.45,0.45,0.45,0.03,0.45,0.0,30.0,0.8175744761936437,0.7499476922271856,0.0,0.0,0.1,0.16666666666666666,0.0,0.0,0.25,0.25,0.25,0.25,0.45,0.45,0.45,0.45,0.0347222222222222,0.034722222222222224,28.8,0,0.024180525704969355,0.44999999999999996,0.44999999999999996,0.0,0.425,0.25
Ankara-2026-09-08-2,2026-09-08,2026-09-08 14:30:00,SAVE YOUR TEARS-4,4,56.5,1500.0,9.0,0.45,0.45,0.45,0.03,0.45,0.0,30.0,0.8175744761936437,0.7499476922271856,0.0,0.0,0.1,0.16666666666666666,0.0,0.0,0.25,0.25,0.25,0.25,0.45,0.45,0.45,0.45,0.1047120418848167,0.10471204188481674,9.55,0,0.07292137594797042,0.44999999999999996,0.44999999999999996,0.0,0.425,0.25
Ankara-2026-09-08-2,2026-09-08,2026-09-08 14:30:00,HIZLI GÖR-5,5,56.0,1500.0,9.0,0.45,0.45,0.45,0.03,0.45,0.0,30.0,0.8175744761936437,0.7499476922271856,0.0,0.0,0.1,0.16666666666666666,0.0,0.0,0.25,0.25,0.25,0.25,0.45,0.45,0.45,0.45,0.1724137931034483,0.1724137931034483,5.8,0,0.12006881729364102,0.44999999999999996,0.44999999999999996,0.0,0.425,0.25
Ankara-2026-09-08-2,2026-09-08,2026-09-08 14:30:00,MAXIMAND-6,6,55.5,1500.0,9.0,0.45,0.45,0.45,0.03,0.45,0.0,30.0,0.8175744761936437,0.7499476922271856,0.0,0.0,0.1,0.16666666666666666,0.0,0.0,0.25,0.25,0.25,0.25,0.45,0.45,0.45,0.45,0.2777777777777778,0.2777777777777778,3.6,0,0.19344420563975498,0.44999999999999996,0.44999999999999996,0.0,0.425,0.25
Ankara-2026-09-08-2,2026-09-08,2026-09-08 14:30:00,ADANALI KIZ   K Kulaklık takılacağını ifade eder.-7,7,55.0,1500.0,9.0,0.45,0.45,0.45,0.03,0.45,0.0,30.0,0.8175744761936437,0.7499476922271856,0.0,0.0,0.1,0.16666666666666666,0.0,0.0,0.25,0.25,0.25,0.25,0.45,0.45,0.45,0.45,0.2941176470588235,0.29411764705882354,3.4,0,0.2048232765597405,0.44999999999999996,0.44999999999999996,0.0,0.425,0.25
Ankara-2026-09-08-2,2026-09-08,2026-09-08 14:30:00,NOBLE PRINCESS-8,8,54.0,1500.0,9.0,0.45,0.45,0.45,0.03,0.45,0.0,30.0,0.8175744761936437,0.7499476922271856,0.0,0.0,0.1,0.16666666666666666,0.0,0.0,0.25,0.25,0.25,0.25,0.45,0.45,0.45,0.45,0.1694915254237288,0.1694915254237288,5.9,0,0.11803375259374878,0.44999999999999996,0.44999999999999996,0.0,0.425,0.25
Ankara-2026-09-08-2,2026-09-08,2026-09-08 14:30:00,LEADER TULIP-9,9,53.5,1500.0,9.0,0.45,0.45,0.45,0.03,0.45,0.0,30.0,0.8175744761936437,0.7499476922271856,0.0,0.0,0.1,0.16666666666666666,0.0,0.0,0.25,0.25,0.25,0.25,0.45,0.45,0.45,0.45,0.045766590389016,0.04576659038901602,21.85,1,0.03187181420151568,0.44999999999999996,0.44999999999999996,0.0,0.425,0.25
Ankara-2026-09-08-3,2026-09-08,2026-09-08 15:00:00,ALARASİ-1,1,59.0,1500.0,9.0,0.45,0.45,0.45,0.03,0.45,0.0,30.0,0.8175744761936437,0.7499476922271856,0.0,0.0,0.1,0.16666666666666666,0.0,0.0,0.25,0.25,0.25,0.25,0.45,0.45,0.45,0.45,0.1169590643274853,0.11695906432748537,8.55,0,0.08153415125695179,0.44999999999999996,0.44999999999999996,0.0,0.425,0.25
Ankara-2026-09-08-3,2026-09-08,2026-09-08 15:00:00,İSKENDER HAN-2,2,59.0,1500.0,9.0,0.45,0.45,0.45,0.03,0.45,0.0,30.0,0.8175744761936437,0.7499476922271856,0.0,0.0,0.1,0.16666666666666666,0.0,0.0,0.25,0.25,0.25,0.25,0.45,0.45,0.45,0.45,0.2777777777777778,0.2777777777777778,3.6,0,0.19364360923526064,0.44999999999999996,0.44999999999999996,0.0,0.425,0.25
Ankara-2026-09-08-3,2026-09-08,2026-09-08 15:00:00,OĞLUM VEFA-3,3,59.0,1500.0,9.0,0.45,0.45,0.45,0.03,0.45,0.0,30.0,0.8175744761936437,0.7499476922271856,0.0,0.0,0.1,0.16666666666666666,0.0,0.0,0.25,0.25,0.25,0.25,0.45,0.45,0.45,0.45,0.1342281879194631,0.1342281879194631,7.45,0,0.0935727507714011,0.44999999999999996,0.44999999999999996,0.0,0.425,0.25
Ankara-2026-09-08-3,2026-09-08,2026-09-08 15:00:00,HAZAN SABAHI-4,4,58.0,1500.0,9.0,0.45,0.45,0.45,0.03,0.45,0.0,30.0,0.8175744761936437,0.7499476922271856,0.0,0.0,0.1,0.16666666666666666,0.0,0.0,0.25,0.25,0.25,0.25,0.45,0.45,0.45,0.45,0.0588235294117647,0.058823529411764705,17.0,0,0.04100688195570224,0.44999999999999996,0.44999999999999996,0.0,0.425,0.25
Ankara-2026-09-08-3,2026-09-08,2026-09-08 15:00:00,HERKÜLBEY-5,5,57.0,1500.0,9.0,0.45,0.45,0.45,0.03,0.45,0.0,30.0,0.8175744761936437,0.7499476922271856,0.0,0.0,0.1,0.16666666666666666,0.0,0.0,0.25,0.25,0.25,0.25,0.45,0.45,0.45,0.45,0.1360544217687075,0.1360544217687075,7.35,0,0.09484584942135216,0.44999999999999996,0.44999999999999996,0.0,0.425,0.25
Ankara-2026-09-08-3,2026-09-08,2026-09-08 15:00:00,PARSIBEY  K Kulaklık takılacağını ifade eder.-6,6,57.0,1500.0,9.0,0.45,0.45,0.45,0.03,0.45,0.0,30.0,0.8175744761936437,0.7499476922271856,0.0,0.0,0.1,0.16666666666666666,0.0,0.0,0.25,0.25,0.25,0.25,0.45,0.45,0.45,0.45,0.0694444444444444,0.06944444444444445,14.4,0,0.04841090230881513,0.44999999999999996,0.44999999999999996,0.0,0.425,0.25
Ankara-2026-09-08-3,2026-09-08,2026-09-08 15:00:00,ULUALP-7,7,57.0,1500.0,9.0,0.45,0.45,0.45,0.03,0.45,0.0,30.0,0.8175744761936437,0.7499476922271856,0.0,0.0,0.1,0.16666666666666666,0.0,0.0,0.25,0.25,0.25,0.25,0.45,0.45,0.45,0.45,0.5714285714285714,0.5714285714285714,1.75,1,0.39835256756967896,0.44999999999999996,0.44999999999999996,0.0,0.425,0.25
Ankara-2026-09-08-3,2026-09-08,2026-09-08 15:00:00,BODRUM İNCİSİ-8,8,51.0,1500.0,9.0,0.45,0.45,0.45,0.03,0.45,0.0,30.0,0.8175744761936437,0.7499476922271856,0.0,0.0,0.1,0.16666666666666666,0.0,0.0,0.25,0.25,0.25,0.25,0.45,0.45,0.45,0.45,0.050251256281407,0.05025125628140704,19.9,0,0.03503100468577577,0.44999999999999996,0.44999999999999996,0.0,0.425,0.25
Ankara-2026-09-08-3,2026-09-08,2026-09-08 15:00:00,UÇANEDA-9,9,51.0,1500.0,9.0,0.45,0.45,0.45,0.03,0.45,0.0,30.0,0.8175744761936437,0.7499476922271856,0.0,0.0,0.1,0.16666666666666666,0.0,0.0,0.25,0.25,0.25,0.25,0.45,0.45,0.45,0.45,0.0195121951219512,0.01951219512195122,51.25,0,0.013602282795062195,0.44999999999999996,0.44999999999999996,0.0,0.425,0.25
Ankara-2026-09-08-4,2026-09-08,2026-09-08 15:30:00,SYRENA-1,1,60.0,1200.0,12.0,0.45,0.45,0.45,0.03,0.45,0.0,30.0,0.8175744761936437,0.7499476922271856,0.0,0.0,0.1,0.16666666666666666,0.0,0.0,0.25,0.25,0.25,0.25,0.45,0.45,0.45,0.45,0.18348623853211,0.18348623853211007,5.45,0,0.12795901095772036,0.45,0.45,0.0,0.425,0.25
Ankara-2026-09-08-4,2026-09-08,2026-09-08 15:30:00,SIEGREICH-2,2,60.0,1200.0,12.0,0.45,0.45,0.45,0.03,0.45,0.0,30.0,0.8175744761936437,0.7499476922271856,0.0,0.0,0.1,0.16666666666666666,0.0,0.0,0.25,0.25,0.25,0.25,0.45,0.45,0.45,0.45,0.1298701298701298,0.12987012987012986,7.7,0,0.09056839087267221,0.45,0.45,0.0,0.425,0.25
Ankara-2026-09-08-4,2026-09-08,2026-09-08 15:30:00,LALOCURA-3,3,61.0,1200.0,12.0,0.45,0.45,0.45,0.03,0.45,0.0,30.0,0.8175744761936437,0.7499476922271856,0.0,0.0,0.1,0.16666666666666666,0.0,0.0,0.25,0.25,0.25,0.25,0.45,0.45,0.45,0.45,0.124223602484472,0.12422360248447203,8.05,0,0.08663063474777344,0.45,0.45,0.0,0.425,0.25
Ankara-2026-09-08-4,2026-09-08,2026-09-08 15:30:00,SILLAGE-4,4,58.0,1200.0,12.0,0.45,0.45,0.45,0.03,0.45,0.0,30.0,0.8175744761936437,0.7499476922271856,0.0,0.0,0.1,0.16666666666666666,0.0,0.0,0.25,0.25,0.25,0.25,0.45,0.45,0.45,0.45,0.2777777777777778,0.2777777777777778,3.6,1,0.19371572492210457,0.45,0.45,0.0,0.425,0.25
Ankara-2026-09-08-4,2026-09-08,2026-09-08 15:30:00,VIVIR MI VIDA  K Kulaklık takılacağını ifade eder.-5,5,60.0,1200.0,12.0,0.45,0.45,0.45,0.03,0.45,0.0,30.0,0.8175744761936437,0.7499476922271856,0.0,0.0,0.1,0.16666666666666666,0.0,0.0,0.25,0.25,0.25,0.25,0.45,0.45,0.45,0.45,0.0451467268623024,0.045146726862302484,22.15,0,0.03148427131916818,0.45,0.45,0.0,0.425,0.25
Ankara-2026-09-08-4,2026-09-08,2026-09-08 15:30:00,DİNAMİT KIZ-6,6,58.5,1200.0,12.0,0.45,0.45,0.45,0.03,0.45,0.0,30.0,0.8175744761936437,0.7499476922271856,0.0,0.0,0.1,0.16666666666666666,0.0,0.0,0.25,0.25,0.25,0.25,0.45,0.45,0.45,0.45,0.1136363636363636,0.11363636363636363,8.8,0,0.0792473420135882,0.45,0.45,0.0,0.425,0.25
Ankara-2026-09-08-4,2026-09-08,2026-09-08 15:30:00,SIMAZE-7,7,61.5,1200.0,12.0,0.45,0.45,0.45,0.03,0.45,0.0,30.0,0.8175744761936437,0.7499476922271856,0.0,0.0,0.1,0.16666666666666666,0.0,0.0,0.25,0.25,0.25,0.25,0.45,0.45,0.45,0.45,0.2061855670103093,0.2061855670103093,4.85,0,0.14378899169475803,0.45,0.45,0.0,0.425,0.25
Ankara-2026-09-08-4,2026-09-08,2026-09-08 15:30:00,BOSKO-8,8,53.5,1200.0,12.0,0.45,0.45,0.45,0.03,0.45,0.0,30.0,0.8175744761936437,0.7499476922271856,0.0,0.0,0.1,0.16666666666666666,0.0,0.0,0.25,0.25,0.25,0.25,0.45,0.45,0.45,0.45,0.0221238938053097,0.022123893805309734,45.2,0,0.015428686055742815,0.45,0.45,0.0,0.425,0.25
Ankara-2026-09-08-4,2026-09-08,2026-09-08 15:30:00,JOYOUS GIRL  SKG-9,9,56.0,1200.0,12.0,0.45,0.45,0.45,0.03,0.45,0.0,30.0,0.8175744761936437,0.7499476922271856,0.0,0.0,0.1,0.16666666666666666,0.0,0.0,0.25,0.25,0.25,0.25,0.45,0.45,0.45,0.45,0.0900900900900901,0.0900900900900901,11.1,0,0.06282672159635824,0.45,0.45,0.0,0.425,0.25
Ankara-2026-09-08-4,2026-09-08,2026-09-08 15:30:00,SEA POWER-10,10,58.0,1200.0,12.0,0.45,0.45,0.45,0.03,0.45,0.0,30.0,0.8175744761936437,0.7499476922271856,0.0,0.0,0.1,0.16666666666666666,0.0,0.0,0.25,0.25,0.25,0.25,0.45,0.45,0.45,0.45,0.1666666666666666,0.16666666666666666,6.0,0,0.11622943495326268,0.45,0.45,0.0,0.425,0.25
Ankara-2026-09-08-4,2026-09-08,2026-09-08 15:30:00,LIBERTA MIA-11,11,52.0,1200.0,12.0,0.45,0.45,0.45,0.03,0.45,0.0,30.0,0.8175744761936437,0.7499476922271856,0.0,0.0,0.1,0.16666666666666666,0.0,0.0,0.25,0.25,0.25,0.25,0.45,0.45,0.45,0.45,0.0503778337531486,0.05037783375314861,19.85,0,0.035132322907787214,0.45,0.45,0.0,0.425,0.25
Ankara-2026-09-08-4,2026-09-08,2026-09-08 15:30:00,BONITA-12,12,52.0,1200.0,12.0,0.45,0.45,0.45,0.03,0.45,0.0,30.0,0.8175744761936437,0.7499476922271856,0.0,0.0,0.1,0.16666666666666666,0.0,0.0,0.25,0.25,0.25,0.25,0.45,0.45,0.45,0.45,0.0243605359317905,0.0243605359317905,41.05,0,0.01698846795906398,0.45,0.45,0.0,0.425,0.25
Ankara-2026-09-08-5,2026-09-08,2026-09-08 16:00:00,ÜNAL GÖZ-1,1,60.0,1400.0,12.0,0.45,0.45,0.45,0.03,0.45,0.0,30.0,0.8175744761936437,0.7499476922271856,0.0,0.0,0.1,0.16666666666666666,0.0,0.0,0.25,0.25,0.25,0.25,0.45,0.45,0.45,0.45,0.4444444444444444,0.4444444444444444,2.25,0,0.2783122416299562,0.45,0.45,0.0,0.425,0.25
Ankara-2026-09-08-5,2026-09-08,2026-09-08 16:00:00,URFA BEYİ-2,2,59.0,1400.0,12.0,0.45,0.45,0.45,0.03,0.45,0.0,30.0,0.8175744761936437,0.7499476922271856,0.0,0.0,0.1,0.16666666666666666,0.0,0.0,0.25,0.25,0.25,0.25,0.45,0.45,0.45,0.45,0.0956937799043062,0.09569377990430622,10.45,0,0.05992368838922501,0.45,0.45,0.0,0.425,0.25
Ankara-2026-09-08-5,2026-09-08,2026-09-08 16:00:00,ATLAS HAN-3,3,57.0,1400.0,12.0,0.45,0.45,0.45,0.03,0.45,0.0,30.0,0.8175744761936437,0.7499476922271856,0.0,0.0,0.1,0.16666666666666666,0.0,0.0,0.25,0.25,0.25,0.25,0.45,0.45,0.45,0.45,0.0583090379008746,0.05830903790087464,17.15,0,0.03651326785232659,0.45,0.45,0.0,0.425,0.25
Ankara-2026-09-08-5,2026-09-08,2026-09-08 16:00:00,BAKTAVORLİ  SKG-4,4,57.0,1400.0,12.0,0.45,0.45,0.45,0.03,0.45,0.0,30.0,0.8175744761936437,0.7499476922271856,0.0,0.0,0.1,0.16666666666666666,0.0,0.0,0.25,0.25,0.25,0.25,0.45,0.45,0.45,0.45,0.0351493848857645,0.0351493848857645,28.45,0,0.022010634223810246,0.45,0.45,0.0,0.425,0.25
Ankara-2026-09-08-5,2026-09-08,2026-09-08 16:00:00,BÜCÜRÜK AKTAŞ-5,5,57.0,1400.0,12.0,0.45,0.45,0.45,0.03,0.45,0.0,30.0,0.8175744761936437,0.7499476922271856,0.0,0.0,0.1,0.16666666666666666,0.0,0.0,0.25,0.25,0.25,0.25,0.45,0.45,0.45,0.45,0.1104972375690607,0.11049723756906077,9.05,0,0.06919365123396697,0.45,0.45,0.0,0.425,0.25
Ankara-2026-09-08-5,2026-09-08,2026-09-08 16:00:00,GÜNEY KAFKASYALI-6,6,57.0,1400.0,12.0,0.45,0.45,0.45,0.03,0.45,0.0,30.0,0.8175744761936437,0.7499476922271856,0.0,0.0,0.1,0.16666666666666666,0.0,0.0,0.25,0.25,0.25,0.25,0.45,0.45,0.45,0.45,0.1612903225806451,0.16129032258064516,6.2,0,0.10100041026893568,0.45,0.45,0.0,0.425,0.25
Ankara-2026-09-08-5,2026-09-08,2026-09-08 16:00:00,CABİREKIZIM-7,7,57.0,1400.0,12.0,0.45,0.45,0.45,0.03,0.45,0.0,30.0,0.8175744761936437,0.7499476922271856,0.0,0.0,0.1,0.16666666666666666,0.0,0.0,0.25,0.25,0.25,0.25,0.45,0.45,0.45,0.45,0.2857142857142857,0.2857142857142857,3.5,1,0.1789150124764004,0.45,0.45,0.0,0.425,0.25
Ankara-2026-09-08-5,2026-09-08,2026-09-08 16:00:00,SEVGİNUR-8,8,55.0,1400.0,12.0,0.45,0.45,0.45,0.03,0.45,0.0,30.0,0.8175744761936437,0.7499476922271856,0.0,0.0,0.1,0.16666666666666666,0.0,0.0,0.25,0.25,0.25,0.25,0.45,0.45,0.45,0.45,0.054054054054054,0.05405405405405406,18.5,0,0.03384878614418383,0.45,0.45,0.0,0.425,0.25
Ankara-2026-09-08-5,2026-09-08,2026-09-08 16:00:00,TORUN SADA-9,9,51.0,1400.0,12.0,0.45,0.45,0.45,0.03,0.45,0.0,30.0,0.8175744761936437,0.7499476922271856,0.0,0.0,0.1,0.16666666666666666,0.0,0.0,0.25,0.25,0.25,0.25,0.45,0.45,0.45,0.45,0.0418410041841004,0.041841004184100423,23.9,0,0.02620094324968206,0.45,0.45,0.0,0.425,0.25
Ankara-2026-09-08-5,2026-09-08,2026-09-08 16:00:00,UYGURKIZI-10,10,51.0,1400.0,12.0,0.45,0.45,0.45,0.03,0.45,0.0,30.0,0.8175744761936437,0.7499476922271856,0.0,0.0,0.1,0.16666666666666666,0.0,0.0,0.25,0.25,0.25,0.25,0.45,0.45,0.45,0.45,0.0638977635782747,0.06389776357827476,15.65,0,0.04001294208737386,0.45,0.45,0.0,0.425,0.25
Ankara-2026-09-08-5,2026-09-08,2026-09-08 16:00:00,YAYLA ÇİÇEĞİ-11,11,55.0,1400.0,12.0,0.45,0.45,0.45,0.03,0.45,0.0,30.0,0.8175744761936437,0.7499476922271856,0.0,0.0,0.1,0.16666666666666666,0.0,0.0,0.25,0.25,0.25,0.25,0.45,0.45,0.45,0.45,0.1612903225806451,0.16129032258064516,6.2,0,0.10100041026893568,0.45,0.45,0.0,0.425,0.25
Ankara-2026-09-08-5,2026-09-08,2026-09-08 16:00:00,ZEYTİN DİBİ  K Kulaklık takılacağını ifade eder. SKG-12,12,52.0,1400.0,12.0,0.45,0.45,0.45,0.03,0.45,0.0,30.0,0.8175744761936437,0.7499476922271856,0.0,0.0,0.1,0.16666666666666666,0.0,0.0,0.25,0.25,0.25,0.25,0.45,0.45,0.45,0.45,0.0847457627118644,0.0847457627118644,11.8,0,0.05306801217520351,0.45,0.45,0.0,0.425,0.25
Ankara-2026-09-08-6,2026-09-08,2026-09-08 16:30:00,GÜRGÖKBEY-1,1,60.0,1400.0,8.0,0.45,0.45,0.45,0.03,0.45,0.0,30.0,0.8175744761936437,0.7499476922271856,0.0,0.0,0.1,0.16666666666666666,0.0,0.0,0.25,0.25,0.25,0.25,0.45,0.45,0.45,0.45,0.1438848920863309,0.14388489208633093,6.95,0,0.10014397969365271,0.45,0.45,0.0,0.425,0.25
Ankara-2026-09-08-6,2026-09-08,2026-09-08 16:30:00,ATABEYLİ-2,2,59.5,1400.0,8.0,0.45,0.45,0.45,0.03,0.45,0.0,30.0,0.8175744761936437,0.7499476922271856,0.0,0.0,0.1,0.16666666666666666,0.0,0.0,0.25,0.25,0.25,0.25,0.45,0.45,0.45,0.45,0.1025641025641025,0.10256410256410256,9.75,0,0.07138468296111652,0.45,0.45,0.0,0.425,0.25
Ankara-2026-09-08-6,2026-09-08,2026-09-08 16:30:00,ERKŞAN  K Kulaklık takılacağını ifade eder.-3,3,59.5,1400.0,8.0,0.45,0.45,0.45,0.03,0.45,0.0,30.0,0.8175744761936437,0.7499476922271856,0.0,0.0,0.1,0.16666666666666666,0.0,0.0,0.25,0.25,0.25,0.25,0.45,0.45,0.45,0.45,0.2247191011235955,0.2247191011235955,4.45,0,0.15640464244289584,0.45,0.45,0.0,0.425,0.25
Ankara-2026-09-08-6,2026-09-08,2026-09-08 16:30:00,AKSU EFE-4,4,59.0,1400.0,8.0,0.45,0.45,0.45,0.03,0.45,0.0,30.0,0.8175744761936437,0.7499476922271856,0.0,0.0,0.1,0.16666666666666666,0.0,0.0,0.25,0.25,0.25,0.25,0.45,0.45,0.45,0.45,0.25,0.25,4.0,0,0.17400016471772162,0.45,0.45,0.0,0.425,0.25
Ankara-2026-09-08-6,2026-09-08,2026-09-08 16:30:00,DENİZ KASIRGASI-5,5,58.0,1400.0,8.0,0.45,0.45,0.45,0.03,0.45,0.0,30.0,0.8175744761936437,0.7499476922271856,0.0,0.0,0.1,0.16666666666666666,0.0,0.0,0.25,0.25,0.25,0.25,0.45,0.45,0.45,0.45,0.2898550724637681,0.2898550724637681,3.45,1,0.20173932141185116,0.45,0.45,0.0,0.425,0.25
Ankara-2026-09-08-6,2026-09-08,2026-09-08 16:30:00,DORUKBATUR-6,6,58.0,1400.0,8.0,0.45,0.45,0.45,0.03,0.45,0.0,30.0,0.8175744761936437,0.7499476922271856,0.0,0.0,0.1,0.16666666666666666,0.0,0.0,0.25,0.25,0.25,0.25,0.45,0.45,0.45,0.45,0.3225806451612903,0.3225806451612903,3.1,0,0.2245163415712537,0.45,0.45,0.0,0.425,0.25
Ankara-2026-09-08-6,2026-09-08,2026-09-08 16:30:00,SEMENDHAN  K Kulaklık takılacağını ifade eder. SKG-7,7,58.0,1400.0,8.0,0.45,0.45,0.45,0.03,0.45,0.0,30.0,0.8175744761936437,0.7499476922271856,0.0,0.0,0.1,0.16666666666666666,0.0,0.0,0.25,0.25,0.25,0.25,0.45,0.45,0.45,0.45,0.0468384074941451,0.046838407494145196,21.35,0,0.03259956247638806,0.45,0.45,0.0,0.425,0.25
Ankara-2026-09-08-6,2026-09-08,2026-09-08 16:30:00,AYSERA KIZ-8,8,56.0,1400.0,8.0,0.45,0.45,0.45,0.03,0.45,0.0,30.0,0.8175744761936437,0.7499476922271856,0.0,0.0,0.1,0.16666666666666666,0.0,0.0,0.25,0.25,0.25,0.25,0.45,0.45,0.45,0.45,0.056338028169014,0.056338028169014086,17.75,0,0.039211304725120306,0.45,0.45,0.0,0.425,0.25
Ankara-2026-09-08-7,2026-09-08,2026-09-08 17:00:00,HEGEMONYA-1,1,57.0,1600.0,6.0,0.45,0.45,0.45,0.03,0.45,0.0,30.0,0.8175744761936437,0.7499476922271856,0.0,0.0,0.1,0.16666666666666666,0.0,0.0,0.25,0.25,0.25,0.25,0.45,0.45,0.45,0.45,0.3333333333333333,0.3333333333333333,3.0,0,0.2319932824810628,0.45,0.45,0.0,0.425,0.25
Ankara-2026-09-08-7,2026-09-08,2026-09-08 17:00:00,MY LITTLE BOY-2,2,57.0,1600.0,6.0,0.45,0.45,0.45,0.03,0.45,0.0,30.0,0.8175744761936437,0.7499476922271856,0.0,0.0,0.1,0.16666666666666666,0.0,0.0,0.25,0.25,0.25,0.25,0.45,0.45,0.45,0.45,0.087719298245614,0.08771929824561403,11.4,0,0.06105086381080598,0.45,0.45,0.0,0.425,0.25
Ankara-2026-09-08-7,2026-09-08,2026-09-08 17:00:00,ROYAL DYNASTY  K Kulaklık takılacağını ifade eder.-3,3,57.0,1600.0,6.0,0.45,0.45,0.45,0.03,0.45,0.0,30.0,0.8175744761936437,0.7499476922271856,0.0,0.0,0.1,0.16666666666666666,0.0,0.0,0.25,0.25,0.25,0.25,0.45,0.45,0.45,0.45,0.1104972375690607,0.11049723756906077,9.05,0,0.07690385054620862,0.45,0.45,0.0,0.425,0.25
Ankara-2026-09-08-7,2026-09-08,2026-09-08 17:00:00,SON OF DRAGON  K Kulaklık takılacağını ifade eder.-4,4,57.0,1600.0,6.0,0.45,0.45,0.45,0.03,0.45,0.0,30.0,0.8175744761936437,0.7499476922271856,0.0,0.0,0.1,0.16666666666666666,0.0,0.0,0.25,0.25,0.25,0.25,0.45,0.45,0.45,0.45,0.1257861635220125,0.12578616352201258,7.95,0,0.0875446348985142,0.45,0.45,0.0,0.425,0.25
Ankara-2026-09-08-7,2026-09-08,2026-09-08 17:00:00,VOOBAHR-5,5,57.0,1600.0,6.0,0.45,0.45,0.45,0.03,0.45,0.0,30.0,0.8175744761936437,0.7499476922271856,0.0,0.0,0.1,0.16666666666666666,0.0,0.0,0.25,0.25,0.25,0.25,0.45,0.45,0.45,0.45,0.5128205128205129,0.5128205128205129,1.95,1,0.35691274227855824,0.45,0.45,0.0,0.425,0.25
Ankara-2026-09-08-7,2026-09-08,2026-09-08 17:00:00,YURIBOYKA-6,6,57.0,1600.0,6.0,0.45,0.45,0.45,0.03,0.45,0.0,30.0,0.8175744761936437,0.7499476922271856,0.0,0.0,0.1,0.16666666666666666,0.0,0.0,0.25,0.25,0.25,0.25,0.45,0.45,0.45,0.45,0.2666666666666666,0.26666666666666666,3.75,0,0.18559462598485021,0.45,0.45,0.0,0.425,0.25
Kocaeli-2026-09-08-1,2026-09-08,2026-09-08 17:15:00,LAKE EAGLE-1,1,59.0,1900.0,8.0,0.45,0.45,0.45,0.03,0.45,0.0,30.0,0.8175744761936437,0.7499476922271856,0.0,0.0,0.1,0.16666666666666666,0.0,0.0,0.25,0.25,0.25,0.25,0.45,0.45,0.45,0.45,0.3389830508474576,0.3389830508474576,2.95,0,0.2360187767790757,0.45,0.45,0.0,0.425,0.25
Kocaeli-2026-09-08-1,2026-09-08,2026-09-08 17:15:00,BAHRİYELİ ÇİKOK-2,2,61.0,1900.0,8.0,0.45,0.45,0.45,0.03,0.45,0.0,30.0,0.8175744761936437,0.7499476922271856,0.0,0.0,0.1,0.16666666666666666,0.0,0.0,0.25,0.25,0.25,0.25,0.45,0.45,0.45,0.45,0.099009900990099,0.09900990099009901,10.1,0,0.06893617737606667,0.45,0.45,0.0,0.425,0.25
Kocaeli-2026-09-08-1,2026-09-08,2026-09-08 17:15:00,HAMMERWICH-3,3,57.5,1900.0,8.0,0.45,0.45,0.45,0.03,0.45,0.0,30.0,0.8175744761936437,0.7499476922271856,0.0,0.0,0.1,0.16666666666666666,0.0,0.0,0.25,0.25,0.25,0.25,0.45,0.45,0.45,0.45,0.0649350649350649,0.06493506493506493,15.4,0,0.045211389058329415,0.45,0.45,0.0,0.425,0.25
Kocaeli-2026-09-08-1,2026-09-08,2026-09-08 17:15:00,VENUS DOOM-4,4,60.0,1900.0,8.0,0.45,0.45,0.45,0.03,0.45,0.0,30.0,0.8175744761936437,0.7499476922271856,0.0,0.0,0.1,0.16666666666666666,0.0,0.0,0.25,0.25,0.25,0.25,0.45,0.45,0.45,0.45,0.4347826086956522,0.4347826086956522,2.3,1,0.3027197354340319,0.45,0.45,0.0,0.425,0.25
Kocaeli-2026-09-08-1,2026-09-08,2026-09-08 17:15:00,KING MAHİR  K Kulaklık takılacağını ifade eder.-5,5,58.0,1900.0,8.0,0.45,0.45,0.45,0.03,0.45,0.0,30.0,0.8175744761936437,0.7499476922271856,0.0,0.0,0.1,0.16666666666666666,0.0,0.0,0.25,0.25,0.25,0.25,0.45,0.45,0.45,0.45,0.2105263157894736,0.21052631578947367,4.75,0,0.14658008242068907,0.45,0.45,0.0,0.425,0.25
Kocaeli-2026-09-08-1,2026-09-08,2026-09-08 17:15:00,LADY CLASSMAN-6,6,56.0,1900.0,8.0,0.45,0.45,0.45,0.03,0.45,0.0,30.0,0.8175744761936437,0.7499476922271856,0.0,0.0,0.1,0.16666666666666666,0.0,0.0,0.25,0.25,0.25,0.25,0.45,0.45,0.45,0.45,0.0980392156862745,0.09803921568627452,10.2,0,0.06826033249983071,0.45,0.45,0.0,0.425,0.25
Kocaeli-2026-09-08-1,2026-09-08,2026-09-08 17:15:00,YILMAKENAN-7,7,57.0,1900.0,8.0,0.45,0.45,0.45,0.03,0.45,0.0,30.0,0.8175744761936437,0.7499476922271856,0.0,0.0,0.1,0.16666666666666666,0.0,0.0,0.25,0.25,0.25,0.25,0.45,0.45,0.45,0.45,0.1219512195121951,0.12195121951219513,8.2,0,0.08490919408515528,0.45,0.45,0.0,0.425,0.25
Kocaeli-2026-09-08-1,2026-09-08,2026-09-08 17:15:00,REBEL MOON-8,8,53.0,1900.0,8.0,0.45,0.45,0.45,0.03,0.45,0.0,30.0,0.8175744761936437,0.7499476922271856,0.0,0.0,0.1,0.16666666666666666,0.0,0.0,0.25,0.25,0.25,0.25,0.45,0.45,0.45,0.45,0.0680272108843537,0.06802721088435375,14.7,0,0.04736431234682129,0.45,0.45,0.0,0.425,0.25
Ankara-2026-09-08-8,2026-09-08,2026-09-08 17:30:00,HOOD RIVER-1,1,63.0,1500.0,8.0,0.45,0.45,0.45,0.03,0.45,0.0,30.0,0.8175744761936437,0.7499476922271856,0.0,0.0,0.1,0.16666666666666666,0.0,0.0,0.25,0.25,0.25,0.25,0.45,0.45,0.45,0.45,0.0719424460431654,0.07194244604316546,13.9,0,0.04591693702117892,0.45,0.45,0.0,0.425,0.25
Ankara-2026-09-08-8,2026-09-08,2026-09-08 17:30:00,BLACK PABLO-2,2,61.0,1500.0,8.0,0.45,0.45,0.45,0.03,0.45,0.0,30.0,0.8175744761936437,0.7499476922271856,0.0,0.0,0.1,0.16666666666666666,0.0,0.0,0.25,0.25,0.25,0.25,0.45,0.45,0.45,0.45,0.3125,0.3125,3.2,0,0.19945169518574613,0.45,0.45,0.0,0.425,0.25
Ankara-2026-09-08-8,2026-09-08,2026-09-08 17:30:00,ZAGROS RÜZGARI-3,3,60.5,1500.0,8.0,0.45,0.45,0.45,0.03,0.45,0.0,30.0,0.8175744761936437,0.7499476922271856,0.0,0.0,0.1,0.16666666666666666,0.0,0.0,0.25,0.25,0.25,0.25,0.45,0.45,0.45,0.45,0.18348623853211,0.18348623853211007,5.45,1,0.11710925221915362,0.45,0.45,0.0,0.425,0.25
Ankara-2026-09-08-8,2026-09-08,2026-09-08 17:30:00,GÖRKEM KAPTAN-4,4,60.0,1500.0,8.0,0.45,0.45,0.45,0.03,0.45,0.0,30.0,0.8175744761936437,0.7499476922271856,0.0,0.0,0.1,0.16666666666666666,0.0,0.0,0.25,0.25,0.25,0.25,0.45,0.45,0.45,0.45,0.4347826086956522,0.4347826086956522,2.3,0,0.277498010693212,0.45,0.45,0.0,0.425,0.25
Ankara-2026-09-08-8,2026-09-08,2026-09-08 17:30:00,GÜÇLÜ TÜRK-5,5,60.0,1500.0,8.0,0.45,0.45,0.45,0.03,0.45,0.0,30.0,0.8175744761936437,0.7499476922271856,0.0,0.0,0.1,0.16666666666666666,0.0,0.0,0.25,0.25,0.25,0.25,0.45,0.45,0.45,0.45,0.0778210116731517,0.07782101167315175,12.85,0,0.04966890463769549,0.45,0.45,0.0,0.425,0.25
Ankara-2026-09-08-8,2026-09-08,2026-09-08 17:30:00,NIGHTFLYERS-6,6,60.0,1500.0,8.0,0.45,0.45,0.45,0.03,0.45,0.0,30.0,0.8175744761936437,0.7499476922271856,0.0,0.0,0.1,0.16666666666666666,0.0,0.0,0.25,0.25,0.25,0.25,0.45,0.45,0.45,0.45,0.2597402597402597,0.2597402597402597,3.85,0,0.16577803236217858,0.45,0.45,0.0,0.425,0.25
Ankara-2026-09-08-8,2026-09-08,2026-09-08 17:30:00,TYWIN LANNISTER-7,7,60.0,1500.0,8.0,0.45,0.45,0.45,0.03,0.45,0.0,30.0,0.8175744761936437,0.7499476922271856,0.0,0.0,0.1,0.16666666666666666,0.0,0.0,0.25,0.25,0.25,0.25,0.45,0.45,0.45,0.45,0.125,0.9900990099009901,0.0,0,0.07978067807429845,0.45,0.45,0.0,0.425,0.25
Ankara-2026-09-08-8,2026-09-08,2026-09-08 17:30:00,BOSTON LIGHT-8,8,58.0,1500.0,8.0,0.45,0.45,0.45,0.03,0.45,0.0,30.0,0.8175744761936437,0.7499476922271856,0.0,0.0,0.1,0.16666666666666666,0.0,0.0,0.25,0.25,0.25,0.25,0.45,0.45,0.45,0.45,0.1015228426395939,0.10152284263959391,9.85,0,0.0647964898065368,0.45,0.45,0.0,0.425,0.25
Kocaeli-2026-09-08-2,2026-09-08,2026-09-08 17:45:00,RAZENOID-1,1,60.0,1200.0,8.0,0.45,0.45,0.45,0.03,0.45,0.0,30.0,0.8175744761936437,0.7499476922271856,0.0,0.0,0.1,0.16666666666666666,0.0,0.0,0.25,0.25,0.25,0.25,0.45,0.45,0.45,0.45,0.145985401459854,0.14598540145985403,6.85,0,0.10143592090689672,0.45,0.45,0.0,0.425,0.25
Kocaeli-2026-09-08-2,2026-09-08,2026-09-08 17:45:00,FORTISSIMO-2,2,59.0,1200.0,8.0,0.45,0.45,0.45,0.03,0.45,0.0,30.0,0.8175744761936437,0.7499476922271856,0.0,0.0,0.1,0.16666666666666666,0.0,0.0,0.25,0.25,0.25,0.25,0.45,0.45,0.45,0.45,0.8,0.8,1.25,1,0.5558688465697942,0.45,0.45,0.0,0.425,0.25
Kocaeli-2026-09-08-2,2026-09-08,2026-09-08 17:45:00,TEMERARIO-3,3,56.0,1200.0,8.0,0.45,0.45,0.45,0.03,0.45,0.0,30.0,0.8175744761936437,0.7499476922271856,0.0,0.0,0.1,0.16666666666666666,0.0,0.0,0.25,0.25,0.25,0.25,0.45,0.45,0.45,0.45,0.0881057268722467,0.0881057268722467,11.35,0,0.06121903596583636,0.45,0.45,0.0,0.425,0.25
Kocaeli-2026-09-08-2,2026-09-08,2026-09-08 17:45:00,AURELIA BLITZ-4,4,55.0,1200.0,8.0,0.45,0.45,0.45,0.03,0.45,0.0,30.0,0.8175744761936437,0.7499476922271856,0.0,0.0,0.1,0.16666666666666666,0.0,0.0,0.25,0.25,0.25,0.25,0.45,0.45,0.45,0.45,0.1574803149606299,0.15748031496062992,6.35,0,0.10942300129326653,0.45,0.45,0.0,0.425,0.25
Kocaeli-2026-09-08-2,2026-09-08,2026-09-08 17:45:00,DRAGON FURIOUS-5,5,54.0,1200.0,8.0,0.45,0.45,0.45,0.03,0.45,0.0,30.0,0.8175744761936437,0.7499476922271856,0.0,0.0,0.1,0.16666666666666666,0.0,0.0,0.25,0.25,0.25,0.25,0.45,0.45,0.45,0.45,0.0558659217877095,0.0558659217877095,17.9,0,0.03881765688336551,0.45,0.45,0.0,0.425,0.25
Kocaeli-2026-09-08-2,2026-09-08,2026-09-08 17:45:00,KOCA ÖMER-6,6,56.0,1200.0,8.0,0.45,0.45,0.45,0.03,0.45,0.0,30.0,0.8175744761936437,0.7499476922271856,0.0,0.0,0.1,0.16666666666666666,0.0,0.0,0.25,0.25,0.25,0.25,0.45,0.45,0.45,0.45,0.0547945205479452,0.0547945205479452,18.25,0,0.03807320866916398,0.45,0.45,0.0,0.425,0.25
Kocaeli-2026-09-08-2,2026-09-08,2026-09-08 17:45:00,TORANAGA  K Kulaklık takılacağını ifade eder.-7,7,54.0,1200.0,8.0,0.45,0.45,0.45,0.03,0.45,0.0,30.0,0.8175744761936437,0.7499476922271856,0.0,0.0,0.1,0.16666666666666666,0.0,0.0,0.25,0.25,0.25,0.25,0.45,0.45,0.45,0.45,0.0869565217391304,0.08695652173913043,11.5,0,0.06042052680106456,0.45,0.45,0.0,0.425,0.25
Kocaeli-2026-09-08-2,2026-09-08,2026-09-08 17:45:00,NEBULA STAR-8,8,52.0,1200.0,8.0,0.45,0.45,0.45,0.03,0.45,0.0,30.0,0.8175744761936437,0.7499476922271856,0.0,0.0,0.1,0.16666666666666666,0.0,0.0,0.25,0.25,0.25,0.25,0.45,0.45,0.45,0.45,0.05,0.05,20.0,0,0.034741802910612136,0.45,0.45,0.0,0.425,0.25
Ankara-2026-09-08-9,2026-09-08,2026-09-08 18:00:00,ARKANBERK-1,1,59.0,1400.0,13.0,0.45,0.45,0.45,0.03,0.45,0.0,30.0,0.8175744761936437,0.7499476922271856,0.0,0.0,0.1,0.16666666666666666,0.0,0.0,0.25,0.25,0.25,0.25,0.45,0.45,0.45,0.45,0.2222222222222222,0.2222222222222222,4.5,0,0.12159097363990141,0.45000000000000007,0.45,0.0,0.425,0.25
Ankara-2026-09-08-9,2026-09-08,2026-09-08 18:00:00,ATAERİ-2,2,57.0,1400.0,13.0,0.45,0.45,0.45,0.03,0.45,0.0,30.0,0.8175744761936437,0.7499476922271856,0.0,0.0,0.1,0.16666666666666666,0.0,0.0,0.25,0.25,0.25,0.25,0.45,0.45,0.45,0.45,0.0881057268722467,0.0881057268722467,11.35,0,0.048207875011414665,0.45000000000000007,0.45,0.0,0.425,0.25
Ankara-2026-09-08-9,2026-09-08,2026-09-08 18:00:00,ATEŞİZİ-3,3,57.0,1400.0,13.0,0.45,0.45,0.45,0.03,0.45,0.0,30.0,0.8175744761936437,0.7499476922271856,0.0,0.0,0.1,0.16666666666666666,0.0,0.0,0.25,0.25,0.25,0.25,0.45,0.45,0.45,0.45,0.074074074074074,0.07407407407407407,13.5,0,0.040530324546633766,0.45000000000000007,0.45,0.0,0.425,0.25
Ankara-2026-09-08-9,2026-09-08,2026-09-08 18:00:00,BÜYÜK PEHLİVAN-4,4,57.0,1400.0,13.0,0.45,0.45,0.45,0.03,0.45,0.0,30.0,0.8175744761936437,0.7499476922271856,0.0,0.0,0.1,0.16666666666666666,0.0,0.0,0.25,0.25,0.25,0.25,0.45,0.45,0.45,0.45,0.4347826086956522,0.4347826086956522,2.3,0,0.23789538320850281,0.45000000000000007,0.45,0.0,0.425,0.25
Ankara-2026-09-08-9,2026-09-08,2026-09-08 18:00:00,ÇÖL KASIRGASI-5,5,57.0,1400.0,13.0,0.45,0.45,0.45,0.03,0.45,0.0,30.0,0.8175744761936437,0.7499476922271856,0.0,0.0,0.1,0.16666666666666666,0.0,0.0,0.25,0.25,0.25,0.25,0.45,0.45,0.45,0.45,0.2409638554216867,0.24096385542168672,4.15,1,0.13184563406736297,0.45000000000000007,0.45,0.0,0.425,0.25
Ankara-2026-09-08-9,2026-09-08,2026-09-08 18:00:00,KOYUNEVİ ASLANI  SKG-6,6,57.0,1400.0,13.0,0.45,0.45,0.45,0.03,0.45,0.0,30.0,0.8175744761936437,0.7499476922271856,0.0,0.0,0.1,0.16666666666666666,0.0,0.0,0.25,0.25,0.25,0.25,0.45,0.45,0.45,0.45,0.0355871886120996,0.03558718861209964,28.1,0,0.01947186410603401,0.45000000000000007,0.45,0.0,0.425,0.25
Ankara-2026-09-08-9,2026-09-08,2026-09-08 18:00:00,SEVERBEY-7,7,57.0,1400.0,13.0,0.45,0.45,0.45,0.03,0.45,0.0,30.0,0.8175744761936437,0.7499476922271856,0.0,0.0,0.1,0.16666666666666666,0.0,0.0,0.25,0.25,0.25,0.25,0.45,0.45,0.45,0.45,0.1941747572815534,0.1941747572815534,5.15,0,0.10624454007370027,0.45000000000000007,0.45,0.0,0.425,0.25
Ankara-2026-09-08-9,2026-09-08,2026-09-08 18:00:00,GÜNEŞMİLA-8,8,60.0,1400.0,13.0,0.45,0.45,0.45,0.03,0.45,0.0,30.0,0.8175744761936437,0.7499476922271856,0.0,0.0,0.1,0.16666666666666666,0.0,0.0,0.25,0.25,0.25,0.25,0.45,0.45,0.45,0.45,0.1941747572815534,0.1941747572815534,5.15,0,0.10624454007370027,0.45000000000000007,0.45,0.0,0.425,0.25
Ankara-2026-09-08-9,2026-09-08,2026-09-08 18:00:00,AKÇALIKIZ-9,9,55.0,1400.0,13.0,0.45,0.45,0.45,0.03,0.45,0.0,30.0,0.8175744761936437,0.7499476922271856,0.0,0.0,0.1,0.16666666666666666,0.0,0.0,0.25,0.25,0.25,0.25,0.45,0.45,0.45,0.45,0.0425531914893617,0.0425531914893617,23.5,0,0.023283377931044954,0.45000000000000007,0.45,0.0,0.425,0.25
Ankara-2026-09-08-9,2026-09-08,2026-09-08 18:00:00,ARKAZGÜLÜ  SKG-10,10,51.0,1400.0,13.0,0.45,0.45,0.45,0.03,0.45,0.0,30.0,0.8175744761936437,0.7499476922271856,0.0,0.0,0.1,0.16666666666666666,0.0,0.0,0.25,0.25,0.25,0.25,0.45,0.45,0.45,0.45,0.1941747572815534,0.1941747572815534,5.15,0,0.10624454007370027,0.45000000000000007,0.45,0.0,0.425,0.25
Ankara-2026-09-08-9,2026-09-08,2026-09-08 18:00:00,BAHAR ATEŞİ-11,11,55.0,1400.0,13.0,0.45,0.45,0.45,0.03,0.45,0.0,30.0,0.8175744761936437,0.7499476922271856,0.0,0.0,0.1,0.16666666666666666,0.0,0.0,0.25,0.25,0.25,0.25,0.45,0.45,0.45,0.45,0.0271370420624151,0.027137042062415195,36.85,0,0.014848287147342048,0.45000000000000007,0.45,0.0,0.425,0.25
Ankara-2026-09-08-9,2026-09-08,2026-09-08 18:00:00,KATI CANAN-12,12,55.0,1400.0,13.0,0.45,0.45,0.45,0.03,0.45,0.0,30.0,0.8175744761936437,0.7499476922271856,0.0,0.0,0.1,0.16666666666666666,0.0,0.0,0.25,0.25,0.25,0.25,0.45,0.45,0.45,0.45,0.0495049504950495,0.04950495049504951,20.2,0,0.02708709808809685,0.45000000000000007,0.45,0.0,0.425,0.25
Ankara-2026-09-08-9,2026-09-08,2026-09-08 18:00:00,MERCAN ANA-13,13,55.0,1400.0,13.0,0.45,0.45,0.45,0.03,0.45,0.0,30.0,0.8175744761936437,0.7499476922271856,0.0,0.0,0.1,0.16666666666666666,0.0,0.0,0.25,0.25,0.25,0.25,0.45,0.45,0.45,0.45,0.0301659125188536,0.030165912518853696,33.15,0,0.01650556203256575,0.45000000000000007,0.45,0.0,0.425,0.25
Kocaeli-2026-09-08-3,2026-09-08,2026-09-08 18:30:00,CORSARO-1,1,60.0,1900.0,8.0,0.45,0.45,0.45,0.03,0.45,0.0,30.0,0.8175744761936437,0.7499476922271856,0.0,0.0,0.1,0.16666666666666666,0.0,0.0,0.25,0.25,0.25,0.25,0.45,0.45,0.45,0.45,0.3846153846153846,0.3846153846153846,2.6,1,0.22433267324281758,0.45,0.45,0.0,0.425,0.25
Kocaeli-2026-09-08-3,2026-09-08,2026-09-08 18:30:00,MR MONK-2,2,60.0,1900.0,8.0,0.45,0.45,0.45,0.03,0.45,0.0,30.0,0.8175744761936437,0.7499476922271856,0.0,0.0,0.1,0.16666666666666666,0.0,0.0,0.25,0.25,0.25,0.25,0.45,0.45,0.45,0.45,0.3333333333333333,0.3333333333333333,3.0,0,0.19442165014377524,0.45,0.45,0.0,0.425,0.25
Kocaeli-2026-09-08-3,2026-09-08,2026-09-08 18:30:00,TIZONA-3,3,60.0,1900.0,8.0,0.45,0.45,0.45,0.03,0.45,0.0,30.0,0.8175744761936437,0.7499476922271856,0.0,0.0,0.1,0.16666666666666666,0.0,0.0,0.25,0.25,0.25,0.25,0.45,0.45,0.45,0.45,0.1298701298701298,0.12987012987012986,7.7,0,0.07574869486121111,0.45,0.45,0.0,0.425,0.25
Kocaeli-2026-09-08-3,2026-09-08,2026-09-08 18:30:00,AYBAR FIRTINASI-4,4,57.0,1900.0,8.0,0.45,0.45,0.45,0.03,0.45,0.0,30.0,0.8175744761936437,0.7499476922271856,0.0,0.0,0.1,0.16666666666666666,0.0,0.0,0.25,0.25,0.25,0.25,0.45,0.45,0.45,0.45,0.0609756097560975,0.06097560975609757,16.4,0,0.035564936001910075,0.45,0.45,0.0,0.425,0.25
Kocaeli-2026-09-08-3,2026-09-08,2026-09-08 18:30:00,RÜZGAR UĞUR-5,5,57.0,1900.0,8.0,0.45,0.45,0.45,0.03,0.45,0.0,30.0,0.8175744761936437,0.7499476922271856,0.0,0.0,0.1,0.16666666666666666,0.0,0.0,0.25,0.25,0.25,0.25,0.45,0.45,0.45,0.45,0.1694915254237288,0.1694915254237288,5.9,0,0.09885846617480099,0.45,0.45,0.0,0.425,0.25
Kocaeli-2026-09-08-3,2026-09-08,2026-09-08 18:30:00,AĞUSTOS AHMET  K Kulaklık takılacağını ifade eder.-6,6,55.0,1900.0,8.0,0.45,0.45,0.45,0.03,0.45,0.0,30.0,0.8175744761936437,0.7499476922271856,0.0,0.0,0.1,0.16666666666666666,0.0,0.0,0.25,0.25,0.25,0.25,0.45,0.45,0.45,0.45,0.2777777777777778,0.2777777777777778,3.6,0,0.16201804178647938,0.45,0.45,0.0,0.425,0.25
Kocaeli-2026-09-08-3,2026-09-08,2026-09-08 18:30:00,ÇAVDARLI-7,7,56.0,1900.0,8.0,0.45,0.45,0.45,0.03,0.45,0.0,30.0,0.8175744761936437,0.7499476922271856,0.0,0.0,0.1,0.16666666666666666,0.0,0.0,0.25,0.25,0.25,0.25,0.45,0.45,0.45,0.45,0.2777777777777778,0.2777777777777778,3.6,0,0.16201804178647938,0.45,0.45,0.0,0.425,0.25
Kocaeli-2026-09-08-3,2026-09-08,2026-09-08 18:30:00,STASERA  K Kulaklık takılacağını ifade eder.-8,8,56.0,1900.0,8.0,0.45,0.45,0.45,0.03,0.45,0.0,30.0,0.8175744761936437,0.7499476922271856,0.0,0.0,0.1,0.16666666666666666,0.0,0.0,0.25,0.25,0.25,0.25,0.45,0.45,0.45,0.45,0.0806451612903225,0.08064516129032258,12.4,0,0.04703749600252623,0.45,0.45,0.0,0.425,0.25
Kocaeli-2026-09-08-4,2026-09-08,2026-09-08 19:00:00,ALL THE STARS-1,1,57.0,1400.0,10.0,0.45,0.45,0.45,0.03,0.45,0.0,30.0,0.8175744761936437,0.7499476922271856,0.0,0.0,0.1,0.16666666666666666,0.0,0.0,0.25,0.25,0.25,0.25,0.45,0.45,0.45,0.45,0.3703703703703703,0.37037037037037035,2.7,0,0.25795466489863506,0.45,0.44999999999999996,0.0,0.425,0.25
Kocaeli-2026-09-08-4,2026-09-08,2026-09-08 19:00:00,ÇİKOK POWER-2,2,53.0,1400.0,10.0,0.45,0.45,0.45,0.03,0.45,0.0,30.0,0.8175744761936437,0.7499476922271856,0.0,0.0,0.1,0.16666666666666666,0.0,0.0,0.25,0.25,0.25,0.25,0.45,0.45,0.45,0.45,0.0222222222222222,0.022222222222222223,45.0,0,0.01547727989391809,0.45,0.44999999999999996,0.0,0.425,0.25
Kocaeli-2026-09-08-4,2026-09-08,2026-09-08 19:00:00,MAGIC SURPRISE  K Kulaklık takılacağını ifade eder.-3,3,57.0,1400.0,10.0,0.45,0.45,0.45,0.03,0.45,0.0,30.0,0.8175744761936437,0.7499476922271856,0.0,0.0,0.1,0.16666666666666666,0.0,0.0,0.25,0.25,0.25,0.25,0.45,0.45,0.45,0.45,0.150375939849624,0.15037593984962405,6.65,0,0.10473347296636308,0.45,0.44999999999999996,0.0,0.425,0.25
Kocaeli-2026-09-08-4,2026-09-08,2026-09-08 19:00:00,MULHOLLAND DRIVE-4,4,57.0,1400.0,10.0,0.45,0.45,0.45,0.03,0.45,0.0,30.0,0.8175744761936437,0.7499476922271856,0.0,0.0,0.1,0.16666666666666666,0.0,0.0,0.25,0.25,0.25,0.25,0.45,0.45,0.45,0.45,0.2597402597402597,0.2597402597402597,3.85,1,0.1809032714873545,0.45,0.44999999999999996,0.0,0.425,0.25
Kocaeli-2026-09-08-4,2026-09-08,2026-09-08 19:00:00,NOBIL BIGTIME-5,5,57.0,1400.0,10.0,0.45,0.45,0.45,0.03,0.45,0.0,30.0,0.8175744761936437,0.7499476922271856,0.0,0.0,0.1,0.16666666666666666,0.0,0.0,0.25,0.25,0.25,0.25,0.45,0.45,0.45,0.45,0.1680672268907563,0.1680672268907563,5.95,0,0.11705505802122937,0.45,0.44999999999999996,0.0,0.425,0.25
Kocaeli-2026-09-08-4,2026-09-08,2026-09-08 19:00:00,PILLOW DANCE  K Kulaklık takılacağını ifade eder.-6,6,57.0,1400.0,10.0,0.45,0.45,0.45,0.03,0.45,0.0,30.0,0.8175744761936437,0.7499476922271856,0.0,0.0,0.1,0.16666666666666666,0.0,0.0,0.25,0.25,0.25,0.25,0.45,0.45,0.45,0.45,0.2531645569620253,0.2531645569620253,3.95,0,0.17632344182944676,0.45,0.44999999999999996,0.0,0.425,0.25
Kocaeli-2026-09-08-4,2026-09-08,2026-09-08 19:00:00,SHADEFALL-7,7,57.0,1400.0,10.0,0.45,0.45,0.45,0.03,0.45,0.0,30.0,0.8175744761936437,0.7499476922271856,0.0,0.0,0.1,0.16666666666666666,0.0,0.0,0.25,0.25,0.25,0.25,0.45,0.45,0.45,0.45,0.0757575757575757,0.07575757575757576,13.2,0,0.05276345418381169,0.45,0.44999999999999996,0.0,0.425,0.25
Kocaeli-2026-09-08-4,2026-09-08,2026-09-08 19:00:00,SNOWDRIFT-8,8,57.0,1400.0,10.0,0.45,0.45,0.45,0.03,0.45,0.0,30.0,0.8175744761936437,0.7499476922271856,0.0,0.0,0.1,0.16666666666666666,0.0,0.0,0.25,0.25,0.25,0.25,0.45,0.45,0.45,0.45,0.053763440860215,0.05376344086021505,18.6,0,0.03744503200141474,0.45,0.44999999999999996,0.0,0.425,0.25
Kocaeli-2026-09-08-4,2026-09-08,2026-09-08 19:00:00,STEEL HUNTER-9,9,57.0,1400.0,10.0,0.45,0.45,0.45,0.03,0.45,0.0,30.0,0.8175744761936437,0.7499476922271856,0.0,0.0,0.1,0.16666666666666666,0.0,0.0,0.25,0.25,0.25,0.25,0.45,0.45,0.45,0.45,0.0346020761245674,0.03460207612456748,28.9,0,0.024099570769076588,0.45,0.44999999999999996,0.0,0.425,0.25
Kocaeli-2026-09-08-4,2026-09-08,2026-09-08 19:00:00,TERRAFERMA-10,10,57.0,1400.0,10.0,0.45,0.45,0.45,0.03,0.45,0.0,30.0,0.8175744761936437,0.7499476922271856,0.0,0.0,0.1,0.16666666666666666,0.0,0.0,0.25,0.25,0.25,0.25,0.45,0.45,0.45,0.45,0.0477326968973747,0.0477326968973747,20.95,0,0.03324475394875011,0.45,0.44999999999999996,0.0,0.425,0.25
Kocaeli-2026-09-08-5,2026-09-08,2026-09-08 19:30:00,MISS CALIFORNIA-1,1,58.0,1400.0,13.0,0.45,0.45,0.45,0.03,0.45,0.0,30.0,0.8175744761936437,0.7499476922271856,0.0,0.0,0.1,0.16666666666666666,0.0,0.0,0.25,0.25,0.25,0.25,0.45,0.45,0.45,0.45,0.0413223140495867,0.04132231404958678,24.2,0,0.028865218875677435,0.45000000000000007,0.45,0.0,0.425,0.25
Kocaeli-2026-09-08-5,2026-09-08,2026-09-08 19:30:00,KAYLA MARLA  K Kulaklık takılacağını ifade eder.-2,2,60.0,1400.0,13.0,0.45,0.45,0.45,0.03,0.45,0.0,30.0,0.8175744761936437,0.7499476922271856,0.0,0.0,0.1,0.16666666666666666,0.0,0.0,0.25,0.25,0.25,0.25,0.45,0.45,0.45,0.45,0.08130081300813,0.08130081300813008,12.3,0,0.056791731446454836,0.45000000000000007,0.45,0.0,0.425,0.25
Kocaeli-2026-09-08-5,2026-09-08,2026-09-08 19:30:00,ERULİNA  SKG-3,3,58.0,1400.0,13.0,0.45,0.45,0.45,0.03,0.45,0.0,30.0,0.8175744761936437,0.7499476922271856,0.0,0.0,0.1,0.16666666666666666,0.0,0.0,0.25,0.25,0.25,0.25,0.45,0.45,0.45,0.45,0.1612903225806451,0.16129032258064516,6.2,0,0.11266746722441855,0.45000000000000007,0.45,0.0,0.425,0.25
Kocaeli-2026-09-08-5,2026-09-08,2026-09-08 19:30:00,KINOWA GIRL-4,4,58.0,1400.0,13.0,0.45,0.45,0.45,0.03,0.45,0.0,30.0,0.8175744761936437,0.7499476922271856,0.0,0.0,0.1,0.16666666666666666,0.0,0.0,0.25,0.25,0.25,0.25,0.45,0.45,0.45,0.45,0.0352733686067019,0.03527336860670194,28.35,0,0.024639798828620618,0.45000000000000007,0.45,0.0,0.425,0.25
Kocaeli-2026-09-08-5,2026-09-08,2026-09-08 19:30:00,SHENRON-5,5,58.0,1400.0,13.0,0.45,0.45,0.45,0.03,0.45,0.0,30.0,0.8175744761936437,0.7499476922271856,0.0,0.0,0.1,0.16666666666666666,0.0,0.0,0.25,0.25,0.25,0.25,0.45,0.45,0.45,0.45,0.1941747572815534,0.1941747572815534,5.15,1,0.13563850423133889,0.45000000000000007,0.45,0.0,0.425,0.25
Kocaeli-2026-09-08-5,2026-09-08,2026-09-08 19:30:00,ŞEKERKIZ-6,6,58.0,1400.0,13.0,0.45,0.45,0.45,0.03,0.45,0.0,30.0,0.8175744761936437,0.7499476922271856,0.0,0.0,0.1,0.16666666666666666,0.0,0.0,0.25,0.25,0.25,0.25,0.45,0.45,0.45,0.45,0.0497512437810945,0.04975124378109452,20.1,0,0.034753149094099246,0.45000000000000007,0.45,0.0,0.425,0.25
Kocaeli-2026-09-08-5,2026-09-08,2026-09-08 19:30:00,BARBOOM-7,7,56.0,1400.0,13.0,0.45,0.45,0.45,0.03,0.45,0.0,30.0,0.8175744761936437,0.7499476922271856,0.0,0.0,0.1,0.16666666666666666,0.0,0.0,0.25,0.25,0.25,0.25,0.45,0.45,0.45,0.45,0.5882352941176471,0.5882352941176471,1.7,0,0.4109048804655266,0.45000000000000007,0.45,0.0,0.425,0.25
Kocaeli-2026-09-08-5,2026-09-08,2026-09-08 19:30:00,MUCİZE SERENAY-8,8,55.0,1400.0,13.0,0.45,0.45,0.45,0.03,0.45,0.0,30.0,0.8175744761936437,0.7499476922271856,0.0,0.0,0.1,0.16666666666666666,0.0,0.0,0.25,0.25,0.25,0.25,0.45,0.45,0.45,0.45,0.0214362272240085,0.021436227224008574,46.65,0,0.014974025654692236,0.45000000000000007,0.45,0.0,0.425,0.25
Kocaeli-2026-09-08-5,2026-09-08,2026-09-08 19:30:00,QUİEREME-9,9,58.0,1400.0,13.0,0.45,0.45,0.45,0.03,0.45,0.0,30.0,0.8175744761936437,0.7499476922271856,0.0,0.0,0.1,0.16666666666666666,0.0,0.0,0.25,0.25,0.25,0.25,0.45,0.45,0.45,0.45,0.0149700598802395,0.014970059880239521,66.8,0,0.010457160131607699,0.45000000000000007,0.45,0.0,0.425,0.25
Kocaeli-2026-09-08-5,2026-09-08,2026-09-08 19:30:00,SELLYGIRL-10,10,58.0,1400.0,13.0,0.45,0.45,0.45,0.03,0.45,0.0,30.0,0.8175744761936437,0.7499476922271856,0.0,0.0,0.1,0.16666666666666666,0.0,0.0,0.25,0.25,0.25,0.25,0.45,0.45,0.45,0.45,0.1379310344827586,0.13793103448275862,7.25,0,0.0963501099022614,0.45000000000000007,0.45,0.0,0.425,0.25
Kocaeli-2026-09-08-5,2026-09-08,2026-09-08 19:30:00,YEŞİL İNCİ-11,11,55.0,1400.0,13.0,0.45,0.45,0.45,0.03,0.45,0.0,30.0,0.8175744761936437,0.7499476922271856,0.0,0.0,0.1,0.16666666666666666,0.0,0.0,0.25,0.25,0.25,0.25,0.45,0.45,0.45,0.45,0.023391812865497,0.023391812865497075,42.75,0,0.01634007711792732,0.45000000000000007,0.45,0.0,0.425,0.25
Kocaeli-2026-09-08-5,2026-09-08,2026-09-08 19:30:00,MANNARA-12,12,52.0,1400.0,13.0,0.45,0.45,0.45,0.03,0.45,0.0,30.0,0.8175744761936437,0.7499476922271856,0.0,0.0,0.1,0.16666666666666666,0.0,0.0,0.25,0.25,0.25,0.25,0.45,0.45,0.45,0.45,0.0389105058365758,0.038910505836575876,25.7,0,0.027180478474373302,0.45000000000000007,0.45,0.0,0.425,0.25
Kocaeli-2026-09-08-5,2026-09-08,2026-09-08 19:30:00,EMERY-13,13,55.0,1400.0,13.0,0.45,0.45,0.45,0.03,0.45,0.0,30.0,0.8175744761936437,0.7499476922271856,0.0,0.0,0.1,0.16666666666666666,0.0,0.0,0.25,0.25,0.25,0.25,0.45,0.45,0.45,0.45,0.0435729847494553,0.04357298474945534,22.95,0,0.030437398553001944,0.45000000000000007,0.45,0.0,0.425,0.25
Kocaeli-2026-09-08-6,2026-09-08,2026-09-08 20:00:00,AVCI OĞLUM-1,1,60.0,2000.0,9.0,0.45,0.45,0.45,0.03,0.45,0.0,30.0,0.8175744761936437,0.7499476922271856,0.0,0.0,0.1,0.16666666666666666,0.0,0.0,0.25,0.25,0.25,0.25,0.45,0.45,0.45,0.45,0.029940119760479,0.029940119760479042,33.4,0,0.020802684519334386,0.44999999999999996,0.44999999999999996,0.0,0.425,0.25
Kocaeli-2026-09-08-6,2026-09-08,2026-09-08 20:00:00,BEYAZIŞIK-2,2,60.0,2000.0,9.0,0.45,0.45,0.45,0.03,0.45,0.0,30.0,0.8175744761936437,0.7499476922271856,0.0,0.0,0.1,0.16666666666666666,0.0,0.0,0.25,0.25,0.25,0.25,0.45,0.45,0.45,0.45,0.4347826086956522,0.4347826086956522,2.3,0,0.3020911578025085,0.44999999999999996,0.44999999999999996,0.0,0.425,0.25
Kocaeli-2026-09-08-6,2026-09-08,2026-09-08 20:00:00,KAYAFATİH-3,3,60.0,2000.0,9.0,0.45,0.45,0.45,0.03,0.45,0.0,30.0,0.8175744761936437,0.7499476922271856,0.0,0.0,0.1,0.16666666666666666,0.0,0.0,0.25,0.25,0.25,0.25,0.45,0.45,0.45,0.45,0.0619195046439628,0.061919504643962855,16.15,0,0.043022270151440806,0.44999999999999996,0.44999999999999996,0.0,0.425,0.25
Kocaeli-2026-09-08-6,2026-09-08,2026-09-08 20:00:00,KUMBEY-4,4,60.0,2000.0,9.0,0.45,0.45,0.45,0.03,0.45,0.0,30.0,0.8175744761936437,0.7499476922271856,0.0,0.0,0.1,0.16666666666666666,0.0,0.0,0.25,0.25,0.25,0.25,0.45,0.45,0.45,0.45,0.3278688524590164,0.3278688524590164,3.05,0,0.22780644686746543,0.44999999999999996,0.44999999999999996,0.0,0.425,0.25
Kocaeli-2026-09-08-6,2026-09-08,2026-09-08 20:00:00,ORÇUNTAY-5,5,60.0,2000.0,9.0,0.45,0.45,0.45,0.03,0.45,0.0,30.0,0.8175744761936437,0.7499476922271856,0.0,0.0,0.1,0.16666666666666666,0.0,0.0,0.25,0.25,0.25,0.25,0.45,0.45,0.45,0.45,0.0282087447108603,0.028208744710860365,35.45,0,0.019599708404676102,0.44999999999999996,0.44999999999999996,0.0,0.425,0.25
Kocaeli-2026-09-08-6,2026-09-08,2026-09-08 20:00:00,TAŞKENT-6,6,60.0,2000.0,9.0,0.45,0.45,0.45,0.03,0.45,0.0,30.0,0.8175744761936437,0.7499476922271856,0.0,0.0,0.1,0.16666666666666666,0.0,0.0,0.25,0.25,0.25,0.25,0.45,0.45,0.45,0.45,0.3278688524590164,0.3278688524590164,3.05,1,0.22780644686746543,0.44999999999999996,0.44999999999999996,0.0,0.425,0.25
Kocaeli-2026-09-08-6,2026-09-08,2026-09-08 20:00:00,CEVAHİRKAN-7,7,57.5,2000.0,9.0,0.45,0.45,0.45,0.03,0.45,0.0,30.0,0.8175744761936437,0.7499476922271856,0.0,0.0,0.1,0.16666666666666666,0.0,0.0,0.25,0.25,0.25,0.25,0.45,0.45,0.45,0.45,0.0422832980972515,0.042283298097251586,23.65,0,0.029378844099186813,0.44999999999999996,0.44999999999999996,0.0,0.425,0.25
Kocaeli-2026-09-08-6,2026-09-08,2026-09-08 20:00:00,NUSRET OĞLU-8,8,57.5,2000.0,9.0,0.45,0.45,0.45,0.03,0.45,0.0,30.0,0.8175744761936437,0.7499476922271856,0.0,0.0,0.1,0.16666666666666666,0.0,0.0,0.25,0.25,0.25,0.25,0.45,0.45,0.45,0.45,0.0714285714285714,0.07142857142857142,14.0,0,0.04962926163898351,0.44999999999999996,0.44999999999999996,0.0,0.425,0.25
Kocaeli-2026-09-08-6,2026-09-08,2026-09-08 20:00:00,SON İZCİ-9,9,57.5,2000.0,9.0,0.45,0.45,0.45,0.03,0.45,0.0,30.0,0.8175744761936437,0.7499476922271856,0.0,0.0,0.1,0.16666666666666666,0.0,0.0,0.25,0.25,0.25,0.25,0.45,0.45,0.45,0.45,0.1149425287356322,0.1149425287356322,8.7,0,0.07986317964893903,0.44999999999999996,0.44999999999999996,0.0,0.425,0.25
Kocaeli-2026-09-08-7,2026-09-08,2026-09-08 20:30:00,ALTINBORA-1,1,60.0,1400.0,8.0,0.45,0.45,0.45,0.03,0.45,0.0,30.0,0.8175744761936437,0.7499476922271856,0.0,0.0,0.1,0.16666666666666666,0.0,0.0,0.25,0.25,0.25,0.25,0.45,0.45,0.45,0.45,0.3846153846153846,0.3846153846153846,2.6,0,0.267187584580756,0.45,0.45,0.0,0.425,0.25
Kocaeli-2026-09-08-7,2026-09-08,2026-09-08 20:30:00,DADAKBEY-2,2,58.0,1400.0,8.0,0.45,0.45,0.45,0.03,0.45,0.0,30.0,0.8175744761936437,0.7499476922271856,0.0,0.0,0.1,0.16666666666666666,0.0,0.0,0.25,0.25,0.25,0.25,0.45,0.45,0.45,0.45,0.238095238095238,0.23809523809523808,4.2,0,0.16540183807380127,0.45,0.45,0.0,0.425,0.25
Kocaeli-2026-09-08-7,2026-09-08,2026-09-08 20:30:00,ERBAŞKAN-3,3,57.0,1400.0,8.0,0.45,0.45,0.45,0.03,0.45,0.0,30.0,0.8175744761936437,0.7499476922271856,0.0,0.0,0.1,0.16666666666666666,0.0,0.0,0.25,0.25,0.25,0.25,0.45,0.45,0.45,0.45,0.1197604790419161,0.11976047904191617,8.35,1,0.08319613412095392,0.45,0.45,0.0,0.425,0.25
Kocaeli-2026-09-08-7,2026-09-08,2026-09-08 20:30:00,SALGUR-4,4,57.0,1400.0,8.0,0.45,0.45,0.45,0.03,0.45,0.0,30.0,0.8175744761936437,0.7499476922271856,0.0,0.0,0.1,0.16666666666666666,0.0,0.0,0.25,0.25,0.25,0.25,0.45,0.45,0.45,0.45,0.0673400673400673,0.06734006734006734,14.85,0,0.04678031783905489,0.45,0.45,0.0,0.425,0.25
Kocaeli-2026-09-08-7,2026-09-08,2026-09-08 20:30:00,YÜKENOĞLU-5,5,57.0,1400.0,8.0,0.45,0.45,0.45,0.03,0.45,0.0,30.0,0.8175744761936437,0.7499476922271856,0.0,0.0,0.1,0.16666666666666666,0.0,0.0,0.25,0.25,0.25,0.25,0.45,0.45,0.45,0.45,0.3076923076923077,0.3076923076923077,3.25,0,0.2137500676646048,0.45,0.45,0.0,0.425,0.25
Kocaeli-2026-09-08-7,2026-09-08,2026-09-08 20:30:00,MUTLU BAHAR-6,6,55.0,1400.0,8.0,0.45,0.45,0.45,0.03,0.45,0.0,30.0,0.8175744761936437,0.7499476922271856,0.0,0.0,0.1,0.16666666666666666,0.0,0.0,0.25,0.25,0.25,0.25,0.45,0.45,0.45,0.45,0.078125,0.078125,12.8,0,0.05427247811796606,0.45,0.45,0.0,0.425,0.25
Kocaeli-2026-09-08-7,2026-09-08,2026-09-08 20:30:00,URASEFE-7,7,54.0,1400.0,8.0,0.45,0.45,0.45,0.03,0.45,0.0,30.0,0.8175744761936437,0.7499476922271856,0.0,0.0,0.1,0.16666666666666666,0.0,0.0,0.25,0.25,0.25,0.25,0.45,0.45,0.45,0.45,0.1428571428571428,0.14285714285714285,7.0,0,0.09924110284428075,0.45,0.45,0.0,0.425,0.25
Kocaeli-2026-09-08-7,2026-09-08,2026-09-08 20:30:00,TEYZEOĞLU-8,8,53.0,1400.0,8.0,0.45,0.45,0.45,0.03,0.45,0.0,30.0,0.8175744761936437,0.7499476922271856,0.0,0.0,0.1,0.16666666666666666,0.0,0.0,0.25,0.25,0.25,0.25,0.45,0.45,0.45,0.45,0.101010101010101,0.10101010101010101,9.9,0,0.07017047675858237,0.45,0.45,0.0,0.425,0.25
Kocaeli-2026-09-08-8,2026-09-08,2026-09-08 21:00:00,SILA ALEYNA-1,1,59.0,1400.0,9.0,0.45,0.45,0.45,0.03,0.45,0.0,30.0,0.8175744761936437,0.7499476922271856,0.0,0.0,0.1,0.16666666666666666,0.0,0.0,0.25,0.25,0.25,0.25,0.45,0.45,0.45,0.45,0.2531645569620253,0.2531645569620253,3.95,0,0.1760123534687149,0.44999999999999996,0.44999999999999996,0.0,0.425,0.25
Kocaeli-2026-09-08-8,2026-09-08,2026-09-08 21:00:00,TODAY IS A GIFT-2,2,57.0,1400.0,9.0,0.45,0.45,0.45,0.03,0.45,0.0,30.0,0.8175744761936437,0.7499476922271856,0.0,0.0,0.1,0.16666666666666666,0.0,0.0,0.25,0.25,0.25,0.25,0.45,0.45,0.45,0.45,0.3773584905660377,0.37735849056603776,2.65,1,0.26235803630242416,0.44999999999999996,0.44999999999999996,0.0,0.425,0.25
Kocaeli-2026-09-08-8,2026-09-08,2026-09-08 21:00:00,BRAVE HERA-3,3,57.0,1400.0,9.0,0.45,0.45,0.45,0.03,0.45,0.0,30.0,0.8175744761936437,0.7499476922271856,0.0,0.0,0.1,0.16666666666666666,0.0,0.0,0.25,0.25,0.25,0.25,0.45,0.45,0.45,0.45,0.1081081081081081,0.10810810810810811,9.25,0,0.07516203202177556,0.44999999999999996,0.44999999999999996,0.0,0.425,0.25
Kocaeli-2026-09-08-8,2026-09-08,2026-09-08 21:00:00,GENERAL FEMALE-4,4,57.0,1400.0,9.0,0.45,0.45,0.45,0.03,0.45,0.0,30.0,0.8175744761936437,0.7499476922271856,0.0,0.0,0.1,0.16666666666666666,0.0,0.0,0.25,0.25,0.25,0.25,0.45,0.45,0.45,0.45,0.1142857142857142,0.11428571428571428,8.75,0,0.07945700528016268,0.44999999999999996,0.44999999999999996,0.0,0.425,0.25
Kocaeli-2026-09-08-8,2026-09-08,2026-09-08 21:00:00,LA SAGRADA  SKG-5,5,57.0,1400.0,9.0,0.45,0.45,0.45,0.03,0.45,0.0,30.0,0.8175744761936437,0.7499476922271856,0.0,0.0,0.1,0.16666666666666666,0.0,0.0,0.25,0.25,0.25,0.25,0.45,0.45,0.45,0.45,0.036036036036036,0.036036036036036036,27.75,0,0.025054010673925167,0.44999999999999996,0.44999999999999996,0.0,0.425,0.25
Kocaeli-2026-09-08-8,2026-09-08,2026-09-08 21:00:00,NINJA QUEEN-6,6,57.0,1400.0,9.0,0.45,0.45,0.45,0.03,0.45,0.0,30.0,0.8175744761936437,0.7499476922271856,0.0,0.0,0.1,0.16666666666666666,0.0,0.0,0.25,0.25,0.25,0.25,0.45,0.45,0.45,0.45,0.1481481481481481,0.14814814814814814,6.75,0,0.1029998216594702,0.44999999999999996,0.44999999999999996,0.0,0.425,0.25
Kocaeli-2026-09-08-8,2026-09-08,2026-09-08 21:00:00,SINISTRA DERMAN-7,7,57.0,1400.0,9.0,0.45,0.45,0.45,0.03,0.45,0.0,30.0,0.8175744761936437,0.7499476922271856,0.0,0.0,0.1,0.16666666666666666,0.0,0.0,0.25,0.25,0.25,0.25,0.45,0.45,0.45,0.45,0.1869158878504673,0.1869158878504673,5.35,0,0.12995304601895777,0.44999999999999996,0.44999999999999996,0.0,0.425,0.25
Kocaeli-2026-09-08-8,2026-09-08,2026-09-08 21:00:00,SOUL OF MINE  K Kulaklık takılacağını ifade eder.-8,8,57.0,1400.0,9.0,0.45,0.45,0.45,0.03,0.45,0.0,30.0,0.8175744761936437,0.7499476922271856,0.0,0.0,0.1,0.16666666666666666,0.0,0.0,0.25,0.25,0.25,0.25,0.45,0.45,0.45,0.45,0.1739130434782608,0.17391304347826086,5.75,0,0.12091283412198674,0.44999999999999996,0.44999999999999996,0.0,0.425,0.25
Kocaeli-2026-09-08-8,2026-09-08,2026-09-08 21:00:00,SUPINATOR  K Kulaklık takılacağını ifade eder.-9,9,54.0,1400.0,9.0,0.45,0.45,0.45,0.03,0.45,0.0,30.0,0.8175744761936437,0.7499476922271856,0.0,0.0,0.1,0.16666666666666666,0.0,0.0,0.25,0.25,0.25,0.25,0.45,0.45,0.45,0.45,0.0404040404040404,0.04040404040404041,24.75,0,0.028090860452582786,0.44999999999999996,0.44999999999999996,0.0,0.425,0.25
Kocaeli-2026-09-08-9,2026-09-08,2026-09-08 21:30:00,SAFDERUN OĞLU-1,1,63.0,2000.0,15.0,0.45,0.45,0.45,0.03,0.45,0.0,30.0,0.8175744761936437,0.7499476922271856,0.0,0.0,0.1,0.16666666666666666,0.0,0.0,0.25,0.25,0.25,0.25,0.45,0.45,0.45,0.45,0.0673400673400673,0.06734006734006734,14.85,0,0.045798196845532727,0.45,0.44999999999999996,0.0,0.425,0.25
Kocaeli-2026-09-08-9,2026-09-08,2026-09-08 21:30:00,ODABAŞI-2,2,59.0,2000.0,15.0,0.45,0.45,0.45,0.03,0.45,0.0,30.0,0.8175744761936437,0.7499476922271856,0.0,0.0,0.1,0.16666666666666666,0.0,0.0,0.25,0.25,0.25,0.25,0.45,0.45,0.45,0.45,0.0673400673400673,0.06734006734006734,14.85,0,0.045798196845532727,0.45,0.44999999999999996,0.0,0.425,0.25
Kocaeli-2026-09-08-9,2026-09-08,2026-09-08 21:30:00,MANDAR ABBAS-3,3,57.5,2000.0,15.0,0.45,0.45,0.45,0.03,0.45,0.0,30.0,0.8175744761936437,0.7499476922271856,0.0,0.0,0.1,0.16666666666666666,0.0,0.0,0.25,0.25,0.25,0.25,0.45,0.45,0.45,0.45,0.2272727272727272,0.22727272727272727,4.4,0,0.154568914353673,0.45,0.44999999999999996,0.0,0.425,0.25
Kocaeli-2026-09-08-9,2026-09-08,2026-09-08 21:30:00,GÜMBÜR ŞAH-4,4,56.5,2000.0,15.0,0.45,0.45,0.45,0.03,0.45,0.0,30.0,0.8175744761936437,0.7499476922271856,0.0,0.0,0.1,0.16666666666666666,0.0,0.0,0.25,0.25,0.25,0.25,0.45,0.45,0.45,0.45,0.1058201058201058,0.10582010582010583,9.45,0,0.07196859504298003,0.45,0.44999999999999996,0.0,0.425,0.25
Kocaeli-2026-09-08-9,2026-09-08,2026-09-08 21:30:00,ERSELEFE-5,5,54.0,2000.0,15.0,0.45,0.45,0.45,0.03,0.45,0.0,30.0,0.8175744761936437,0.7499476922271856,0.0,0.0,0.1,0.16666666666666666,0.0,0.0,0.25,0.25,0.25,0.25,0.45,0.45,0.45,0.45,0.0628930817610062,0.06289308176100629,15.9,0,0.04277378761988431,0.45,0.44999999999999996,0.0,0.425,0.25
Kocaeli-2026-09-08-9,2026-09-08,2026-09-08 21:30:00,SEMENDİN GÜCÜ-6,6,57.5,2000.0,15.0,0.45,0.45,0.45,0.03,0.45,0.0,30.0,0.8175744761936437,0.7499476922271856,0.0,0.0,0.1,0.16666666666666666,0.0,0.0,0.25,0.25,0.25,0.25,0.45,0.45,0.45,0.45,0.0323101777059773,0.03231017770597738,30.95,0,0.02197425599858351,0.45,0.44999999999999996,0.0,0.425,0.25
Kocaeli-2026-09-08-9,2026-09-08,2026-09-08 21:30:00,BUDABEŞTE GÜLÜ-7,7,52.0,2000.0,15.0,0.45,0.45,0.45,0.03,0.45,0.0,30.0,0.8175744761936437,0.7499476922271856,0.0,0.0,0.1,0.16666666666666666,0.0,0.0,0.25,0.25,0.25,0.25,0.45,0.45,0.45,0.45,0.0222965440356744,0.02229654403567447,44.85,0,0.015163951463905445,0.45,0.44999999999999996,0.0,0.425,0.25
Kocaeli-2026-09-08-9,2026-09-08,2026-09-08 21:30:00,KURUÇAY-8,8,53.5,2000.0,15.0,0.45,0.45,0.45,0.03,0.45,0.0,30.0,0.8175744761936437,0.7499476922271856,0.0,0.0,0.1,0.16666666666666666,0.0,0.0,0.25,0.25,0.25,0.25,0.45,0.45,0.45,0.45,0.1351351351351351,0.13513513513513511,7.4,0,0.0919058409670488,0.45,0.44999999999999996,0.0,0.425,0.25
Kocaeli-2026-09-08-9,2026-09-08,2026-09-08 21:30:00,ŞANLI ANKA-9,9,56.5,2000.0,15.0,0.45,0.45,0.45,0.03,0.45,0.0,30.0,0.8175744761936437,0.7499476922271856,0.0,0.0,0.1,0.16666666666666666,0.0,0.0,0.25,0.25,0.25,0.25,0.45,0.45,0.45,0.45,0.023094688221709,0.023094688221709007,43.3,0,0.01570677189737093,0.45,0.44999999999999996,0.0,0.425,0.25
Kocaeli-2026-09-08-9,2026-09-08,2026-09-08 21:30:00,CAYMAZBEY-10,10,51.0,2000.0,15.0,0.45,0.45,0.45,0.03,0.45,0.0,30.0,0.8175744761936437,0.7499476922271856,0.0,0.0,0.1,0.16666666666666666,0.0,0.0,0.25,0.25,0.25,0.25,0.45,0.45,0.45,0.45,0.0323101777059773,0.03231017770597738,30.95,0,0.02197425599858351,0.45,0.44999999999999996,0.0,0.425,0.25
Kocaeli-2026-09-08-9,2026-09-08,2026-09-08 21:30:00,KURUŞUN GÜCÜ-11,11,52.0,2000.0,15.0,0.45,0.45,0.45,0.03,0.45,0.0,30.0,0.8175744761936437,0.7499476922271856,0.0,0.0,0.1,0.16666666666666666,0.0,0.0,0.25,0.25,0.25,0.25,0.45,0.45,0.45,0.45,0.4081632653061224,0.4081632653061224,2.45,0,0.2775931523086373,0.45,0.44999999999999996,0.0,0.425,0.25
Kocaeli-2026-09-08-9,2026-09-08,2026-09-08 21:30:00,TUTMAÇ-12,12,52.0,2000.0,15.0,0.45,0.45,0.45,0.03,0.45,0.0,30.0,0.8175744761936437,0.7499476922271856,0.0,0.0,0.1,0.16666666666666666,0.0,0.0,0.25,0.25,0.25,0.25,0.45,0.45,0.45,0.45,0.0687285223367697,0.06872852233676975,14.55,0,0.046742489563997305,0.45,0.44999999999999996,0.0,0.425,0.25
Kocaeli-2026-09-08-9,2026-09-08,2026-09-08 21:30:00,Bİ ANKA-14,14,52.5,2000.0,15.0,0.45,0.45,0.45,0.03,0.45,0.0,30.0,0.8175744761936437,0.7499476922271856,0.0,0.0,0.1,0.16666666666666666,0.0,0.0,0.25,0.25,0.25,0.25,0.45,0.45,0.45,0.45,0.1818181818181818,0.18181818181818182,5.5,1,0.12365513148293843,0.45,0.44999999999999996,0.0,0.425,0.25
Kocaeli-2026-09-08-9,2026-09-08,2026-09-08 21:30:00,AFŞARBEY-15,15,52.0,2000.0,15.0,0.45,0.45,0.45,0.03,0.45,0.0,30.0,0.8175744761936437,0.7499476922271856,0.0,0.0,0.1,0.16666666666666666,0.0,0.0,0.25,0.25,0.25,0.25,0.45,0.45,0.45,0.45,0.03584229390681,0.03584229390681004,27.9,0,0.024376459611331926,0.45,0.44999999999999996,0.0,0.425,0.25
İstanbul-2026-09-09-1,2026-09-09,2026-09-09 13:30:00,GÜLALP KIZI-1,1,59.0,2200.0,10.0,0.45,0.45,0.45,0.03,0.45,0.0,30.0,0.8175744761936437,0.7499476922271856,0.0,0.0,0.1,0.16666666666666666,0.0,0.0,0.25,0.25,0.25,0.25,0.45,0.45,0.45,0.45,0.2150537634408602,0.2150537634408602,4.65,0,0.13021530495989603,0.45,0.44999999999999996,0.0,0.425,0.25
İstanbul-2026-09-09-1,2026-09-09,2026-09-09 13:30:00,SEMRAKAYA-2,2,60.0,2200.0,10.0,0.45,0.45,0.45,0.03,0.45,0.0,30.0,0.8175744761936437,0.7499476922271856,0.0,0.0,0.1,0.16666666666666666,0.0,0.0,0.25,0.25,0.25,0.25,0.45,0.45,0.45,0.45,0.1801801801801802,0.1801801801801802,5.55,0,0.10909930956099399,0.45,0.44999999999999996,0.0,0.425,0.25
İstanbul-2026-09-09-1,2026-09-09,2026-09-09 13:30:00,SİYAH KUŞ-3,3,59.5,2200.0,10.0,0.45,0.45,0.45,0.03,0.45,0.0,30.0,0.8175744761936437,0.7499476922271856,0.0,0.0,0.1,0.16666666666666666,0.0,0.0,0.25,0.25,0.25,0.25,0.45,0.45,0.45,0.45,0.4081632653061224,0.4081632653061224,2.45,1,0.24714333390347615,0.45,0.44999999999999996,0.0,0.425,0.25
İstanbul-2026-09-09-1,2026-09-09,2026-09-09 13:30:00,RAZKAN-4,4,57.0,2200.0,10.0,0.45,0.45,0.45,0.03,0.45,0.0,30.0,0.8175744761936437,0.7499476922271856,0.0,0.0,0.1,0.16666666666666666,0.0,0.0,0.25,0.25,0.25,0.25,0.45,0.45,0.45,0.45,0.1515151515151515,0.15151515151515152,6.6,0,0.09174260122174492,0.45,0.44999999999999996,0.0,0.425,0.25
İstanbul-2026-09-09-1,2026-09-09,2026-09-09 13:30:00,TÜRKÖREN-5,5,52.5,2200.0,10.0,0.45,0.45,0.45,0.03,0.45,0.0,30.0,0.8175744761936437,0.7499476922271856,0.0,0.0,0.1,0.16666666666666666,0.0,0.0,0.25,0.25,0.25,0.25,0.45,0.45,0.45,0.45,0.2941176470588235,0.29411764705882354,3.4,0,0.17808857884221074,0.45,0.44999999999999996,0.0,0.425,0.25
İstanbul-2026-09-09-1,2026-09-09,2026-09-09 13:30:00,KIVIRCIKKIZ-6,6,51.0,2200.0,10.0,0.45,0.45,0.45,0.03,0.45,0.0,30.0,0.8175744761936437,0.7499476922271856,0.0,0.0,0.1,0.16666666666666666,0.0,0.0,0.25,0.25,0.25,0.25,0.45,0.45,0.45,0.45,0.119047619047619,0.11904761904761904,8.4,0,0.07208347238851386,0.45,0.44999999999999996,0.0,0.425,0.25
İstanbul-2026-09-09-1,2026-09-09,2026-09-09 13:30:00,GÜZEL HUYLUM-7,7,50.0,2200.0,10.0,0.45,0.45,0.45,0.03,0.45,0.0,30.0,0.8175744761936437,0.7499476922271856,0.0,0.0,0.1,0.16666666666666666,0.0,0.0,0.25,0.25,0.25,0.25,0.45,0.45,0.45,0.45,0.2150537634408602,0.2150537634408602,4.65,0,0.13021530495989603,0.45,0.44999999999999996,0.0,0.425,0.25
İstanbul-2026-09-09-1,2026-09-09,2026-09-09 13:30:00,JULNAR-8,8,52.0,2200.0,10.0,0.45,0.45,0.45,0.03,0.45,0.0,30.0,0.8175744761936437,0.7499476922271856,0.0,0.0,0.1,0.16666666666666666,0.0,0.0,0.25,0.25,0.25,0.25,0.45,0.45,0.45,0.45,0.036036036036036,0.036036036036036036,27.75,0,0.021819861912198774,0.45,0.44999999999999996,0.0,0.425,0.25
İstanbul-2026-09-09-1,2026-09-09,2026-09-09 13:30:00,PAMUK ELLA-9,9,52.0,2200.0,10.0,0.45,0.45,0.45,0.03,0.45,0.0,30.0,0.8175744761936437,0.7499476922271856,0.0,0.0,0.1,0.16666666666666666,0.0,0.0,0.25,0.25,0.25,0.25,0.45,0.45,0.45,0.45,0.0183318056828597,0.01833180568285976,54.55,0,0.01109992975368496,0.45,0.44999999999999996,0.0,0.425,0.25
İstanbul-2026-09-09-1,2026-09-09,2026-09-09 13:30:00,ŞİRİN DE FAUST-10,10,52.0,2200.0,10.0,0.45,0.45,0.45,0.03,0.45,0.0,30.0,0.8175744761936437,0.7499476922271856,0.0,0.0,0.1,0.16666666666666666,0.0,0.0,0.25,0.25,0.25,0.25,0.45,0.45,0.45,0.45,0.0140252454417952,0.014025245441795233,71.3,0,0.008492302497384505,0.45,0.44999999999999996,0.0,0.425,0.25
İstanbul-2026-09-09-2,2026-09-09,2026-09-09 14:00:00,CANBULUT-1,1,59.0,1300.0,10.0,0.45,0.45,0.45,0.03,0.45,0.0,30.0,0.8175744761936437,0.7499476922271856,0.0,0.0,0.1,0.16666666666666666,0.0,0.0,0.25,0.25,0.25,0.25,0.45,0.45,0.45,0.45,0.7692307692307692,0.7692307692307692,1.3,1,0.534163236082848,0.45,0.44999999999999996,0.0,0.425,0.25
İstanbul-2026-09-09-2,2026-09-09,2026-09-09 14:00:00,AKÇAALİ-2,2,57.0,1300.0,10.0,0.45,0.45,0.45,0.03,0.45,0.0,30.0,0.8175744761936437,0.7499476922271856,0.0,0.0,0.1,0.16666666666666666,0.0,0.0,0.25,0.25,0.25,0.25,0.45,0.45,0.45,0.45,0.1818181818181818,0.18181818181818182,5.5,0,0.12625676489230953,0.45,0.44999999999999996,0.0,0.425,0.25
İstanbul-2026-09-09-2,2026-09-09,2026-09-09 14:00:00,BOZAĞIN KRALI-3,3,53.0,1300.0,10.0,0.45,0.45,0.45,0.03,0.45,0.0,30.0,0.8175744761936437,0.7499476922271856,0.0,0.0,0.1,0.16666666666666666,0.0,0.0,0.25,0.25,0.25,0.25,0.45,0.45,0.45,0.45,0.0130039011703511,0.013003901170351105,76.9,0,0.009030067710113162,0.45,0.44999999999999996,0.0,0.425,0.25
İstanbul-2026-09-09-2,2026-09-09,2026-09-09 14:00:00,KAHRAMAN FATİH-4,4,57.0,1300.0,10.0,0.45,0.45,0.45,0.03,0.45,0.0,30.0,0.8175744761936437,0.7499476922271856,0.0,0.0,0.1,0.16666666666666666,0.0,0.0,0.25,0.25,0.25,0.25,0.45,0.45,0.45,0.45,0.2666666666666666,0.26666666666666666,3.75,0,0.18517658850872062,0.45,0.44999999999999996,0.0,0.425,0.25
İstanbul-2026-09-09-2,2026-09-09,2026-09-09 14:00:00,KARANLIK-5,5,54.0,1300.0,10.0,0.45,0.45,0.45,0.03,0.45,0.0,30.0,0.8175744761936437,0.7499476922271856,0.0,0.0,0.1,0.16666666666666666,0.0,0.0,0.25,0.25,0.25,0.25,0.45,0.45,0.45,0.45,0.043859649122807,0.043859649122807015,22.8,0,0.030456675741565888,0.45,0.44999999999999996,0.0,0.425,0.25
İstanbul-2026-09-09-2,2026-09-09,2026-09-09 14:00:00,KÜÇÜK ŞOVALYE-6,6,57.0,1300.0,10.0,0.45,0.45,0.45,0.03,0.45,0.0,30.0,0.8175744761936437,0.7499476922271856,0.0,0.0,0.1,0.16666666666666666,0.0,0.0,0.25,0.25,0.25,0.25,0.45,0.45,0.45,0.45,0.0378787878787878,0.03787878787878788,26.4,0,0.026303492685897763,0.45,0.44999999999999996,0.0,0.425,0.25
İstanbul-2026-09-09-2,2026-09-09,2026-09-09 14:00:00,ROSSİMAN-7,7,57.0,1300.0,10.0,0.45,0.45,0.45,0.03,0.45,0.0,30.0,0.8175744761936437,0.7499476922271856,0.0,0.0,0.1,0.16666666666666666,0.0,0.0,0.25,0.25,0.25,0.25,0.45,0.45,0.45,0.45,0.0335570469798657,0.03355704697986577,29.8,0,0.023302423050593997,0.45,0.44999999999999996,0.0,0.425,0.25
İstanbul-2026-09-09-2,2026-09-09,2026-09-09 14:00:00,BEŞPINAR-8,8,55.0,1300.0,10.0,0.45,0.45,0.45,0.03,0.45,0.0,30.0,0.8175744761936437,0.7499476922271856,0.0,0.0,0.1,0.16666666666666666,0.0,0.0,0.25,0.25,0.25,0.25,0.45,0.45,0.45,0.45,0.0497512437810945,0.04975124378109452,20.1,0,0.034547870990432945,0.45,0.44999999999999996,0.0,0.425,0.25
İstanbul-2026-09-09-2,2026-09-09,2026-09-09 14:00:00,BİTTER ÇİKOLATA-9,9,52.0,1300.0,10.0,0.45,0.45,0.45,0.03,0.45,0.0,30.0,0.8175744761936437,0.7499476922271856,0.0,0.0,0.1,0.16666666666666666,0.0,0.0,0.25,0.25,0.25,0.25,0.45,0.45,0.45,0.45,0.0327332242225859,0.03273322422258593,30.55,0,0.02273035047161054,0.45,0.44999999999999996,0.0,0.425,0.25
İstanbul-2026-09-09-2,2026-09-09,2026-09-09 14:00:00,GÜNKARİ-10,10,53.0,1300.0,10.0,0.45,0.45,0.45,0.03,0.45,0.0,30.0,0.8175744761936437,0.7499476922271856,0.0,0.0,0.1,0.16666666666666666,0.0,0.0,0.25,0.25,0.25,0.25,0.45,0.45,0.45,0.45,0.0115673799884326,0.01156737998843262,86.45,0,0.008032529865907476,0.45,0.44999999999999996,0.0,0.425,0.25
İstanbul-2026-09-09-3,2026-09-09,2026-09-09 14:30:00,SLUICIFER-1,1,59.0,1200.0,7.0,0.45,0.45,0.45,0.03,0.45,0.0,30.0,0.8175744761936437,0.7499476922271856,0.0,0.0,0.1,0.16666666666666666,0.0,0.0,0.25,0.25,0.25,0.25,0.45,0.45,0.45,0.45,0.2061855670103093,0.2061855670103093,4.85,0,0.14284668172447712,0.45,0.44999999999999996,0.0,0.425,0.25
İstanbul-2026-09-09-3,2026-09-09,2026-09-09 14:30:00,ART OF VICTORY-2,2,54.0,1200.0,7.0,0.45,0.45,0.45,0.03,0.45,0.0,30.0,0.8175744761936437,0.7499476922271856,0.0,0.0,0.1,0.16666666666666666,0.0,0.0,0.25,0.25,0.25,0.25,0.45,0.45,0.45,0.45,0.0529100529100529,0.052910052910052914,18.9,0,0.03665642361712772,0.45,0.44999999999999996,0.0,0.425,0.25
İstanbul-2026-09-09-3,2026-09-09,2026-09-09 14:30:00,BLESSED STORM  K Kulaklık takılacağını ifade eder.-3,3,57.0,1200.0,7.0,0.45,0.45,0.45,0.03,0.45,0.0,30.0,0.8175744761936437,0.7499476922271856,0.0,0.0,0.1,0.16666666666666666,0.0,0.0,0.25,0.25,0.25,0.25,0.45,0.45,0.45,0.45,0.2127659574468085,0.2127659574468085,4.7,0,0.14740561837525828,0.45,0.44999999999999996,0.0,0.425,0.25
İstanbul-2026-09-09-3,2026-09-09,2026-09-09 14:30:00,KARTAL-4,4,57.0,1200.0,7.0,0.45,0.45,0.45,0.03,0.45,0.0,30.0,0.8175744761936437,0.7499476922271856,0.0,0.0,0.1,0.16666666666666666,0.0,0.0,0.25,0.25,0.25,0.25,0.45,0.45,0.45,0.45,0.6896551724137931,0.6896551724137931,1.45,1,0.4777975216301476,0.45,0.44999999999999996,0.0,0.425,0.25
İstanbul-2026-09-09-3,2026-09-09,2026-09-09 14:30:00,ATOMIC AGE-5,5,55.0,1200.0,7.0,0.45,0.45,0.45,0.03,0.45,0.0,30.0,0.8175744761936437,0.7499476922271856,0.0,0.0,0.1,0.16666666666666666,0.0,0.0,0.25,0.25,0.25,0.25,0.45,0.45,0.45,0.45,0.2083333333333333,0.20833333333333334,4.8,0,0.14433466799244038,0.45,0.44999999999999996,0.0,0.425,0.25
İstanbul-2026-09-09-3,2026-09-09,2026-09-09 14:30:00,SPIDER-6,6,55.0,1200.0,7.0,0.45,0.45,0.45,0.03,0.45,0.0,30.0,0.8175744761936437,0.7499476922271856,0.0,0.0,0.1,0.16666666666666666,0.0,0.0,0.25,0.25,0.25,0.25,0.45,0.45,0.45,0.45,0.0568181818181818,0.056818181818181816,17.6,0,0.03936400036157465,0.45,0.44999999999999996,0.0,0.425,0.25
İstanbul-2026-09-09-3,2026-09-09,2026-09-09 14:30:00,KUZGUN GÖKMEN-7,7,50.0,1200.0,7.0,0.45,0.45,0.45,0.03,0.45,0.0,30.0,0.8175744761936437,0.7499476922271856,0.0,0.0,0.1,0.16666666666666666,0.0,0.0,0.25,0.25,0.25,0.25,0.45,0.45,0.45,0.45,0.0167364016736401,0.016736401673640166,59.75,0,0.011595086298974246,0.45,0.44999999999999996,0.0,0.425,0.25
İstanbul-2026-09-09-4,2026-09-09,2026-09-09 15:00:00,SPLENDID-1,1,60.0,2000.0,4.0,0.45,0.45,0.45,0.03,0.45,0.0,30.0,0.8175744761936437,0.7499476922271856,0.0,0.0,0.1,0.16666666666666666,0.0,0.0,0.25,0.25,0.25,0.25,0.45,0.45,0.45,0.45,0.425531914893617,0.425531914893617,2.35,0,0.2955729537366548,0.45,0.45,0.0,0.425,0.25
İstanbul-2026-09-09-4,2026-09-09,2026-09-09 15:00:00,VISENYA-2,2,60.0,2000.0,4.0,0.45,0.45,0.45,0.03,0.45,0.0,30.0,0.8175744761936437,0.7499476922271856,0.0,0.0,0.1,0.16666666666666666,0.0,0.0,0.25,0.25,0.25,0.25,0.45,0.45,0.45,0.45,0.6896551724137931,0.6896551724137931,1.45,1,0.47903202846975096,0.45,0.45,0.0,0.425,0.25
İstanbul-2026-09-09-4,2026-09-09,2026-09-09 15:00:00,CAPE COD  K Kulaklık takılacağını ifade eder.-3,3,57.0,2000.0,4.0,0.45,0.45,0.45,0.03,0.45,0.0,30.0,0.8175744761936437,0.7499476922271856,0.0,0.0,0.1,0.16666666666666666,0.0,0.0,0.25,0.25,0.25,0.25,0.45,0.45,0.45,0.45,0.2127659574468085,0.2127659574468085,4.7,0,0.1477864768683274,0.45,0.45,0.0,0.425,0.25
İstanbul-2026-09-09-4,2026-09-09,2026-09-09 15:00:00,JIMDEMA  K Kulaklık takılacağını ifade eder.-4,4,56.0,2000.0,4.0,0.45,0.45,0.45,0.03,0.45,0.0,30.0,0.8175744761936437,0.7499476922271856,0.0,0.0,0.1,0.16666666666666666,0.0,0.0,0.25,0.25,0.25,0.25,0.45,0.45,0.45,0.45,0.111731843575419,0.111731843575419,8.95,0,0.07760854092526691,0.45,0.45,0.0,0.425,0.25
İstanbul-2026-09-09-5,2026-09-09,2026-09-09 15:30:00,BALKIBEY-1,1,57.0,1300.0,11.0,0.45,0.45,0.45,0.03,0.45,0.0,30.0,0.8175744761936437,0.7499476922271856,0.0,0.0,0.1,0.16666666666666666,0.0,0.0,0.25,0.25,0.25,0.25,0.45,0.45,0.45,0.45,0.4,0.4,2.5,0,0.24626935877074269,0.45,0.45,0.0,0.425,0.25
İstanbul-2026-09-09-5,2026-09-09,2026-09-09 15:30:00,EFE KAPTAN-2,2,57.0,1300.0,11.0,0.45,0.45,0.45,0.03,0.45,0.0,30.0,0.8175744761936437,0.7499476922271856,0.0,0.0,0.1,0.16666666666666666,0.0,0.0,0.25,0.25,0.25,0.25,0.45,0.45,0.45,0.45,0.1234567901234568,0.1234567901234568,8.1,0,0.07600906134899466,0.45,0.45,0.0,0.425,0.25
İstanbul-2026-09-09-5,2026-09-09,2026-09-09 15:30:00,ERYÜREKLİ-3,3,53.0,1300.0,11.0,0.45,0.45,0.45,0.03,0.45,0.0,30.0,0.8175744761936437,0.7499476922271856,0.0,0.0,0.1,0.16666666666666666,0.0,0.0,0.25,0.25,0.25,0.25,0.45,0.45,0.45,0.45,0.0419287211740041,0.04192872117400419,23.85,0,0.025814398193998125,0.45,0.45,0.0,0.425,0.25
İstanbul-2026-09-09-5,2026-09-09,2026-09-09 15:30:00,FAROZ-4,4,57.0,1300.0,11.0,0.45,0.45,0.45,0.03,0.45,0.0,30.0,0.8175744761936437,0.7499476922271856,0.0,0.0,0.1,0.16666666666666666,0.0,0.0,0.25,0.25,0.25,0.25,0.45,0.45,0.45,0.45,0.1081081081081081,0.10810810810810811,9.25,0,0.06655928615425477,0.45,0.45,0.0,0.425,0.25
İstanbul-2026-09-09-5,2026-09-09,2026-09-09 15:30:00,ÖZGÜR-5,5,57.0,1300.0,11.0,0.45,0.45,0.45,0.03,0.45,0.0,30.0,0.8175744761936437,0.7499476922271856,0.0,0.0,0.1,0.16666666666666666,0.0,0.0,0.25,0.25,0.25,0.25,0.45,0.45,0.45,0.45,0.1639344262295082,0.1639344262295082,6.1,1,0.10093006506997652,0.45,0.45,0.0,0.425,0.25
İstanbul-2026-09-09-5,2026-09-09,2026-09-09 15:30:00,ŞAFAKBERK-6,6,57.0,1300.0,11.0,0.45,0.45,0.45,0.03,0.45,0.0,30.0,0.8175744761936437,0.7499476922271856,0.0,0.0,0.1,0.16666666666666666,0.0,0.0,0.25,0.25,0.25,0.25,0.45,0.45,0.45,0.45,0.1652892561983471,0.1652892561983471,6.05,0,0.10176419783914988,0.45,0.45,0.0,0.425,0.25
İstanbul-2026-09-09-5,2026-09-09,2026-09-09 15:30:00,TUGUNTAY-7,7,54.0,1300.0,11.0,0.45,0.45,0.45,0.03,0.45,0.0,30.0,0.8175744761936437,0.7499476922271856,0.0,0.0,0.1,0.16666666666666666,0.0,0.0,0.25,0.25,0.25,0.25,0.45,0.45,0.45,0.45,0.1904761904761904,0.19047619047619047,5.25,0,0.11727112322416314,0.45,0.45,0.0,0.425,0.25
İstanbul-2026-09-09-5,2026-09-09,2026-09-09 15:30:00,ÇİLDUTAY-8,8,60.0,1300.0,11.0,0.45,0.45,0.45,0.03,0.45,0.0,30.0,0.8175744761936437,0.7499476922271856,0.0,0.0,0.1,0.16666666666666666,0.0,0.0,0.25,0.25,0.25,0.25,0.45,0.45,0.45,0.45,0.1904761904761904,0.19047619047619047,5.25,0,0.11727112322416314,0.45,0.45,0.0,0.425,0.25
İstanbul-2026-09-09-5,2026-09-09,2026-09-09 15:30:00,NİSAM-9,9,57.0,1300.0,11.0,0.45,0.45,0.45,0.03,0.45,0.0,30.0,0.8175744761936437,0.7499476922271856,0.0,0.0,0.1,0.16666666666666666,0.0,0.0,0.25,0.25,0.25,0.25,0.45,0.45,0.45,0.45,0.1408450704225352,0.14084507042253522,7.1,0,0.08671456294744459,0.45,0.45,0.0,0.425,0.25
İstanbul-2026-09-09-5,2026-09-09,2026-09-09 15:30:00,HAMZA KIZI-10,10,55.0,1300.0,11.0,0.45,0.45,0.45,0.03,0.45,0.0,30.0,0.8175744761936437,0.7499476922271856,0.0,0.0,0.1,0.16666666666666666,0.0,0.0,0.25,0.25,0.25,0.25,0.45,0.45,0.45,0.45,0.0766283524904214,0.07662835249042145,13.05,0,0.0471780380786863,0.45,0.45,0.0,0.425,0.25
İstanbul-2026-09-09-5,2026-09-09,2026-09-09 15:30:00,NESLİHAN HATUN-11,11,55.0,1300.0,11.0,0.45,0.45,0.45,0.03,0.45,0.0,30.0,0.8175744761936437,0.7499476922271856,0.0,0.0,0.1,0.16666666666666666,0.0,0.0,0.25,0.25,0.25,0.25,0.45,0.45,0.45,0.45,0.023094688221709,0.023094688221709007,43.3,0,0.014218785148426248,0.45,0.45,0.0,0.425,0.25
İstanbul-2026-09-09-6,2026-09-09,2026-09-09 16:00:00,BOLD RUNNER  K Kulaklık takılacağını ifade eder.-1,1,62.0,1900.0,14.0,0.45,0.45,0.45,0.03,0.45,0.0,30.0,0.8175744761936437,0.7499476922271856,0.0,0.0,0.1,0.16666666666666666,0.0,0.0,0.25,0.25,0.25,0.25,0.45,0.45,0.45,0.45,0.0711743772241992,0.07117437722419928,14.05,0,0.04731965570042732,0.45,0.44999999999999996,0.0,0.425,0.25
İstanbul-2026-09-09-6,2026-09-09,2026-09-09 16:00:00,SÜPER HAN-2,2,60.0,1900.0,14.0,0.45,0.45,0.45,0.03,0.45,0.0,30.0,0.8175744761936437,0.7499476922271856,0.0,0.0,0.1,0.16666666666666666,0.0,0.0,0.25,0.25,0.25,0.25,0.45,0.45,0.45,0.45,0.4444444444444444,0.4444444444444444,2.25,1,0.29548496115155765,0.45,0.44999999999999996,0.0,0.425,0.25
İstanbul-2026-09-09-6,2026-09-09,2026-09-09 16:00:00,GLONASS-3,3,57.0,1900.0,14.0,0.45,0.45,0.45,0.03,0.45,0.0,30.0,0.8175744761936437,0.7499476922271856,0.0,0.0,0.1,0.16666666666666666,0.0,0.0,0.25,0.25,0.25,0.25,0.45,0.45,0.45,0.45,0.1219512195121951,0.12195121951219513,8.2,0,0.08107819055987862,0.45,0.44999999999999996,0.0,0.425,0.25
İstanbul-2026-09-09-6,2026-09-09,2026-09-09 16:00:00,MR HERMES-4,4,59.0,1900.0,14.0,0.45,0.45,0.45,0.03,0.45,0.0,30.0,0.8175744761936437,0.7499476922271856,0.0,0.0,0.1,0.16666666666666666,0.0,0.0,0.25,0.25,0.25,0.25,0.45,0.45,0.45,0.45,0.2083333333333333,0.20833333333333334,4.8,0,0.13850857553979262,0.45,0.44999999999999996,0.0,0.425,0.25
İstanbul-2026-09-09-6,2026-09-09,2026-09-09 16:00:00,PEVRUL-5,5,59.0,1900.0,14.0,0.45,0.45,0.45,0.03,0.45,0.0,30.0,0.8175744761936437,0.7499476922271856,0.0,0.0,0.1,0.16666666666666666,0.0,0.0,0.25,0.25,0.25,0.25,0.45,0.45,0.45,0.45,0.1666666666666666,0.16666666666666666,6.0,0,0.11080686043183409,0.45,0.44999999999999996,0.0,0.425,0.25
İstanbul-2026-09-09-6,2026-09-09,2026-09-09 16:00:00,BOUNDLESS GLORY-6,6,57.5,1900.0,14.0,0.45,0.45,0.45,0.03,0.45,0.0,30.0,0.8175744761936437,0.7499476922271856,0.0,0.0,0.1,0.16666666666666666,0.0,0.0,0.25,0.25,0.25,0.25,0.45,0.45,0.45,0.45,0.0714285714285714,0.9900990099009901,0.0,0,0.04748865447078603,0.45,0.44999999999999996,0.0,0.425,0.25
İstanbul-2026-09-09-6,2026-09-09,2026-09-09 16:00:00,TERZO MILLENNIO-7,7,51.5,1900.0,14.0,0.45,0.45,0.45,0.03,0.45,0.0,30.0,0.8175744761936437,0.7499476922271856,0.0,0.0,0.1,0.16666666666666666,0.0,0.0,0.25,0.25,0.25,0.25,0.45,0.45,0.45,0.45,0.0211640211640211,0.021164021164021163,47.25,0,0.014070712435788418,0.45,0.44999999999999996,0.0,0.425,0.25
İstanbul-2026-09-09-6,2026-09-09,2026-09-09 16:00:00,REGAL BELLE-8,8,54.0,1900.0,14.0,0.45,0.45,0.45,0.03,0.45,0.0,30.0,0.8175744761936437,0.7499476922271856,0.0,0.0,0.1,0.16666666666666666,0.0,0.0,0.25,0.25,0.25,0.25,0.45,0.45,0.45,0.45,0.0115540150202195,0.011554015020219527,86.55,0,0.007681584778636664,0.45,0.44999999999999996,0.0,0.425,0.25
İstanbul-2026-09-09-6,2026-09-09,2026-09-09 16:00:00,SCARGIVER-9,9,54.0,1900.0,14.0,0.45,0.45,0.45,0.03,0.45,0.0,30.0,0.8175744761936437,0.7499476922271856,0.0,0.0,0.1,0.16666666666666666,0.0,0.0,0.25,0.25,0.25,0.25,0.45,0.45,0.45,0.45,0.099009900990099,0.09900990099009901,10.1,0,0.0658258576822777,0.45,0.44999999999999996,0.0,0.425,0.25
İstanbul-2026-09-09-6,2026-09-09,2026-09-09 16:00:00,GENERAL EL CID-10,10,52.5,1900.0,14.0,0.45,0.45,0.45,0.03,0.45,0.0,30.0,0.8175744761936437,0.7499476922271856,0.0,0.0,0.1,0.16666666666666666,0.0,0.0,0.25,0.25,0.25,0.25,0.45,0.45,0.45,0.45,0.1265822784810126,0.12658227848101264,7.9,0,0.08415710918873474,0.45,0.44999999999999996,0.0,0.425,0.25
İstanbul-2026-09-09-6,2026-09-09,2026-09-09 16:00:00,PERA CORDELIA-11,11,52.0,1900.0,14.0,0.45,0.45,0.45,0.03,0.45,0.0,30.0,0.8175744761936437,0.7499476922271856,0.0,0.0,0.1,0.16666666666666666,0.0,0.0,0.25,0.25,0.25,0.25,0.45,0.45,0.45,0.45,0.0432900432900432,0.04329004329004329,23.1,0,0.028781002709567245,0.45,0.44999999999999996,0.0,0.425,0.25
İstanbul-2026-09-09-6,2026-09-09,2026-09-09 16:00:00,VALTROX-12,12,52.0,1900.0,14.0,0.45,0.45,0.45,0.03,0.45,0.0,30.0,0.8175744761936437,0.7499476922271856,0.0,0.0,0.1,0.16666666666666666,0.0,0.0,0.25,0.25,0.25,0.25,0.45,0.45,0.45,0.45,0.0677966101694915,0.06779661016949153,14.75,0,0.04507397712481386,0.45,0.44999999999999996,0.0,0.425,0.25
İstanbul-2026-09-09-6,2026-09-09,2026-09-09 16:00:00,INVINCIBLE ARES-13,13,52.0,1900.0,14.0,0.45,0.45,0.45,0.03,0.45,0.0,30.0,0.8175744761936437,0.7499476922271856,0.0,0.0,0.1,0.16666666666666666,0.0,0.0,0.25,0.25,0.25,0.25,0.45,0.45,0.45,0.45,0.0231749710312862,0.023174971031286212,43.15,0,0.015407674683453172,0.45,0.44999999999999996,0.0,0.425,0.25
İstanbul-2026-09-09-6,2026-09-09,2026-09-09 16:00:00,MR EKO-14,14,48.0,1900.0,14.0,0.45,0.45,0.45,0.03,0.45,0.0,30.0,0.8175744761936437,0.7499476922271856,0.0,0.0,0.1,0.16666666666666666,0.0,0.0,0.25,0.25,0.25,0.25,0.45,0.45,0.45,0.45,0.0275482093663911,0.027548209366391185,36.3,0,0.018315183542451863,0.45,0.44999999999999996,0.0,0.425,0.25
İstanbul-2026-09-09-7,2026-09-09,2026-09-09 16:30:00,MİR EMRE  K Kulaklık takılacağını ifade eder.-1,1,58.5,1900.0,6.0,0.45,0.45,0.45,0.03,0.45,0.0,30.0,0.8175744761936437,0.7499476922271856,0.0,0.0,0.1,0.16666666666666666,0.0,0.0,0.25,0.25,0.25,0.25,0.45,0.45,0.45,0.45,0.6896551724137931,0.6896551724137931,1.45,0,0.42952063316859335,0.45,0.45,0.0,0.425,0.25
İstanbul-2026-09-09-7,2026-09-09,2026-09-09 16:30:00,TOUCH THE CLOUD-2,2,60.0,1900.0,6.0,0.45,0.45,0.45,0.03,0.45,0.0,30.0,0.8175744761936437,0.7499476922271856,0.0,0.0,0.1,0.16666666666666666,0.0,0.0,0.25,0.25,0.25,0.25,0.45,0.45,0.45,0.45,0.2941176470588235,0.29411764705882354,3.4,0,0.18317791708660594,0.45,0.45,0.0,0.425,0.25
İstanbul-2026-09-09-7,2026-09-09,2026-09-09 16:30:00,ATOMIC CAT-3,3,59.5,1900.0,6.0,0.45,0.45,0.45,0.03,0.45,0.0,30.0,0.8175744761936437,0.7499476922271856,0.0,0.0,0.1,0.16666666666666666,0.0,0.0,0.25,0.25,0.25,0.25,0.45,0.45,0.45,0.45,0.1526717557251908,0.15267175572519084,6.55,1,0.0950847203197649,0.45,0.45,0.0,0.425,0.25
İstanbul-2026-09-09-7,2026-09-09,2026-09-09 16:30:00,PLAYMAKER-4,4,60.0,1900.0,6.0,0.45,0.45,0.45,0.03,0.45,0.0,30.0,0.8175744761936437,0.7499476922271856,0.0,0.0,0.1,0.16666666666666666,0.0,0.0,0.25,0.25,0.25,0.25,0.45,0.45,0.45,0.45,0.0393700787401574,0.03937007874015748,25.4,0,0.024519878665136184,0.45,0.45,0.0,0.425,0.25
İstanbul-2026-09-09-7,2026-09-09,2026-09-09 16:30:00,ROYAL TOUCH K Kulaklık takılacağını ifade eder.-5,5,52.5,1900.0,6.0,0.45,0.45,0.45,0.03,0.45,0.0,30.0,0.8175744761936437,0.7499476922271856,0.0,0.0,0.1,0.16666666666666666,0.0,0.0,0.25,0.25,0.25,0.25,0.45,0.45,0.45,0.45,0.1666666666666666,0.9900990099009901,0.0,0,0.10380081968241002,0.45,0.45,0.0,0.425,0.25
İstanbul-2026-09-09-7,2026-09-09,2026-09-09 16:30:00,HARD LION-6,6,53.5,1900.0,6.0,0.45,0.45,0.45,0.03,0.45,0.0,30.0,0.8175744761936437,0.7499476922271856,0.0,0.0,0.1,0.16666666666666666,0.0,0.0,0.25,0.25,0.25,0.25,0.45,0.45,0.45,0.45,0.2631578947368421,0.2631578947368421,3.8,0,0.16389603107748954,0.45,0.45,0.0,0.425,0.25
İstanbul-2026-09-09-8,2026-09-09,2026-09-09 17:00:00,SUPER TOMO-1,1,60.0,1600.0,7.0,0.45,0.45,0.45,0.03,0.45,0.0,30.0,0.8175744761936437,0.7499476922271856,0.0,0.0,0.1,0.16666666666666666,0.0,0.0,0.25,0.25,0.25,0.25,0.45,0.45,0.45,0.45,0.1666666666666666,0.16666666666666666,6.0,0,0.11593220553557369,0.45,0.44999999999999996,0.0,0.425,0.25
İstanbul-2026-09-09-8,2026-09-09,2026-09-09 17:00:00,GOLDRAKHAN-2,2,58.0,1600.0,7.0,0.45,0.45,0.45,0.03,0.45,0.0,30.0,0.8175744761936437,0.7499476922271856,0.0,0.0,0.1,0.16666666666666666,0.0,0.0,0.25,0.25,0.25,0.25,0.45,0.45,0.45,0.45,0.4651162790697674,0.46511627906976744,2.15,0,0.3235317363783453,0.45,0.44999999999999996,0.0,0.425,0.25
İstanbul-2026-09-09-8,2026-09-09,2026-09-09 17:00:00,HİDAN  SKG-3,3,58.0,1600.0,7.0,0.45,0.45,0.45,0.03,0.45,0.0,30.0,0.8175744761936437,0.7499476922271856,0.0,0.0,0.1,0.16666666666666666,0.0,0.0,0.25,0.25,0.25,0.25,0.45,0.45,0.45,0.45,0.1273885350318471,0.12738853503184713,7.85,0,0.0886106029571264,0.45,0.44999999999999996,0.0,0.425,0.25
İstanbul-2026-09-09-8,2026-09-09,2026-09-09 17:00:00,JAZZ RUNNER-4,4,58.0,1600.0,7.0,0.45,0.45,0.45,0.03,0.45,0.0,30.0,0.8175744761936437,0.7499476922271856,0.0,0.0,0.1,0.16666666666666666,0.0,0.0,0.25,0.25,0.25,0.25,0.45,0.45,0.45,0.45,0.3846153846153846,0.3846153846153846,2.6,0,0.2675358589282471,0.45,0.44999999999999996,0.0,0.425,0.25
İstanbul-2026-09-09-8,2026-09-09,2026-09-09 17:00:00,SNOW LEOPARD-5,5,58.0,1600.0,7.0,0.45,0.45,0.45,0.03,0.45,0.0,30.0,0.8175744761936437,0.7499476922271856,0.0,0.0,0.1,0.16666666666666666,0.0,0.0,0.25,0.25,0.25,0.25,0.45,0.45,0.45,0.45,0.0324675324675324,0.032467532467532464,30.8,0,0.02258419588355328,0.45,0.44999999999999996,0.0,0.425,0.25
İstanbul-2026-09-09-8,2026-09-09,2026-09-09 17:00:00,TOUCH OF THUNDER-6,6,58.0,1600.0,7.0,0.45,0.45,0.45,0.03,0.45,0.0,30.0,0.8175744761936437,0.7499476922271856,0.0,0.0,0.1,0.16666666666666666,0.0,0.0,0.25,0.25,0.25,0.25,0.45,0.45,0.45,0.45,0.1526717557251908,0.15267175572519084,6.55,1,0.10619744018525835,0.45,0.44999999999999996,0.0,0.425,0.25
İstanbul-2026-09-09-8,2026-09-09,2026-09-09 17:00:00,TURAMUN-7,7,58.0,1600.0,7.0,0.45,0.45,0.45,0.03,0.45,0.0,30.0,0.8175744761936437,0.7499476922271856,0.0,0.0,0.1,0.16666666666666666,0.0,0.0,0.25,0.25,0.25,0.25,0.45,0.45,0.45,0.45,0.108695652173913,0.10869565217391305,9.2,0,0.07560796013189588,0.45,0.44999999999999996,0.0,0.425,0.25
İstanbul-2026-09-09-9,2026-09-09,2026-09-09 17:30:00,ALTIN ADAM-1,1,57.0,1300.0,11.0,0.45,0.45,0.45,0.03,0.45,0.0,30.0,0.8175744761936437,0.7499476922271856,0.0,0.0,0.1,0.16666666666666666,0.0,0.0,0.25,0.25,0.25,0.25,0.45,0.45,0.45,0.45,0.0539083557951482,0.053908355795148244,18.55,0,0.03523520549701316,0.45,0.45,0.0,0.425,0.25
İstanbul-2026-09-09-9,2026-09-09,2026-09-09 17:30:00,ASMALI-2,2,57.0,1300.0,11.0,0.45,0.45,0.45,0.03,0.45,0.0,30.0,0.8175744761936437,0.7499476922271856,0.0,0.0,0.1,0.16666666666666666,0.0,0.0,0.25,0.25,0.25,0.25,0.45,0.45,0.45,0.45,0.1769911504424778,0.17699115044247787,5.65,0,0.11568372778222909,0.45,0.45,0.0,0.425,0.25
İstanbul-2026-09-09-9,2026-09-09,2026-09-09 17:30:00,BATAGAY-3,3,57.0,1300.0,11.0,0.45,0.45,0.45,0.03,0.45,0.0,30.0,0.8175744761936437,0.7499476922271856,0.0,0.0,0.1,0.16666666666666666,0.0,0.0,0.25,0.25,0.25,0.25,0.45,0.45,0.45,0.45,0.032258064516129,0.03225806451612903,31.0,0,0.021084292321599803,0.45,0.45,0.0,0.425,0.25
İstanbul-2026-09-09-9,2026-09-09,2026-09-09 17:30:00,BİGASİ-4,4,57.0,1300.0,11.0,0.45,0.45,0.45,0.03,0.45,0.0,30.0,0.8175744761936437,0.7499476922271856,0.0,0.0,0.1,0.16666666666666666,0.0,0.0,0.25,0.25,0.25,0.25,0.45,0.45,0.45,0.45,0.0505050505050505,0.050505050505050504,19.8,0,0.033010760705535075,0.45,0.45,0.0,0.425,0.25
İstanbul-2026-09-09-9,2026-09-09,2026-09-09 17:30:00,DEV YÜREK-5,5,57.0,1300.0,11.0,0.45,0.45,0.45,0.03,0.45,0.0,30.0,0.8175744761936437,0.7499476922271856,0.0,0.0,0.1,0.16666666666666666,0.0,0.0,0.25,0.25,0.25,0.25,0.45,0.45,0.45,0.45,0.5555555555555556,0.5555555555555556,1.8,1,0.3631183677608859,0.45,0.45,0.0,0.425,0.25
İstanbul-2026-09-09-9,2026-09-09,2026-09-09 17:30:00,FATİHİNASLANI-6,6,57.0,1300.0,11.0,0.45,0.45,0.45,0.03,0.45,0.0,30.0,0.8175744761936437,0.7499476922271856,0.0,0.0,0.1,0.16666666666666666,0.0,0.0,0.25,0.25,0.25,0.25,0.45,0.45,0.45,0.45,0.2564102564102564,0.25641025641025644,3.9,0,0.16759309281271656,0.45,0.45,0.0,0.425,0.25
İstanbul-2026-09-09-9,2026-09-09,2026-09-09 17:30:00,SAROZ BEYİ-7,7,57.0,1300.0,11.0,0.45,0.45,0.45,0.03,0.45,0.0,30.0,0.8175744761936437,0.7499476922271856,0.0,0.0,0.1,0.16666666666666666,0.0,0.0,0.25,0.25,0.25,0.25,0.45,0.45,0.45,0.45,0.0280898876404494,0.028089887640449437,35.6,0,0.018359917471056003,0.45,0.45,0.0,0.425,0.25
İstanbul-2026-09-09-9,2026-09-09,2026-09-09 17:30:00,TANKIZI-8,8,60.0,1300.0,11.0,0.45,0.45,0.45,0.03,0.45,0.0,30.0,0.8175744761936437,0.7499476922271856,0.0,0.0,0.1,0.16666666666666666,0.0,0.0,0.25,0.25,0.25,0.25,0.45,0.45,0.45,0.45,0.2247191011235955,0.2247191011235955,4.45,0,0.14687933976844822,0.45,0.45,0.0,0.425,0.25
İstanbul-2026-09-09-9,2026-09-09,2026-09-09 17:30:00,ALCANZAR-9,9,55.0,1300.0,11.0,0.45,0.45,0.45,0.03,0.45,0.0,30.0,0.8175744761936437,0.7499476922271856,0.0,0.0,0.1,0.16666666666666666,0.0,0.0,0.25,0.25,0.25,0.25,0.45,0.45,0.45,0.45,0.0471698113207547,0.04716981132075472,21.2,0,0.03083080480988653,0.45,0.45,0.0,0.425,0.25
İstanbul-2026-09-09-9,2026-09-09,2026-09-09 17:30:00,GÜZEL BANU-10,10,54.0,1300.0,11.0,0.45,0.45,0.45,0.03,0.45,0.0,30.0,0.8175744761936437,0.7499476922271856,0.0,0.0,0.1,0.16666666666666666,0.0,0.0,0.25,0.25,0.25,0.25,0.45,0.45,0.45,0.45,0.0909090909090909,0.9900990099009901,0.0,0,0.05941936926996314,0.45,0.45,0.0,0.425,0.25
İstanbul-2026-09-09-9,2026-09-09,2026-09-09 17:30:00,İCLAL BİKE-11,11,52.0,1300.0,11.0,0.45,0.45,0.45,0.03,0.45,0.0,30.0,0.8175744761936437,0.7499476922271856,0.0,0.0,0.1,0.16666666666666666,0.0,0.0,0.25,0.25,0.25,0.25,0.45,0.45,0.45,0.45,0.0134408602150537,0.013440860215053762,74.4,0,0.008785121800666552,0.45,0.45,0.0,0.425,0.25
Elazığ-2026-09-09-1,2026-09-09,2026-09-09 17:45:00,ATAKAYA HÜKÜMDARI-1,1,57.0,1200.0,11.0,0.45,0.45,0.45,0.03,0.45,0.0,30.0,0.8175744761936437,0.7499476922271856,0.0,0.0,0.1,0.16666666666666666,0.0,0.0,0.25,0.25,0.25,0.25,0.45,0.45,0.45,0.45,0.0419287211740041,0.04192872117400419,23.85,0,0.027745552333717546,0.45,0.45,0.0,0.425,0.25
Elazığ-2026-09-09-1,2026-09-09,2026-09-09 17:45:00,KİNG BEDİRHAN-2,2,54.0,1200.0,11.0,0.45,0.45,0.45,0.03,0.45,0.0,30.0,0.8175744761936437,0.7499476922271856,0.0,0.0,0.1,0.16666666666666666,0.0,0.0,0.25,0.25,0.25,0.25,0.45,0.45,0.45,0.45,0.0934579439252336,0.09345794392523366,10.7,0,0.061844058239174264,0.45,0.45,0.0,0.425,0.25
Elazığ-2026-09-09-1,2026-09-09,2026-09-09 17:45:00,MİRAÇHAT  SKG-3,3,57.0,1200.0,11.0,0.45,0.45,0.45,0.03,0.45,0.0,30.0,0.8175744761936437,0.7499476922271856,0.0,0.0,0.1,0.16666666666666666,0.0,0.0,0.25,0.25,0.25,0.25,0.45,0.45,0.45,0.45,0.045045045045045,0.04504504504504505,22.2,0,0.02980772176392632,0.45,0.45,0.0,0.425,0.25
Elazığ-2026-09-09-1,2026-09-09,2026-09-09 17:45:00,MİRZACAN  SKG-4,4,57.0,1200.0,11.0,0.45,0.45,0.45,0.03,0.45,0.0,30.0,0.8175744761936437,0.7499476922271856,0.0,0.0,0.1,0.16666666666666666,0.0,0.0,0.25,0.25,0.25,0.25,0.45,0.45,0.45,0.45,0.303030303030303,0.30303030303030304,3.3,0,0.2005246736845954,0.45,0.45,0.0,0.425,0.25
Elazığ-2026-09-09-1,2026-09-09,2026-09-09 17:45:00,URFA KAPLANI-5,5,57.0,1200.0,11.0,0.45,0.45,0.45,0.03,0.45,0.0,30.0,0.8175744761936437,0.7499476922271856,0.0,0.0,0.1,0.16666666666666666,0.0,0.0,0.25,0.25,0.25,0.25,0.45,0.45,0.45,0.45,0.0947867298578199,0.0947867298578199,10.55,0,0.06272335764541848,0.45,0.45,0.0,0.425,0.25
Elazığ-2026-09-09-1,2026-09-09,2026-09-09 17:45:00,PRENSES FADİLE-6,6,58.0,1200.0,11.0,0.45,0.45,0.45,0.03,0.45,0.0,30.0,0.8175744761936437,0.7499476922271856,0.0,0.0,0.1,0.16666666666666666,0.0,0.0,0.25,0.25,0.25,0.25,0.45,0.45,0.45,0.45,0.1694915254237288,0.1694915254237288,5.9,0,0.11215786833206184,0.45,0.45,0.0,0.425,0.25
Elazığ-2026-09-09-1,2026-09-09,2026-09-09 17:45:00,ELİFİN IŞIĞI-7,7,57.0,1200.0,11.0,0.45,0.45,0.45,0.03,0.45,0.0,30.0,0.8175744761936437,0.7499476922271856,0.0,0.0,0.1,0.16666666666666666,0.0,0.0,0.25,0.25,0.25,0.25,0.45,0.45,0.45,0.45,0.238095238095238,0.23809523809523808,4.2,1,0.15755510075218207,0.45,0.45,0.0,0.425,0.25
Elazığ-2026-09-09-1,2026-09-09,2026-09-09 17:45:00,ALGHABRA-8,8,55.0,1200.0,11.0,0.45,0.45,0.45,0.03,0.45,0.0,30.0,0.8175744761936437,0.7499476922271856,0.0,0.0,0.1,0.16666666666666666,0.0,0.0,0.25,0.25,0.25,0.25,0.45,0.45,0.45,0.45,0.0778210116731517,0.07782101167315175,12.85,0,0.05149660880616066,0.45,0.45,0.0,0.425,0.25
Elazığ-2026-09-09-1,2026-09-09,2026-09-09 17:45:00,FATMA ŞAH-9,9,54.0,1200.0,11.0,0.45,0.45,0.45,0.03,0.45,0.0,30.0,0.8175744761936437,0.7499476922271856,0.0,0.0,0.1,0.16666666666666666,0.0,0.0,0.25,0.25,0.25,0.25,0.45,0.45,0.45,0.45,0.0188323917137476,0.018832391713747645,53.1,0,0.012461985370229064,0.45,0.45,0.0,0.425,0.25
Elazığ-2026-09-09-1,2026-09-09,2026-09-09 17:45:00,MAVİ DAMLA-10,10,55.0,1200.0,11.0,0.45,0.45,0.45,0.03,0.45,0.0,30.0,0.8175744761936437,0.7499476922271856,0.0,0.0,0.1,0.16666666666666666,0.0,0.0,0.25,0.25,0.25,0.25,0.45,0.45,0.45,0.45,0.0778210116731517,0.07782101167315175,12.85,0,0.05149660880616066,0.45,0.45,0.0,0.425,0.25
Elazığ-2026-09-09-1,2026-09-09,2026-09-09 17:45:00,SEYYARETAY-11,11,55.0,1200.0,11.0,0.45,0.45,0.45,0.03,0.45,0.0,30.0,0.8175744761936437,0.7499476922271856,0.0,0.0,0.1,0.16666666666666666,0.0,0.0,0.25,0.25,0.25,0.25,0.45,0.45,0.45,0.45,0.3508771929824561,0.3508771929824561,2.85,0,0.23218646426637365,0.45,0.45,0.0,0.425,0.25
İstanbul-2026-09-09-10,2026-09-09,2026-09-09 18:00:00,DURUSU BEYİ-1,1,59.0,1200.0,18.0,0.45,0.45,0.45,0.03,0.45,0.0,30.0,0.8175744761936437,0.7499476922271856,0.0,0.0,0.1,0.16666666666666666,0.0,0.0,0.25,0.25,0.25,0.25,0.45,0.45,0.45,0.45,0.1257861635220125,0.12578616352201258,7.95,0,0.0878763604655615,0.44999999999999996,0.44999999999999996,0.0,0.425,0.25
İstanbul-2026-09-09-10,2026-09-09,2026-09-09 18:00:00,TAHAYYÜL-2,2,59.0,1200.0,18.0,0.45,0.45,0.45,0.03,0.45,0.0,30.0,0.8175744761936437,0.7499476922271856,0.0,0.0,0.1,0.16666666666666666,0.0,0.0,0.25,0.25,0.25,0.25,0.45,0.45,0.45,0.45,0.1290322580645161,0.12903225806451613,7.75,0,0.09014413750983409,0.44999999999999996,0.44999999999999996,0.0,0.425,0.25
İstanbul-2026-09-09-10,2026-09-09,2026-09-09 18:00:00,KULAGER-3,3,57.0,1200.0,18.0,0.45,0.45,0.45,0.03,0.45,0.0,30.0,0.8175744761936437,0.7499476922271856,0.0,0.0,0.1,0.16666666666666666,0.0,0.0,0.25,0.25,0.25,0.25,0.45,0.45,0.45,0.45,0.0129870129870129,0.012987012987012988,77.0,0,0.009072948905210515,0.44999999999999996,0.44999999999999996,0.0,0.425,0.25
İstanbul-2026-09-09-10,2026-09-09,2026-09-09 18:00:00,LUSİA-4,4,57.0,1200.0,18.0,0.45,0.45,0.45,0.03,0.45,0.0,30.0,0.8175744761936437,0.7499476922271856,0.0,0.0,0.1,0.16666666666666666,0.0,0.0,0.25,0.25,0.25,0.25,0.45,0.45,0.45,0.45,0.0775193798449612,0.07751937984496124,12.9,0,0.054156361682264655,0.44999999999999996,0.44999999999999996,0.0,0.425,0.25
İstanbul-2026-09-09-10,2026-09-09,2026-09-09 18:00:00,ALKANLI-5,5,56.0,1200.0,18.0,0.45,0.45,0.45,0.03,0.45,0.0,30.0,0.8175744761936437,0.7499476922271856,0.0,0.0,0.1,0.16666666666666666,0.0,0.0,0.25,0.25,0.25,0.25,0.45,0.45,0.45,0.45,0.18348623853211,0.18348623853211007,5.45,0,0.12818661755985578,0.44999999999999996,0.44999999999999996,0.0,0.425,0.25
İstanbul-2026-09-09-10,2026-09-09,2026-09-09 18:00:00,ESEN BATU-6,6,56.0,1200.0,18.0,0.45,0.45,0.45,0.03,0.45,0.0,30.0,0.8175744761936437,0.7499476922271856,0.0,0.0,0.1,0.16666666666666666,0.0,0.0,0.25,0.25,0.25,0.25,0.45,0.45,0.45,0.45,0.0371057513914656,0.03710575139146568,26.95,0,0.025922711157744454,0.44999999999999996,0.44999999999999996,0.0,0.425,0.25
İstanbul-2026-09-09-10,2026-09-09,2026-09-09 18:00:00,KAHRAMAN EVLAT-7,7,54.0,1200.0,18.0,0.45,0.45,0.45,0.03,0.45,0.0,30.0,0.8175744761936437,0.7499476922271856,0.0,0.0,0.1,0.16666666666666666,0.0,0.0,0.25,0.25,0.25,0.25,0.45,0.45,0.45,0.45,0.0159362549800796,0.01593625498007968,62.75,0,0.011133339692449576,0.44999999999999996,0.44999999999999996,0.0,0.425,0.25
İstanbul-2026-09-09-10,2026-09-09,2026-09-09 18:00:00,KILIÇ İBO-8,8,56.0,1200.0,18.0,0.45,0.45,0.45,0.03,0.45,0.0,30.0,0.8175744761936437,0.7499476922271856,0.0,0.0,0.1,0.16666666666666666,0.0,0.0,0.25,0.25,0.25,0.25,0.45,0.45,0.45,0.45,0.175438596491228,0.17543859649122806,5.7,0,0.12256439749144107,0.44999999999999996,0.44999999999999996,0.0,0.425,0.25
İstanbul-2026-09-09-10,2026-09-09,2026-09-09 18:00:00,NAMSAL-9,9,56.0,1200.0,18.0,0.45,0.45,0.45,0.03,0.45,0.0,30.0,0.8175744761936437,0.7499476922271856,0.0,0.0,0.1,0.16666666666666666,0.0,0.0,0.25,0.25,0.25,0.25,0.45,0.45,0.45,0.45,0.4545454545454545,0.45454545454545453,2.2,1,0.3175532116823701,0.44999999999999996,0.44999999999999996,0.0,0.425,0.25
İstanbul-2026-09-09-10,2026-09-09,2026-09-09 18:00:00,KONAKLI-10,10,55.0,1200.0,18.0,0.45,0.45,0.45,0.03,0.45,0.0,30.0,0.8175744761936437,0.7499476922271856,0.0,0.0,0.1,0.16666666666666666,0.0,0.0,0.25,0.25,0.25,0.25,0.45,0.45,0.45,0.45,0.0124223602484472,0.012422360248447204,80.5,0,0.008678472865853592,0.44999999999999996,0.44999999999999996,0.0,0.425,0.25
İstanbul-2026-09-09-10,2026-09-09,2026-09-09 18:00:00,DİLAN KIZ-11,11,54.0,1200.0,18.0,0.45,0.45,0.45,0.03,0.45,0.0,30.0,0.8175744761936437,0.7499476922271856,0.0,0.0,0.1,0.16666666666666666,0.0,0.0,0.25,0.25,0.25,0.25,0.45,0.45,0.45,0.45,0.0520833333333333,0.052083333333333336,19.2,0,0.03638630550527156,0.44999999999999996,0.44999999999999996,0.0,0.425,0.25
İstanbul-2026-09-09-10,2026-09-09,2026-09-09 18:00:00,CABİRE SULTAN-12,12,52.0,1200.0,18.0,0.45,0.45,0.45,0.03,0.45,0.0,30.0,0.8175744761936437,0.7499476922271856,0.0,0.0,0.1,0.16666666666666666,0.0,0.0,0.25,0.25,0.25,0.25,0.45,0.45,0.45,0.45,0.0281293952180028,0.028129395218002815,35.55,0,0.01965167554715089,0.44999999999999996,0.44999999999999996,0.0,0.425,0.25
İstanbul-2026-09-09-10,2026-09-09,2026-09-09 18:00:00,MAHMUT USTA-13,13,52.0,1200.0,18.0,0.45,0.45,0.45,0.03,0.45,0.0,30.0,0.8175744761936437,0.7499476922271856,0.0,0.0,0.1,0.16666666666666666,0.0,0.0,0.25,0.25,0.25,0.25,0.45,0.45,0.45,0.45,0.0350262697022767,0.03502626970227671,28.55,0,0.024469949761863896,0.44999999999999996,0.44999999999999996,0.0,0.425,0.25
İstanbul-2026-09-09-10,2026-09-09,2026-09-09 18:00:00,ATARTAY-14,14,52.0,1200.0,18.0,0.45,0.45,0.45,0.03,0.45,0.0,30.0,0.8175744761936437,0.7499476922271856,0.0,0.0,0.1,0.16666666666666666,0.0,0.0,0.25,0.25,0.25,0.25,0.45,0.45,0.45,0.45,0.0097799511002444,0.009779951100244499,102.25,0,0.006832440740354106,0.44999999999999996,0.44999999999999996,0.0,0.425,0.25
İstanbul-2026-09-09-10,2026-09-09,2026-09-09 18:00:00,BABA ZAMAN-15,15,56.0,1200.0,18.0,0.45,0.45,0.45,0.03,0.45,0.0,30.0,0.8175744761936437,0.7499476922271856,0.0,0.0,0.1,0.16666666666666666,0.0,0.0,0.25,0.25,0.25,0.25,0.45,0.45,0.45,0.45,0.0408163265306122,0.04081632653061224,24.5,0,0.028514982273518924,0.44999999999999996,0.44999999999999996,0.0,0.425,0.25
İstanbul-2026-09-09-10,2026-09-09,2026-09-09 18:00:00,SUSADIM-16,16,53.0,1200.0,18.0,0.45,0.45,0.45,0.03,0.45,0.0,30.0,0.8175744761936437,0.7499476922271856,0.0,0.0,0.1,0.16666666666666666,0.0,0.0,0.25,0.25,0.25,0.25,0.45,0.45,0.45,0.45,0.0115540150202195,0.011554015020219527,86.55,0,0.008071832070493504,0.44999999999999996,0.44999999999999996,0.0,0.425,0.25
İstanbul-2026-09-09-10,2026-09-09,2026-09-09 18:00:00,TARLABAŞI-17,17,54.0,1200.0,18.0,0.45,0.45,0.45,0.03,0.45,0.0,30.0,0.8175744761936437,0.7499476922271856,0.0,0.0,0.1,0.16666666666666666,0.0,0.0,0.25,0.25,0.25,0.25,0.45,0.45,0.45,0.45,0.0118133490844654,0.011813349084465446,84.65,0,0.008253007273493346,0.44999999999999996,0.44999999999999996,0.0,0.425,0.25
İstanbul-2026-09-09-10,2026-09-09,2026-09-09 18:00:00,BİGBERK-18,18,54.0,1200.0,18.0,0.45,0.45,0.45,0.03,0.45,0.0,30.0,0.8175744761936437,0.7499476922271856,0.0,0.0,0.1,0.16666666666666666,0.0,0.0,0.25,0.25,0.25,0.25,0.45,0.45,0.45,0.45,0.0179372197309417,0.017937219730941704,55.75,0,0.012531247815268418,0.44999999999999996,0.44999999999999996,0.0,0.425,0.25
Elazığ-2026-09-09-2,2026-09-09,2026-09-09 18:30:00,ALPERİN KIZI-1,1,57.0,1200.0,6.0,0.45,0.45,0.45,0.03,0.45,0.0,30.0,0.8175744761936437,0.7499476922271856,0.0,0.0,0.1,0.16666666666666666,0.0,0.0,0.25,0.25,0.25,0.25,0.45,0.45,0.45,0.45,0.111731843575419,0.111731843575419,8.95,0,0.07764681906236422,0.45,0.45,0.0,0.425,0.25
Elazığ-2026-09-09-2,2026-09-09,2026-09-09 18:30:00,GODDESS OF BEAUTY-2,2,57.0,1200.0,6.0,0.45,0.45,0.45,0.03,0.45,0.0,30.0,0.8175744761936437,0.7499476922271856,0.0,0.0,0.1,0.16666666666666666,0.0,0.0,0.25,0.25,0.25,0.25,0.45,0.45,0.45,0.45,0.2898550724637681,0.2898550724637681,3.45,0,0.2014316030748289,0.45,0.45,0.0,0.425,0.25
Elazığ-2026-09-09-2,2026-09-09,2026-09-09 18:30:00,KING RHAEGAL-3,3,57.0,1200.0,6.0,0.45,0.45,0.45,0.03,0.45,0.0,30.0,0.8175744761936437,0.7499476922271856,0.0,0.0,0.1,0.16666666666666666,0.0,0.0,0.25,0.25,0.25,0.25,0.45,0.45,0.45,0.45,0.2222222222222222,0.2222222222222222,4.5,1,0.15443089569070215,0.45,0.45,0.0,0.425,0.25
Elazığ-2026-09-09-2,2026-09-09,2026-09-09 18:30:00,BERNAMCAN-4,4,57.0,1200.0,6.0,0.45,0.45,0.45,0.03,0.45,0.0,30.0,0.8175744761936437,0.7499476922271856,0.0,0.0,0.1,0.16666666666666666,0.0,0.0,0.25,0.25,0.25,0.25,0.45,0.45,0.45,0.45,0.0711743772241992,0.07117437722419928,14.05,0,0.04946185271232447,0.45,0.45,0.0,0.425,0.25
Elazığ-2026-09-09-2,2026-09-09,2026-09-09 18:30:00,KUMSAL STAR-5,5,55.0,1200.0,6.0,0.45,0.45,0.45,0.03,0.45,0.0,30.0,0.8175744761936437,0.7499476922271856,0.0,0.0,0.1,0.16666666666666666,0.0,0.0,0.25,0.25,0.25,0.25,0.45,0.45,0.45,0.45,0.6060606060606061,0.6060606060606061,1.65,0,0.42117517006555133,0.45,0.45,0.0,0.425,0.25
Elazığ-2026-09-09-2,2026-09-09,2026-09-09 18:30:00,EMİNÖNÜ-6,6,56.0,1200.0,6.0,0.45,0.45,0.45,0.03,0.45,0.0,30.0,0.8175744761936437,0.7499476922271856,0.0,0.0,0.1,0.16666666666666666,0.0,0.0,0.25,0.25,0.25,0.25,0.45,0.45,0.45,0.45,0.1379310344827586,0.13793103448275862,7.25,0,0.09585365939422891,0.45,0.45,0.0,0.425,0.25
Elazığ-2026-09-09-3,2026-09-09,2026-09-09 19:00:00,YAĞIZALP-1,1,62.5,1500.0,12.0,0.45,0.45,0.45,0.03,0.45,0.0,30.0,0.8175744761936437,0.7499476922271856,0.0,0.0,0.1,0.16666666666666666,0.0,0.0,0.25,0.25,0.25,0.25,0.45,0.45,0.45,0.45,0.111731843575419,0.111731843575419,8.95,1,0.07185344774382883,0.45,0.45,0.0,0.425,0.25
Elazığ-2026-09-09-3,2026-09-09,2026-09-09 19:00:00,KARA KORSAN  SKG-2,2,61.5,1500.0,12.0,0.45,0.45,0.45,0.03,0.45,0.0,30.0,0.8175744761936437,0.7499476922271856,0.0,0.0,0.1,0.16666666666666666,0.0,0.0,0.25,0.25,0.25,0.25,0.45,0.45,0.45,0.45,0.1639344262295082,0.1639344262295082,6.1,0,0.10542432087004394,0.45,0.45,0.0,0.425,0.25
Elazığ-2026-09-09-3,2026-09-09,2026-09-09 19:00:00,KILIÇBAĞI-3,3,61.5,1500.0,12.0,0.45,0.45,0.45,0.03,0.45,0.0,30.0,0.8175744761936437,0.7499476922271856,0.0,0.0,0.1,0.16666666666666666,0.0,0.0,0.25,0.25,0.25,0.25,0.45,0.45,0.45,0.45,0.0390625,0.0390625,25.6,0,0.02512063895731516,0.45,0.45,0.0,0.425,0.25
Elazığ-2026-09-09-3,2026-09-09,2026-09-09 19:00:00,QUATRO-4,4,61.5,1500.0,12.0,0.45,0.45,0.45,0.03,0.45,0.0,30.0,0.8175744761936437,0.7499476922271856,0.0,0.0,0.1,0.16666666666666666,0.0,0.0,0.25,0.25,0.25,0.25,0.45,0.45,0.45,0.45,0.0515463917525773,0.051546391752577324,19.4,0,0.03314888439728184,0.45,0.45,0.0,0.425,0.25
Elazığ-2026-09-09-3,2026-09-09,2026-09-09 19:00:00,YOLKIRAN-5,5,58.5,1500.0,12.0,0.45,0.45,0.45,0.03,0.45,0.0,30.0,0.8175744761936437,0.7499476922271856,0.0,0.0,0.1,0.16666666666666666,0.0,0.0,0.25,0.25,0.25,0.25,0.45,0.45,0.45,0.45,0.053050397877984,0.05305039787798408,18.85,0,0.03411609322584971,0.45,0.45,0.0,0.425,0.25
Elazığ-2026-09-09-3,2026-09-09,2026-09-09 19:00:00,MESTAN BEY-6,6,61.0,1500.0,12.0,0.45,0.45,0.45,0.03,0.45,0.0,30.0,0.8175744761936437,0.7499476922271856,0.0,0.0,0.1,0.16666666666666666,0.0,0.0,0.25,0.25,0.25,0.25,0.45,0.45,0.45,0.45,0.0352112676056338,0.035211267605633804,28.4,0,0.022643956243213657,0.45,0.45,0.0,0.425,0.25
Elazığ-2026-09-09-3,2026-09-09,2026-09-09 19:00:00,ÇELİK SEMEND-7,7,59.5,1500.0,12.0,0.45,0.45,0.45,0.03,0.45,0.0,30.0,0.8175744761936437,0.7499476922271856,0.0,0.0,0.1,0.16666666666666666,0.0,0.0,0.25,0.25,0.25,0.25,0.45,0.45,0.45,0.45,0.0573065902578796,0.05730659025787966,17.45,0,0.036853200991820476,0.45,0.45,0.0,0.425,0.25
Elazığ-2026-09-09-3,2026-09-09,2026-09-09 19:00:00,BİRÇETİN-8,8,56.5,1500.0,12.0,0.45,0.45,0.45,0.03,0.45,0.0,30.0,0.8175744761936437,0.7499476922271856,0.0,0.0,0.1,0.16666666666666666,0.0,0.0,0.25,0.25,0.25,0.25,0.45,0.45,0.45,0.45,0.1428571428571428,0.14285714285714285,7.0,0,0.09186976532960968,0.45,0.45,0.0,0.425,0.25
Elazığ-2026-09-09-3,2026-09-09,2026-09-09 19:00:00,MELİHTAY-9,9,56.5,1500.0,12.0,0.45,0.45,0.45,0.03,0.45,0.0,30.0,0.8175744761936437,0.7499476922271856,0.0,0.0,0.1,0.16666666666666666,0.0,0.0,0.25,0.25,0.25,0.25,0.45,0.45,0.45,0.45,0.1492537313432835,0.14925373134328357,6.7,0,0.09598333691153249,0.45,0.45,0.0,0.425,0.25
Elazığ-2026-09-09-3,2026-09-09,2026-09-09 19:00:00,MUCİZE HAN-10,10,56.5,1500.0,12.0,0.45,0.45,0.45,0.03,0.45,0.0,30.0,0.8175744761936437,0.7499476922271856,0.0,0.0,0.1,0.16666666666666666,0.0,0.0,0.25,0.25,0.25,0.25,0.45,0.45,0.45,0.45,0.1129943502824858,0.11299435028248588,8.85,0,0.07266535110816583,0.45,0.45,0.0,0.425,0.25
Elazığ-2026-09-09-3,2026-09-09,2026-09-09 19:00:00,ÖZAYDIN-11,11,56.5,1500.0,12.0,0.45,0.45,0.45,0.03,0.45,0.0,30.0,0.8175744761936437,0.7499476922271856,0.0,0.0,0.1,0.16666666666666666,0.0,0.0,0.25,0.25,0.25,0.25,0.45,0.45,0.45,0.45,0.5263157894736842,0.5263157894736842,1.9,0,0.3384675564775095,0.45,0.45,0.0,0.425,0.25
Elazığ-2026-09-09-3,2026-09-09,2026-09-09 19:00:00,BİTİRİM SEDA-12,12,55.0,1500.0,12.0,0.45,0.45,0.45,0.03,0.45,0.0,30.0,0.8175744761936437,0.7499476922271856,0.0,0.0,0.1,0.16666666666666666,0.0,0.0,0.25,0.25,0.25,0.25,0.45,0.45,0.45,0.45,0.111731843575419,0.111731843575419,8.95,0,0.07185344774382883,0.45,0.45,0.0,0.425,0.25
Elazığ-2026-09-09-4,2026-09-09,2026-09-09 19:30:00,ADANALI DEMİR-1,1,57.0,1200.0,11.0,0.45,0.45,0.45,0.03,0.45,0.0,30.0,0.8175744761936437,0.7499476922271856,0.0,0.0,0.1,0.16666666666666666,0.0,0.0,0.25,0.25,0.25,0.25,0.45,0.45,0.45,0.45,0.2150537634408602,0.2150537634408602,4.65,0,0.1501988853212011,0.45,0.45,0.0,0.425,0.25
Elazığ-2026-09-09-4,2026-09-09,2026-09-09 19:30:00,FIRATHAN AĞASI  SKG-2,2,57.0,1200.0,11.0,0.45,0.45,0.45,0.03,0.45,0.0,30.0,0.8175744761936437,0.7499476922271856,0.0,0.0,0.1,0.16666666666666666,0.0,0.0,0.25,0.25,0.25,0.25,0.45,0.45,0.45,0.45,0.3278688524590164,0.3278688524590164,3.05,0,0.2289917431946181,0.45,0.45,0.0,0.425,0.25
Elazığ-2026-09-09-4,2026-09-09,2026-09-09 19:30:00,GÜLPAŞA-3,3,57.0,1200.0,11.0,0.45,0.45,0.45,0.03,0.45,0.0,30.0,0.8175744761936437,0.7499476922271856,0.0,0.0,0.1,0.16666666666666666,0.0,0.0,0.25,0.25,0.25,0.25,0.45,0.45,0.45,0.45,0.124223602484472,0.12422360248447203,8.05,0,0.08676084680044534,0.45,0.45,0.0,0.425,0.25
Elazığ-2026-09-09-4,2026-09-09,2026-09-09 19:30:00,RECEPPAŞA-4,4,57.0,1200.0,11.0,0.45,0.45,0.45,0.03,0.45,0.0,30.0,0.8175744761936437,0.7499476922271856,0.0,0.0,0.1,0.16666666666666666,0.0,0.0,0.25,0.25,0.25,0.25,0.45,0.45,0.45,0.45,0.2531645569620253,0.2531645569620253,3.95,0,0.17681640930217343,0.45,0.45,0.0,0.425,0.25
Elazığ-2026-09-09-4,2026-09-09,2026-09-09 19:30:00,RÜZGAR DELİSİ-5,5,57.0,1200.0,11.0,0.45,0.45,0.45,0.03,0.45,0.0,30.0,0.8175744761936437,0.7499476922271856,0.0,0.0,0.1,0.16666666666666666,0.0,0.0,0.25,0.25,0.25,0.25,0.45,0.45,0.45,0.45,0.1398601398601398,0.13986013986013984,7.15,0,0.09768179255155032,0.45,0.45,0.0,0.425,0.25
Elazığ-2026-09-09-4,2026-09-09,2026-09-09 19:30:00,ALİYE ANA  K Kulaklık takılacağını ifade eder.-6,6,57.0,1200.0,11.0,0.45,0.45,0.45,0.03,0.45,0.0,30.0,0.8175744761936437,0.7499476922271856,0.0,0.0,0.1,0.16666666666666666,0.0,0.0,0.25,0.25,0.25,0.25,0.45,0.45,0.45,0.45,0.1052631578947368,0.10526315789473684,9.5,0,0.07351840176248262,0.45,0.45,0.0,0.425,0.25
Elazığ-2026-09-09-4,2026-09-09,2026-09-09 19:30:00,AĞCILKIZI-7,7,54.0,1200.0,11.0,0.45,0.45,0.45,0.03,0.45,0.0,30.0,0.8175744761936437,0.7499476922271856,0.0,0.0,0.1,0.16666666666666666,0.0,0.0,0.25,0.25,0.25,0.25,0.45,0.45,0.45,0.45,0.1,0.1,10.0,0,0.06984248167435853,0.45,0.45,0.0,0.425,0.25
Elazığ-2026-09-09-4,2026-09-09,2026-09-09 19:30:00,GÖNLÜMDE KUTUP-8,8,55.0,1200.0,11.0,0.45,0.45,0.45,0.03,0.45,0.0,30.0,0.8175744761936437,0.7499476922271856,0.0,0.0,0.1,0.16666666666666666,0.0,0.0,0.25,0.25,0.25,0.25,0.45,0.45,0.45,0.45,0.0177619893428063,0.017761989342806397,56.3,0,0.012405414151751002,0.45,0.45,0.0,0.425,0.25
Elazığ-2026-09-09-4,2026-09-09,2026-09-09 19:30:00,KOĞUN SESİ-9,9,55.0,1200.0,11.0,0.45,0.45,0.45,0.03,0.45,0.0,30.0,0.8175744761936437,0.7499476922271856,0.0,0.0,0.1,0.16666666666666666,0.0,0.0,0.25,0.25,0.25,0.25,0.45,0.45,0.45,0.45,0.0307219662058371,0.030721966205837177,32.55,0,0.021456983617314393,0.45,0.45,0.0,0.425,0.25
Elazığ-2026-09-09-4,2026-09-09,2026-09-09 19:30:00,MİR ATHENA-10,10,55.0,1200.0,11.0,0.45,0.45,0.45,0.03,0.45,0.0,30.0,0.8175744761936437,0.7499476922271856,0.0,0.0,0.1,0.16666666666666666,0.0,0.0,0.25,0.25,0.25,0.25,0.45,0.45,0.45,0.45,0.0443458980044345,0.044345898004434586,22.55,1,0.030972275687076885,0.45,0.45,0.0,0.425,0.25
Elazığ-2026-09-09-4,2026-09-09,2026-09-09 19:30:00,YAĞMUR ECE-11,11,53.0,1200.0,11.0,0.45,0.45,0.45,0.03,0.45,0.0,30.0,0.8175744761936437,0.7499476922271856,0.0,0.0,0.1,0.16666666666666666,0.0,0.0,0.25,0.25,0.25,0.25,0.45,0.45,0.45,0.45,0.0735294117647058,0.07352941176470588,13.6,0,0.051354765937028264,0.45,0.45,0.0,0.425,0.25
Elazığ-2026-09-09-5,2026-09-09,2026-09-09 20:00:00,ŞAHKAYA-1,1,61.0,1600.0,14.0,0.45,0.45,0.45,0.03,0.45,0.0,30.0,0.8175744761936437,0.7499476922271856,0.0,0.0,0.1,0.16666666666666666,0.0,0.0,0.25,0.25,0.25,0.25,0.45,0.45,0.45,0.45,0.1197604790419161,0.11976047904191617,8.35,0,0.08021771246718645,0.45,0.44999999999999996,0.0,0.425,0.25
Elazığ-2026-09-09-5,2026-09-09,2026-09-09 20:00:00,BERATKIZ-2,2,58.0,1600.0,14.0,0.45,0.45,0.45,0.03,0.45,0.0,30.0,0.8175744761936437,0.7499476922271856,0.0,0.0,0.1,0.16666666666666666,0.0,0.0,0.25,0.25,0.25,0.25,0.45,0.45,0.45,0.45,0.0615384615384615,0.06153846153846154,16.25,0,0.041219563021600424,0.45,0.44999999999999996,0.0,0.425,0.25
Elazığ-2026-09-09-5,2026-09-09,2026-09-09 20:00:00,BERHAN BEYLİ-3,3,58.0,1600.0,14.0,0.45,0.45,0.45,0.03,0.45,0.0,30.0,0.8175744761936437,0.7499476922271856,0.0,0.0,0.1,0.16666666666666666,0.0,0.0,0.25,0.25,0.25,0.25,0.45,0.45,0.45,0.45,0.0518134715025906,0.05181347150259067,19.3,0,0.034705590626995145,0.45,0.44999999999999996,0.0,0.425,0.25
Elazığ-2026-09-09-5,2026-09-09,2026-09-09 20:00:00,ESSANCAR  SKG-4,4,58.0,1600.0,14.0,0.45,0.45,0.45,0.03,0.45,0.0,30.0,0.8175744761936437,0.7499476922271856,0.0,0.0,0.1,0.16666666666666666,0.0,0.0,0.25,0.25,0.25,0.25,0.45,0.45,0.45,0.45,0.0668896321070234,0.06688963210702341,14.95,0,0.04480387284956569,0.45,0.44999999999999996,0.0,0.425,0.25
Elazığ-2026-09-09-5,2026-09-09,2026-09-09 20:00:00,KOCA SABRİ-5,5,58.0,1600.0,14.0,0.45,0.45,0.45,0.03,0.45,0.0,30.0,0.8175744761936437,0.7499476922271856,0.0,0.0,0.1,0.16666666666666666,0.0,0.0,0.25,0.25,0.25,0.25,0.45,0.45,0.45,0.45,0.131578947368421,0.13157894736842105,7.6,0,0.08813393409223776,0.45,0.44999999999999996,0.0,0.425,0.25
Elazığ-2026-09-09-5,2026-09-09,2026-09-09 20:00:00,UMUDUM DENİZ-6,6,58.0,1600.0,14.0,0.45,0.45,0.45,0.03,0.45,0.0,30.0,0.8175744761936437,0.7499476922271856,0.0,0.0,0.1,0.16666666666666666,0.0,0.0,0.25,0.25,0.25,0.25,0.45,0.45,0.45,0.45,0.0555555555555555,0.05555555555555555,18.0,0,0.03721210550561148,0.45,0.44999999999999996,0.0,0.425,0.25
Elazığ-2026-09-09-5,2026-09-09,2026-09-09 20:00:00,AL BENZE-7,7,56.0,1600.0,14.0,0.45,0.45,0.45,0.03,0.45,0.0,30.0,0.8175744761936437,0.7499476922271856,0.0,0.0,0.1,0.16666666666666666,0.0,0.0,0.25,0.25,0.25,0.25,0.45,0.45,0.45,0.45,0.625,0.625,1.6,1,0.41863618693812954,0.45,0.44999999999999996,0.0,0.425,0.25
Elazığ-2026-09-09-5,2026-09-09,2026-09-09 20:00:00,NEVALÇİÇEĞİ-8,8,56.0,1600.0,14.0,0.45,0.45,0.45,0.03,0.45,0.0,30.0,0.8175744761936437,0.7499476922271856,0.0,0.0,0.1,0.16666666666666666,0.0,0.0,0.25,0.25,0.25,0.25,0.45,0.45,0.45,0.45,0.0258064516129032,0.025806451612903226,38.75,0,0.017285623202606622,0.45,0.44999999999999996,0.0,0.425,0.25
Elazığ-2026-09-09-5,2026-09-09,2026-09-09 20:00:00,SAVT-9,9,56.0,1600.0,14.0,0.45,0.45,0.45,0.03,0.45,0.0,30.0,0.8175744761936437,0.7499476922271856,0.0,0.0,0.1,0.16666666666666666,0.0,0.0,0.25,0.25,0.25,0.25,0.45,0.45,0.45,0.45,0.099009900990099,0.09900990099009901,10.1,0,0.06631860387138686,0.45,0.44999999999999996,0.0,0.425,0.25
Elazığ-2026-09-09-5,2026-09-09,2026-09-09 20:00:00,TURBOKOLİK-10,10,56.0,1600.0,14.0,0.45,0.45,0.45,0.03,0.45,0.0,30.0,0.8175744761936437,0.7499476922271856,0.0,0.0,0.1,0.16666666666666666,0.0,0.0,0.25,0.25,0.25,0.25,0.45,0.45,0.45,0.45,0.0242424242424242,0.024242424242424242,41.25,0,0.016238009675175906,0.45,0.44999999999999996,0.0,0.425,0.25
Elazığ-2026-09-09-5,2026-09-09,2026-09-09 20:00:00,BİÇERROZA-11,11,55.0,1600.0,14.0,0.45,0.45,0.45,0.03,0.45,0.0,30.0,0.8175744761936437,0.7499476922271856,0.0,0.0,0.1,0.16666666666666666,0.0,0.0,0.25,0.25,0.25,0.25,0.45,0.45,0.45,0.45,0.0865800865800865,0.08658008658008658,11.55,0,0.05799289169705685,0.45,0.44999999999999996,0.0,0.425,0.25
Elazığ-2026-09-09-5,2026-09-09,2026-09-09 20:00:00,KESKİN KAAN-12,12,54.0,1600.0,14.0,0.45,0.45,0.45,0.03,0.45,0.0,30.0,0.8175744761936437,0.7499476922271856,0.0,0.0,0.1,0.16666666666666666,0.0,0.0,0.25,0.25,0.25,0.25,0.45,0.45,0.45,0.45,0.0389863547758284,0.038986354775828465,25.65,0,0.0261137582495519,0.45,0.44999999999999996,0.0,0.425,0.25
Elazığ-2026-09-09-5,2026-09-09,2026-09-09 20:00:00,SEYRANTAY-13,13,55.0,1600.0,14.0,0.45,0.45,0.45,0.03,0.45,0.0,30.0,0.8175744761936437,0.7499476922271856,0.0,0.0,0.1,0.16666666666666666,0.0,0.0,0.25,0.25,0.25,0.25,0.45,0.45,0.45,0.45,0.0446428571428571,0.044642857142857144,22.4,0,0.02990258478129494,0.45,0.44999999999999996,0.0,0.425,0.25
Elazığ-2026-09-09-5,2026-09-09,2026-09-09 20:00:00,HİSARLI KIZ-14,14,53.0,1600.0,14.0,0.45,0.45,0.45,0.03,0.45,0.0,30.0,0.8175744761936437,0.7499476922271856,0.0,0.0,0.1,0.16666666666666666,0.0,0.0,0.25,0.25,0.25,0.25,0.45,0.45,0.45,0.45,0.0615384615384615,0.06153846153846154,16.25,0,0.041219563021600424,0.45,0.44999999999999996,0.0,0.425,0.25
Elazığ-2026-09-09-6,2026-09-09,2026-09-09 20:30:00,ŞİRİNHAT-1,1,60.0,1200.0,7.0,0.45,0.45,0.45,0.03,0.45,0.0,30.0,0.8175744761936437,0.7499476922271856,0.0,0.0,0.1,0.16666666666666666,0.0,0.0,0.25,0.25,0.25,0.25,0.45,0.45,0.45,0.45,0.1273885350318471,0.12738853503184713,7.85,0,0.08885210727383727,0.45,0.44999999999999996,0.0,0.425,0.25
Elazığ-2026-09-09-6,2026-09-09,2026-09-09 20:30:00,BİLDENBİR-2,2,57.0,1200.0,7.0,0.45,0.45,0.45,0.03,0.45,0.0,30.0,0.8175744761936437,0.7499476922271856,0.0,0.0,0.1,0.16666666666666666,0.0,0.0,0.25,0.25,0.25,0.25,0.45,0.45,0.45,0.45,0.1626016260162601,0.16260162601626016,6.15,0,0.11341285237392236,0.45,0.44999999999999996,0.0,0.425,0.25
Elazığ-2026-09-09-6,2026-09-09,2026-09-09 20:30:00,BİLGİNURKIZI-3,3,57.0,1200.0,7.0,0.45,0.45,0.45,0.03,0.45,0.0,30.0,0.8175744761936437,0.7499476922271856,0.0,0.0,0.1,0.16666666666666666,0.0,0.0,0.25,0.25,0.25,0.25,0.45,0.45,0.45,0.45,0.2352941176470588,0.23529411764705882,4.25,0,0.164115068729323,0.45,0.44999999999999996,0.0,0.425,0.25
Elazığ-2026-09-09-6,2026-09-09,2026-09-09 20:30:00,GÖNÜL KALESİ-4,4,57.0,1200.0,7.0,0.45,0.45,0.45,0.03,0.45,0.0,30.0,0.8175744761936437,0.7499476922271856,0.0,0.0,0.1,0.16666666666666666,0.0,0.0,0.25,0.25,0.25,0.25,0.45,0.45,0.45,0.45,0.1075268817204301,0.1075268817204301,9.3,0,0.07499882173114222,0.45,0.44999999999999996,0.0,0.425,0.25
Elazığ-2026-09-09-6,2026-09-09,2026-09-09 20:30:00,KAVİM-5,5,57.0,1200.0,7.0,0.45,0.45,0.45,0.03,0.45,0.0,30.0,0.8175744761936437,0.7499476922271856,0.0,0.0,0.1,0.16666666666666666,0.0,0.0,0.25,0.25,0.25,0.25,0.45,0.45,0.45,0.45,0.2857142857142857,0.2857142857142857,3.5,1,0.19928258345703506,0.45,0.44999999999999996,0.0,0.425,0.25
Elazığ-2026-09-09-6,2026-09-09,2026-09-09 20:30:00,NARLIGÖL-6,6,55.0,1200.0,7.0,0.45,0.45,0.45,0.03,0.45,0.0,30.0,0.8175744761936437,0.7499476922271856,0.0,0.0,0.1,0.16666666666666666,0.0,0.0,0.25,0.25,0.25,0.25,0.45,0.45,0.45,0.45,0.0985221674876847,0.09852216748768472,10.15,0,0.06871813222656381,0.45,0.44999999999999996,0.0,0.425,0.25
Elazığ-2026-09-09-6,2026-09-09,2026-09-09 20:30:00,RENKLİ GÜZEL-7,7,55.0,1200.0,7.0,0.45,0.45,0.45,0.03,0.45,0.0,30.0,0.8175744761936437,0.7499476922271856,0.0,0.0,0.1,0.16666666666666666,0.0,0.0,0.25,0.25,0.25,0.25,0.45,0.45,0.45,0.45,0.4166666666666667,0.4166666666666667,2.4,0,0.2906204342081762,0.45,0.44999999999999996,0.0,0.425,0.25
Elazığ-2026-09-09-7,2026-09-09,2026-09-09 21:00:00,ATEŞATAR-1,1,57.0,1200.0,11.0,0.45,0.45,0.45,0.03,0.45,0.0,30.0,0.8175744761936437,0.7499476922271856,0.0,0.0,0.1,0.16666666666666666,0.0,0.0,0.25,0.25,0.25,0.25,0.45,0.45,0.45,0.45,0.273972602739726,0.273972602739726,3.65,0,0.17398494175140036,0.45,0.45,0.0,0.425,0.25
Elazığ-2026-09-09-7,2026-09-09,2026-09-09 21:00:00,ÇEÇAN BEY-2,2,57.0,1200.0,11.0,0.45,0.45,0.45,0.03,0.45,0.0,30.0,0.8175744761936437,0.7499476922271856,0.0,0.0,0.1,0.16666666666666666,0.0,0.0,0.25,0.25,0.25,0.25,0.45,0.45,0.45,0.45,0.0651465798045602,0.06514657980456026,15.35,0,0.041371012207987674,0.45,0.45,0.0,0.425,0.25
Elazığ-2026-09-09-7,2026-09-09,2026-09-09 21:00:00,EFSANE YILMAZ-3,3,57.0,1200.0,11.0,0.45,0.45,0.45,0.03,0.45,0.0,30.0,0.8175744761936437,0.7499476922271856,0.0,0.0,0.1,0.16666666666666666,0.0,0.0,0.25,0.25,0.25,0.25,0.45,0.45,0.45,0.45,0.08130081300813,0.08130081300813008,12.3,0,0.051629677836797616,0.45,0.45,0.0,0.425,0.25
Elazığ-2026-09-09-7,2026-09-09,2026-09-09 21:00:00,KAHRAMAN-4,4,57.0,1200.0,11.0,0.45,0.45,0.45,0.03,0.45,0.0,30.0,0.8175744761936437,0.7499476922271856,0.0,0.0,0.1,0.16666666666666666,0.0,0.0,0.25,0.25,0.25,0.25,0.45,0.45,0.45,0.45,0.1398601398601398,0.13986013986013984,7.15,0,0.08881748774721832,0.45,0.45,0.0,0.425,0.25
Elazığ-2026-09-09-7,2026-09-09,2026-09-09 21:00:00,ÖZGÜRAK-5,5,57.0,1200.0,11.0,0.45,0.45,0.45,0.03,0.45,0.0,30.0,0.8175744761936437,0.7499476922271856,0.0,0.0,0.1,0.16666666666666666,0.0,0.0,0.25,0.25,0.25,0.25,0.45,0.45,0.45,0.45,0.1342281879194631,0.1342281879194631,7.45,0,0.0852409446164579,0.45,0.45,0.0,0.425,0.25
Elazığ-2026-09-09-7,2026-09-09,2026-09-09 21:00:00,ŞAH TUNALI-6,6,57.0,1200.0,11.0,0.45,0.45,0.45,0.03,0.45,0.0,30.0,0.8175744761936437,0.7499476922271856,0.0,0.0,0.1,0.16666666666666666,0.0,0.0,0.25,0.25,0.25,0.25,0.45,0.45,0.45,0.45,0.1398601398601398,0.13986013986013984,7.15,0,0.08881748774721832,0.45,0.45,0.0,0.425,0.25
Elazığ-2026-09-09-7,2026-09-09,2026-09-09 21:00:00,ÖZTÜRK PINARI-7,7,58.0,1200.0,11.0,0.45,0.45,0.45,0.03,0.45,0.0,30.0,0.8175744761936437,0.7499476922271856,0.0,0.0,0.1,0.16666666666666666,0.0,0.0,0.25,0.25,0.25,0.25,0.45,0.45,0.45,0.45,0.3225806451612903,0.3225806451612903,3.1,1,0.20485323786858428,0.45,0.45,0.0,0.425,0.25
Elazığ-2026-09-09-7,2026-09-09,2026-09-09 21:00:00,YAZ MELTEMİ-8,8,57.0,1200.0,11.0,0.45,0.45,0.45,0.03,0.45,0.0,30.0,0.8175744761936437,0.7499476922271856,0.0,0.0,0.1,0.16666666666666666,0.0,0.0,0.25,0.25,0.25,0.25,0.45,0.45,0.45,0.45,0.2597402597402597,0.2597402597402597,3.85,0,0.1649467629591198,0.45,0.45,0.0,0.425,0.25
Elazığ-2026-09-09-7,2026-09-09,2026-09-09 21:00:00,EMOŞUN KIZI  GKR Göz koruyucu takılacağını ifade eder.-9,9,55.0,1200.0,11.0,0.45,0.45,0.45,0.03,0.45,0.0,30.0,0.8175744761936437,0.7499476922271856,0.0,0.0,0.1,0.16666666666666666,0.0,0.0,0.25,0.25,0.25,0.25,0.45,0.45,0.45,0.45,0.0526315789473684,0.05263157894736842,19.0,0,0.03342342302066374,0.45,0.45,0.0,0.425,0.25
Elazığ-2026-09-09-7,2026-09-09,2026-09-09 21:00:00,MISRADA-10,10,53.0,1200.0,11.0,0.45,0.45,0.45,0.03,0.45,0.0,30.0,0.8175744761936437,0.7499476922271856,0.0,0.0,0.1,0.16666666666666666,0.0,0.0,0.25,0.25,0.25,0.25,0.45,0.45,0.45,0.45,0.0361663652802893,0.03616636528028933,27.65,0,0.022967270791776156,0.45,0.45,0.0,0.425,0.25
Elazığ-2026-09-09-7,2026-09-09,2026-09-09 21:00:00,TOPRAK ÇİÇEĞİ-11,11,55.0,1200.0,11.0,0.45,0.45,0.45,0.03,0.45,0.0,30.0,0.8175744761936437,0.7499476922271856,0.0,0.0,0.1,0.16666666666666666,0.0,0.0,0.25,0.25,0.25,0.25,0.45,0.45,0.45,0.45,0.0692041522491349,0.06920415224913495,14.45,0,0.04394775345277584,0.45,0.45,0.0,0.425,0.25
Elazığ-2026-09-09-8,2026-09-09,2026-09-09 21:30:00,HUNTER OF VICTORY-1,1,63.0,1900.0,12.0,0.45,0.45,0.45,0.03,0.45,0.0,30.0,0.8175744761936437,0.7499476922271856,0.0,0.0,0.1,0.16666666666666666,0.0,0.0,0.25,0.25,0.25,0.25,0.45,0.45,0.45,0.45,0.062111801242236,0.06211180124223602,16.1,0,0.030183661656917524,0.45,0.45,0.0,0.425,0.25
Elazığ-2026-09-09-8,2026-09-09,2026-09-09 21:30:00,VERMİTHRAX  SKG-2,2,62.0,1900.0,12.0,0.45,0.45,0.45,0.03,0.45,0.0,30.0,0.8175744761936437,0.7499476922271856,0.0,0.0,0.1,0.16666666666666666,0.0,0.0,0.25,0.25,0.25,0.25,0.45,0.45,0.45,0.45,0.1176470588235294,0.11764705882352941,8.5,0,0.05717140619722026,0.45,0.45,0.0,0.425,0.25
Elazığ-2026-09-09-8,2026-09-09,2026-09-09 21:30:00,BALDUR-3,3,61.5,1900.0,12.0,0.45,0.45,0.45,0.03,0.45,0.0,30.0,0.8175744761936437,0.7499476922271856,0.0,0.0,0.1,0.16666666666666666,0.0,0.0,0.25,0.25,0.25,0.25,0.45,0.45,0.45,0.45,0.0547945205479452,0.0547945205479452,18.25,0,0.026627778228842318,0.45,0.45,0.0,0.425,0.25
Elazığ-2026-09-09-8,2026-09-09,2026-09-09 21:30:00,IRISH MILLIONS  K Kulaklık takılacağını ifade eder.-4,4,59.5,1900.0,12.0,0.45,0.45,0.45,0.03,0.45,0.0,30.0,0.8175744761936437,0.7499476922271856,0.0,0.0,0.1,0.16666666666666666,0.0,0.0,0.25,0.25,0.25,0.25,0.45,0.45,0.45,0.45,0.1047120418848167,0.10471204188481674,9.55,0,0.05088554478286618,0.45,0.45,0.0,0.425,0.25
Elazığ-2026-09-09-8,2026-09-09,2026-09-09 21:30:00,JUNIOR CURA-5,5,59.0,1900.0,12.0,0.45,0.45,0.45,0.03,0.45,0.0,30.0,0.8175744761936437,0.7499476922271856,0.0,0.0,0.1,0.16666666666666666,0.0,0.0,0.25,0.25,0.25,0.25,0.45,0.45,0.45,0.45,0.1052631578947368,0.10526315789473684,9.5,0,0.05115336343961811,0.45,0.45,0.0,0.425,0.25
Elazığ-2026-09-09-8,2026-09-09,2026-09-09 21:30:00,ROYAL WARRIOR-6,6,55.5,1900.0,12.0,0.45,0.45,0.45,0.03,0.45,0.0,30.0,0.8175744761936437,0.7499476922271856,0.0,0.0,0.1,0.16666666666666666,0.0,0.0,0.25,0.25,0.25,0.25,0.45,0.45,0.45,0.45,0.273972602739726,0.273972602739726,3.65,0,0.13313889114421157,0.45,0.45,0.0,0.425,0.25
Elazığ-2026-09-09-8,2026-09-09,2026-09-09 21:30:00,SIDNEY SHOW-7,7,58.5,1900.0,12.0,0.45,0.45,0.45,0.03,0.45,0.0,30.0,0.8175744761936437,0.7499476922271856,0.0,0.0,0.1,0.16666666666666666,0.0,0.0,0.25,0.25,0.25,0.25,0.45,0.45,0.45,0.45,0.1176470588235294,0.11764705882352941,8.5,0,0.05717140619722026,0.45,0.45,0.0,0.425,0.25
Elazığ-2026-09-09-8,2026-09-09,2026-09-09 21:30:00,MELİS HANIM-8,8,58.0,1900.0,12.0,0.45,0.45,0.45,0.03,0.45,0.0,30.0,0.8175744761936437,0.7499476922271856,0.0,0.0,0.1,0.16666666666666666,0.0,0.0,0.25,0.25,0.25,0.25,0.45,0.45,0.45,0.45,0.0784313725490196,0.0784313725490196,12.75,0,0.038114270798146846,0.45,0.45,0.0,0.425,0.25
Elazığ-2026-09-09-8,2026-09-09,2026-09-09 21:30:00,INFORMACTION-9,9,57.5,1900.0,12.0,0.45,0.45,0.45,0.03,0.45,0.0,30.0,0.8175744761936437,0.7499476922271856,0.0,0.0,0.1,0.16666666666666666,0.0,0.0,0.25,0.25,0.25,0.25,0.45,0.45,0.45,0.45,0.5,0.5,2.0,1,0.24297847633818614,0.45,0.45,0.0,0.425,0.25
Elazığ-2026-09-09-8,2026-09-09,2026-09-09 21:30:00,UNCHARTERED-10,10,52.5,1900.0,12.0,0.45,0.45,0.45,0.03,0.45,0.0,30.0,0.8175744761936437,0.7499476922271856,0.0,0.0,0.1,0.16666666666666666,0.0,0.0,0.25,0.25,0.25,0.25,0.45,0.45,0.45,0.45,0.5,0.5,2.0,0,0.24297847633818614,0.45,0.45,0.0,0.425,0.25
Elazığ-2026-09-09-8,2026-09-09,2026-09-09 21:30:00,SAKLIKAPI-11,11,54.0,1900.0,12.0,0.45,0.45,0.45,0.03,0.45,0.0,30.0,0.8175744761936437,0.7499476922271856,0.0,0.0,0.1,0.16666666666666666,0.0,0.0,0.25,0.25,0.25,0.25,0.45,0.45,0.45,0.45,0.0735294117647058,0.07352941176470588,13.6,0,0.03573212887326263,0.45,0.45,0.0,0.425,0.25
Elazığ-2026-09-09-8,2026-09-09,2026-09-09 21:30:00,TALENTED HERO-12,12,53.0,1900.0,12.0,0.45,0.45,0.45,0.03,0.45,0.0,30.0,0.8175744761936437,0.7499476922271856,0.0,0.0,0.1,0.16666666666666666,0.0,0.0,0.25,0.25,0.25,0.25,0.45,0.45,0.45,0.45,0.0696864111498257,0.06968641114982578,14.35,0,0.033864596005322066,0.45,0.45,0.0,0.425,0.25
