race_id,date,race_datetime,horse_id,horse_name,draw,weight,distance,field_size,form_avg_3,form_avg_5,form_avg_10,form_var_5,last_run_perf,trend_3_10,days_since_last_race,fatigue_score,recovery_score,short_rest_flag,long_layoff_flag,race_frequency_3,race_frequency_5,seasonal_race_load,pace_hint,style_front_prob,style_presser_prob,style_stalker_prob,style_closer_prob,distance_fit,surface_fit,track_fit,condition_fit,market_probability,implied_probability,odds,is_winner,track,surface,track_condition
Bursa-2026-09-07-1,2026-09-07,2026-09-07 14:30:00,ALKURUŞ BEYİ-1,ALKURUŞ BEYİ,1,57.0,1500.0,15.0,-2.2777777777777777,-1.9083333333333334,-1.9083333333333334,4.6262037037037045,-5.0,-0.36944444444444424,24.0,0.679178699175393,0.1436868327588291,0.0,0.0,0.125,0.20833333333333334,0.03333333333333333,0.0,0.25,0.25,0.25,0.25,-0.9166666666666666,-2.2777777777777777,-1.9083333333333334,0.45,0.08928571428571429,0.08928571428571429,11.2,0,BURSA,Cim,NORMAL
Bursa-2026-09-07-1,2026-09-07,2026-09-07 14:30:00,GÖKKILIÇ-2,GÖKKILIÇ,2,53.0,1500.0,15.0,-2.388888888888889,-3.1533333333333333,-2.7527777777777778,15.945333333333334,0.16666666666666663,0.36388888888888893,12.0,0.320821300824607,0.6607563687658172,0.0,0.0,0.25,0.4166666666666667,0.041666666666666664,0.0,0.25,0.25,0.25,0.25,-2.191666666666667,-4.944444444444445,0.0,0.45,0.04219409282700422,0.04219409282700422,23.7,0,BURSA,Cim,NORMAL
Bursa-2026-09-07-1,2026-09-07,2026-09-07 14:30:00,KOLAYSA YAKALA-3,KOLAYSA YAKALA,3,54.0,1500.0,15.0,-2.5925925925925926,-2.5925925925925926,-2.5925925925925926,5.94238683127572,-4.0,0.0,11.0,0.29421497216298875,0.18865278600279253,0.0,0.0,0.2727272727272727,0.45454545454545453,0.016666666666666666,0.0,0.25,0.25,0.25,0.25,0.0,0.0,-1.8888888888888888,0.45,0.02881844380403458,0.02881844380403458,34.7,0,BURSA,Cim,NORMAL
Bursa-2026-09-07-1,2026-09-07,2026-09-07 14:30:00,LAVEKAR-4,LAVEKAR,4,57.0,1500.0,15.0,-0.6777777777777777,-2.1844444444444444,-2.1844444444444444,16.038617283950614,-2.5,1.5066666666666668,17.0,0.46879062662624377,0.3542988354005146,0.0,0.0,0.17647058823529413,0.29411764705882354,0.03333333333333333,0.0,0.25,0.25,0.25,0.25,-0.33333333333333326,-2.7583333333333333,-2.1844444444444444,0.45,0.30303030303030304,0.30303030303030304,3.3,0,BURSA,Cim,NORMAL
Bursa-2026-09-07-1,2026-09-07,2026-09-07 14:30:00,RULER STONE-5,RULER STONE,5,57.0,1500.0,15.0,-0.20833333333333337,-0.20833333333333337,-0.20833333333333337,0.003472222222222216,-0.16666666666666674,0.0,25.0,0.7057850278370112,0.679469156399048,0.0,0.0,0.12,0.2,0.016666666666666666,0.0,0.25,0.25,0.25,0.25,-0.20833333333333337,0.0,0.0,0.45,0.06688963210702341,0.06688963210702341,14.95,0,BURSA,Cim,NORMAL
Bursa-2026-09-07-1,2026-09-07,2026-09-07 14:30:00,SEZGİNAĞA-7,SEZGİNAĞA,7,57.0,1500.0,15.0,0.45,0.45,0.45,0.03,0.45,0.0,30.0,0.8175744761936437,0.7499476922271856,0.0,0.0,0.1,0.16666666666666666,0.0,0.0,0.25,0.25,0.25,0.25,0.45,0.45,0.45,0.45,0.09900990099009901,0.09900990099009901,10.1,0,BURSA,Cim,NORMAL
Bursa-2026-09-07-1,2026-09-07,2026-09-07 14:30:00,TÜMERK-8,TÜMERK,8,57.0,1500.0,15.0,0.1607142857142857,0.1607142857142857,0.1607142857142857,0.3373724489795918,0.5714285714285714,0.0,21.0,0.5926665999540697,0.7358991223348303,0.0,0.0,0.14285714285714285,0.23809523809523808,0.016666666666666666,0.0,0.25,0.25,0.25,0.25,0.5714285714285714,0.0,0.5714285714285714,0.45,0.14598540145985403,0.14598540145985403,6.85,0,BURSA,Cim,NORMAL
Bursa-2026-09-07-1,2026-09-07,2026-09-07 14:30:00,YALNIZ AŞIK-9,YALNIZ AŞIK,9,57.0,1500.0,15.0,0.0,0.0,0.0,0.03,0.0,0.0,17.0,0.46879062662624377,0.6688829745744311,0.0,0.0,0.17647058823529413,0.29411764705882354,0.008333333333333333,0.0,0.25,0.25,0.25,0.25,0.0,0.0,0.0,0.45,0.11560693641618497,0.11560693641618497,8.65,0,BURSA,Cim,NORMAL
Bursa-2026-09-07-1,2026-09-07,2026-09-07 14:30:00,BESTE BEGÜM-10,BESTE BEGÜM,10,55.0,1500.0,15.0,0.19999999999999996,0.19999999999999996,0.19999999999999996,0.03,0.19999999999999996,0.0,17.0,0.46879062662624377,0.6906451700919695,0.0,0.0,0.17647058823529413,0.29411764705882354,0.008333333333333333,0.0,0.25,0.25,0.25,0.25,0.19999999999999996,0.19999999999999996,0.19999999999999996,0.45,0.00922509225092251,0.00922509225092251,108.4,0,BURSA,Cim,NORMAL
Bursa-2026-09-07-1,2026-09-07,2026-09-07 14:30:00,BODRUM RÜZGARI  K Kulaklık takılacağını ifade eder.-11,BODRUM RÜZGARI  K Kulaklık takılacağını ifade eder.,11,55.0,1500.0,15.0,0.8333333333333334,0.8333333333333334,0.8333333333333334,0.03,0.8333333333333334,0.0,17.0,0.46879062662624377,0.7539523441019896,0.0,0.0,0.17647058823529413,0.29411764705882354,0.008333333333333333,0.0,0.25,0.25,0.25,0.25,0.8333333333333334,0.8333333333333334,0.8333333333333334,0.45,0.4166666666666667,0.4166666666666667,2.4,0,BURSA,Cim,NORMAL
Bursa-2026-09-07-1,2026-09-07,2026-09-07 14:30:00,İVECEN-12,İVECEN,12,52.0,1500.0,15.0,-1.0173160173160174,-1.7770562770562766,-1.7770562770562766,5.900034669515189,0.09090909090909094,0.7597402597402592,78.0,0.9994472213630764,0.6326037477926676,0.0,1.0,0.038461538461538464,0.0641025641025641,0.025,0.0,0.25,0.25,0.25,0.25,0.09090909090909094,0.09090909090909094,0.0,0.45,0.017528483786152498,0.017528483786152498,57.05,0,BURSA,Cim,NORMAL
Bursa-2026-09-07-1,2026-09-07,2026-09-07 14:30:00,TOKATHANIN GÜLÜ-14,TOKATHANIN GÜLÜ,14,51.0,1500.0,15.0,0.11111111111111112,0.11515151515151519,0.01558441558441559,0.1660468319559229,0.5,0.09552669552669553,12.0,0.320821300824607,0.6942363401080306,0.0,0.0,0.25,0.4166666666666667,0.058333333333333334,0.0,0.25,0.25,0.25,0.25,0.08181818181818183,0.12929292929292932,-0.06515151515151514,0.45,0.0684931506849315,0.0684931506849315,14.6,0,BURSA,Cim,NORMAL
Bursa-2026-09-07-1,2026-09-07,2026-09-07 14:30:00,ZAMANE KIZ  K Kulaklık takılacağını ifade eder.-15,ZAMANE KIZ  K Kulaklık takılacağını ifade eder.,15,53.0,1500.0,15.0,0.45,0.45,0.45,0.03,0.45,0.0,30.0,0.8175744761936437,0.7499476922271856,0.0,0.0,0.1,0.16666666666666666,0.0,0.0,0.25,0.25,0.25,0.25,0.45,0.45,0.45,0.45,0.034482758620689655,0.034482758620689655,29.0,0,BURSA,Cim,NORMAL
Bursa-2026-09-07-2,2026-09-07,2026-09-07 15:00:00,KING BALDWIN-1,KING BALDWIN,1,60.0,1300.0,6.0,0.4666666666666666,0.4133333333333334,0.4133333333333334,0.35422222222222227,0.4,0.05333333333333323,12.0,0.320821300824607,0.700567142473973,0.0,0.0,0.25,0.4166666666666667,0.041666666666666664,0.0,0.25,0.25,0.25,0.25,0.4133333333333334,1.0,1.0,0.45,0.25,0.25,4.0,0,BURSA,Cim,NORMAL
Bursa-2026-09-07-2,2026-09-07,2026-09-07 15:00:00,ANTIGONIA-2,ANTIGONIA,2,57.0,1300.0,6.0,7.401486830834377e-17,0.2142857142857143,0.2142857142857143,1.5910808767951625,-1.6666666666666665,-0.21428571428571422,23.0,0.6513548646660542,0.4970290204733237,0.0,0.0,0.13043478260869565,0.21739130434782608,0.016666666666666666,0.0,0.25,0.25,0.25,0.25,-0.4999999999999999,0.2142857142857143,0.8412698412698413,0.45,0.6451612903225806,0.6451612903225806,1.55,1,BURSA,Cim,NORMAL
Bursa-2026-09-07-2,2026-09-07,2026-09-07 15:00:00,I LOVE SPEED-3,I LOVE SPEED,3,57.0,1300.0,6.0,0.05555555555555558,-0.15238095238095237,-0.26984126984126977,1.538718820861678,0.6666666666666667,0.32539682539682535,17.0,0.46879062662624377,0.7358823711557269,0.0,0.0,0.17647058823529413,0.29411764705882354,0.058333333333333334,0.0,0.25,0.25,0.25,0.25,-0.12698412698412698,-0.3035714285714285,-0.3035714285714285,0.45,0.18867924528301888,0.18867924528301888,5.3,0,BURSA,Cim,NORMAL
Bursa-2026-09-07-2,2026-09-07,2026-09-07 15:00:00,LA PERLE RARE-4,LA PERLE RARE,4,54.0,1300.0,6.0,0.16666666666666666,0.15,-0.28214285714285714,0.3,-0.5,0.44880952380952377,29.0,0.7981867777396212,0.6272656058541298,0.0,0.0,0.10344827586206896,0.1724137931034483,0.075,0.0,0.25,0.25,0.25,0.25,0.025510204081632657,-0.25,1.0,0.45,0.05167958656330749,0.05167958656330749,19.35,0,BURSA,Cim,NORMAL
Bursa-2026-09-07-2,2026-09-07,2026-09-07 15:00:00,LA MUNECA-5,LA MUNECA,5,55.0,1300.0,6.0,-1.3333333333333333,-0.7333333333333334,-0.5,1.1888888888888887,-1.0,-0.8333333333333333,8.0,0.22270013882530884,0.48663779781571875,0.0,0.0,0.375,0.625,0.05,0.0,0.25,0.25,0.25,0.25,-0.5,-0.5,0.6666666666666667,0.45,0.2150537634408602,0.2150537634408602,4.65,0,BURSA,Cim,NORMAL
Bursa-2026-09-07-2,2026-09-07,2026-09-07 15:00:00,MOON ASH-6,MOON ASH,6,54.5,1300.0,6.0,-0.8333333333333334,-1.125,-1.125,2.0625,1.0,0.29166666666666663,14.0,0.3775406687981454,0.7619578034000571,0.0,0.0,0.21428571428571427,0.35714285714285715,0.03333333333333333,0.0,0.25,0.25,0.25,0.25,-1.125,-0.8333333333333334,-1.125,0.45,0.0970873786407767,0.0970873786407767,10.3,0,BURSA,Cim,NORMAL
Bursa-2026-09-07-3,2026-09-07,2026-09-07 15:30:00,GÖNÜL SARAYI-1,GÖNÜL SARAYI,1,57.0,1500.0,15.0,-0.8611111111111112,-0.3366666666666667,-0.24511904761904763,1.7125555555555558,-2.3333333333333335,-0.6159920634920635,21.0,0.5926665999540697,0.383602375425621,0.0,0.0,0.14285714285714285,0.23809523809523808,0.075,0.0,0.25,0.25,0.25,0.25,-0.8333333333333334,-0.75,-0.9940476190476191,0.45,0.07092198581560284,0.07092198581560284,14.1,0,BURSA,Cim,NORMAL
Bursa-2026-09-07-3,2026-09-07,2026-09-07 15:30:00,TOPLUSER-2,TOPLUSER,2,59.0,1500.0,15.0,0.41071428571428575,0.44130036630036634,0.2061011904761905,0.11017695293107384,0.375,0.20461309523809526,9.0,0.24508501313237172,0.6649156229178979,0.0,0.0,0.3333333333333333,0.5555555555555556,0.058333333333333334,0.0,0.25,0.25,0.25,0.25,0.5664682539682541,0.5,0.21230158730158732,0.45,0.1388888888888889,0.1388888888888889,7.2,0,BURSA,Cim,NORMAL
Bursa-2026-09-07-3,2026-09-07,2026-09-07 15:30:00,AKÇİVİ-3,AKÇİVİ,3,57.0,1500.0,15.0,0.0,0.0,0.0,0.03,0.0,0.0,17.0,0.46879062662624377,0.6688829745744311,0.0,0.0,0.17647058823529413,0.29411764705882354,0.008333333333333333,0.0,0.25,0.25,0.25,0.25,0.0,0.0,0.0,0.45,0.1724137931034483,0.1724137931034483,5.8,0,BURSA,Cim,NORMAL
Bursa-2026-09-07-3,2026-09-07,2026-09-07 15:30:00,AKREP YÜREK-4,AKREP YÜREK,4,57.0,1500.0,15.0,0.4,0.4,0.4,0.03,0.4,0.0,17.0,0.46879062662624377,0.7115937825571509,0.0,0.0,0.17647058823529413,0.29411764705882354,0.008333333333333333,0.0,0.25,0.25,0.25,0.25,0.4,0.4,0.4,0.45,0.20202020202020202,0.20202020202020202,4.95,0,BURSA,Cim,NORMAL
Bursa-2026-09-07-3,2026-09-07,2026-09-07 15:30:00,BAŞKATAY-5,BAŞKATAY,5,57.0,1500.0,15.0,-2.0,-2.0,-2.0,0.0,-2.0,0.0,24.0,0.679178699175393,0.43249797664064604,0.0,0.0,0.125,0.20833333333333334,0.016666666666666666,0.0,0.25,0.25,0.25,0.25,-2.0,-2.0,-2.0,0.45,0.026490066225165563,0.026490066225165563,37.75,0,BURSA,Cim,NORMAL
Bursa-2026-09-07-3,2026-09-07,2026-09-07 15:30:00,DAVRANTAY-6,DAVRANTAY,6,57.0,1500.0,15.0,0.34141414141414145,-0.045151515151515144,-0.4608225108225108,1.25792056932966,0.09090909090909094,0.8022366522366522,11.0,0.29421497216298875,0.6349086034775155,0.0,0.0,0.2727272727272727,0.45454545454545453,0.058333333333333334,0.0,0.25,0.25,0.25,0.25,-0.037500000000000006,-0.3055555555555555,-0.5527777777777777,0.45,0.09049773755656108,0.09049773755656108,11.05,0,BURSA,Cim,NORMAL
Bursa-2026-09-07-3,2026-09-07,2026-09-07 15:30:00,HIRÇIN DADAŞ-7,HIRÇIN DADAŞ,7,53.0,1500.0,15.0,-0.5666666666666667,-0.6288888888888889,-0.15833333333333327,0.9052839506172838,-0.19999999999999996,-0.4083333333333334,9.0,0.24508501313237172,0.5965501480371941,0.0,0.0,0.3333333333333333,0.5555555555555556,0.06666666666666667,0.0,0.25,0.25,0.25,0.25,-0.2148148148148148,0.3472222222222222,0.0,0.45,0.03968253968253968,0.03968253968253968,25.2,0,BURSA,Cim,NORMAL
Bursa-2026-09-07-3,2026-09-07,2026-09-07 15:30:00,ILGARCAN-8,ILGARCAN,8,54.0,1500.0,15.0,-0.35606060606060613,-0.2517316017316017,-0.8139249639249638,0.5400582822660744,0.18181818181818177,0.4578643578643577,11.0,0.29421497216298875,0.6453789430595718,0.0,0.0,0.2727272727272727,0.45454545454545453,0.058333333333333334,0.0,0.25,0.25,0.25,0.25,-0.5277777777777778,-0.33333333333333326,0.0,0.45,0.034482758620689655,0.034482758620689655,29.0,0,BURSA,Cim,NORMAL
Bursa-2026-09-07-3,2026-09-07,2026-09-07 15:30:00,MERDÜMGİRİZ-9,MERDÜMGİRİZ,9,55.0,1500.0,15.0,-1.5944444444444443,-1.2966666666666666,-0.9081349206349207,1.1075555555555556,-2.25,-0.6863095238095236,24.0,0.679178699175393,0.3957193885288144,0.0,0.0,0.125,0.20833333333333334,0.05,0.0,0.25,0.25,0.25,0.25,-1.2666666666666666,-0.6982142857142857,-1.0174603174603174,0.45,0.010095911155981827,0.010095911155981827,99.05,0,BURSA,Cim,NORMAL
Bursa-2026-09-07-3,2026-09-07,2026-09-07 15:30:00,KAZAN GİRİL-10,KAZAN GİRİL,10,57.0,1500.0,15.0,0.45595238095238094,0.029126984126984112,0.19143990929705218,1.342932382212144,0.6,0.26451247165532876,21.0,0.5926665999540697,0.73218059090651,0.0,0.0,0.14285714285714285,0.23809523809523808,0.058333333333333334,0.0,0.25,0.25,0.25,0.25,0.6675925925925926,0.0,0.6888888888888889,0.45,0.1869158878504673,0.1869158878504673,5.35,0,BURSA,Cim,NORMAL
Bursa-2026-09-07-3,2026-09-07,2026-09-07 15:30:00,DİKKALDIRIM-11,DİKKALDIRIM,11,51.0,1500.0,15.0,-3.75,-3.75,-3.75,10.125,-1.5,0.0,21.0,0.5926665999540697,0.49892857306851013,0.0,0.0,0.14285714285714285,0.23809523809523808,0.008333333333333333,0.0,0.25,0.25,0.25,0.25,-1.5,0.0,-3.75,0.45,0.028368794326241134,0.028368794326241134,35.25,0,BURSA,Cim,NORMAL
Bursa-2026-09-07-3,2026-09-07,2026-09-07 15:30:00,HATUN DİDEM-12,HATUN DİDEM,12,55.0,1500.0,15.0,-0.7833333333333333,-0.41,-0.41,0.493,-0.75,-0.37333333333333335,12.0,0.320821300824607,0.5535439031511183,0.0,0.0,0.25,0.4166666666666667,0.03333333333333333,0.0,0.25,0.25,0.25,0.25,-0.75,-0.875,-0.09999999999999998,0.45,0.028985507246376812,0.028985507246376812,34.5,0,BURSA,Cim,NORMAL
Bursa-2026-09-07-3,2026-09-07,2026-09-07 15:30:00,İCLAL HANIM-13,İCLAL HANIM,13,51.0,1500.0,15.0,-5.333333333333333,-4.457142857142857,-4.457142857142857,16.187755102040818,0.0,-0.8761904761904757,24.0,0.679178699175393,0.6700327828664843,0.0,0.0,0.125,0.20833333333333334,0.041666666666666664,0.0,0.25,0.25,0.25,0.25,-7.333333333333333,-2.7619047619047623,-4.457142857142857,0.45,0.11235955056179775,0.11235955056179775,8.9,0,BURSA,Cim,NORMAL
Bursa-2026-09-07-3,2026-09-07,2026-09-07 15:30:00,SARAYTAY-14,SARAYTAY,14,55.0,1500.0,15.0,0.5095238095238096,0.46632034632034625,0.5098124098124098,0.03478414947246117,0.4285714285714286,-0.000288600288600227,24.0,0.679178699175393,0.7155754540162946,0.0,0.0,0.125,0.20833333333333334,0.041666666666666664,0.0,0.25,0.25,0.25,0.25,0.55,0.5412337662337663,0.5098124098124098,0.45,0.25641025641025644,0.25641025641025644,3.9,1,BURSA,Cim,NORMAL
Bursa-2026-09-07-3,2026-09-07,2026-09-07 15:30:00,UÇAN TURBOCU-15,UÇAN TURBOCU,15,52.0,1500.0,15.0,-1.5238095238095237,-1.0178571428571428,-1.0178571428571428,1.4774659863945578,-2.0,-0.5059523809523809,22.0,0.6224593312018546,0.45031601725780157,0.0,0.0,0.13636363636363635,0.22727272727272727,0.03333333333333333,0.0,0.25,0.25,0.25,0.25,-2.0,-0.5714285714285714,0.0,0.45,0.03577817531305903,0.03577817531305903,27.95,0,BURSA,Cim,NORMAL
Bursa-2026-09-07-4,2026-09-07,2026-09-07 16:00:00,DRAGON HERO-1,DRAGON HERO,1,60.0,1400.0,14.0,0.0,-0.06666666666666665,0.2666666666666667,0.5222222222222221,0.0,-0.2666666666666667,10.0,0.2689414213699951,0.6307039836787257,0.0,0.0,0.3,0.5,0.016666666666666666,0.0,0.25,0.25,0.25,0.25,0.20606060606060606,0.5142857142857143,0.3333333333333333,0.45,0.8,0.8,1.25,0,BURSA,Cim,NORMAL
Bursa-2026-09-07-4,2026-09-07,2026-09-07 16:00:00,UNSEEN POWER-2,UNSEEN POWER,2,60.0,1400.0,14.0,-0.38095238095238093,-0.11190476190476191,-0.01428571428571428,0.3245181405895691,-1.0,-0.36666666666666664,9.0,0.24508501313237172,0.49492080964323987,0.0,0.0,0.3333333333333333,0.5555555555555556,0.03333333333333333,0.0,0.25,0.25,0.25,0.25,-0.18000000000000002,0.0,-1.0,0.45,0.03076923076923077,0.03076923076923077,32.5,0,BURSA,Cim,NORMAL
Bursa-2026-09-07-4,2026-09-07,2026-09-07 16:00:00,BOREAL-3,BOREAL,3,58.0,1400.0,14.0,0.7333333333333334,0.5034920634920634,-0.13447971781305115,0.39728319475938517,0.5,0.8678130511463845,17.0,0.46879062662624377,0.7066828910918218,0.0,0.0,0.17647058823529413,0.29411764705882354,0.05,0.0,0.25,0.25,0.25,0.25,-0.8598412698412699,0.36281179138321995,0.6622222222222222,0.45,0.10101010101010101,0.10101010101010101,9.9,0,BURSA,Cim,NORMAL
Bursa-2026-09-07-4,2026-09-07,2026-09-07 16:00:00,KAFKAS CEYLANI-4,KAFKAS CEYLANI,4,56.0,1400.0,14.0,-1.1785714285714286,-0.3738095238095238,-0.3583333333333333,1.5974773242630385,-2.0,-0.8202380952380953,12.0,0.320821300824607,0.35075679665876763,0.0,0.0,0.25,0.4166666666666667,0.016666666666666666,0.0,0.25,0.25,0.25,0.25,-0.1836734693877551,-0.6004761904761905,-0.2388888888888889,0.45,0.01506024096385542,0.01506024096385542,66.4,0,BURSA,Cim,NORMAL
Bursa-2026-09-07-4,2026-09-07,2026-09-07 16:00:00,PANCHO-5,PANCHO,5,53.0,1400.0,14.0,-2.5555555555555554,-2.1933333333333334,-2.7299999999999995,14.248000000000001,-0.33333333333333326,0.17444444444444418,11.0,0.29421497216298875,0.5897947336182096,0.0,0.0,0.2727272727272727,0.45454545454545453,0.06666666666666667,0.0,0.25,0.25,0.25,0.25,-1.1366496598639455,-1.3227272727272728,0.75,0.45,0.032467532467532464,0.032467532467532464,30.8,0,BURSA,Cim,NORMAL
Bursa-2026-09-07-4,2026-09-07,2026-09-07 16:00:00,APOLLON-6,APOLLON,6,55.0,1400.0,14.0,0.5555555555555557,-0.16666666666666663,-1.0048076923076923,1.277777777777778,0.33333333333333337,1.5603632478632479,7.0,0.20181322226037884,0.22626478106831624,1.0,0.0,0.42857142857142855,0.7142857142857143,0.06666666666666667,0.0,0.25,0.25,0.25,0.25,-0.592687074829932,-0.26377148492533103,-0.547676282051282,0.45,0.11299435028248588,0.11299435028248588,8.85,1,BURSA,Cim,NORMAL
Bursa-2026-09-07-4,2026-09-07,2026-09-07 16:00:00,KINGS POWER-7,KINGS POWER,7,56.0,1400.0,14.0,-2.211111111111111,-1.4083333333333332,-1.4083333333333332,9.911388888888888,0.16666666666666663,-0.8027777777777776,30.0,0.8175744761936437,0.705141884700456,0.0,0.0,0.1,0.16666666666666666,0.016666666666666666,0.0,0.25,0.25,0.25,0.25,-1.4083333333333332,0.0,0.0,0.45,0.02551020408163265,0.02551020408163265,39.2,0,BURSA,Cim,NORMAL
Bursa-2026-09-07-4,2026-09-07,2026-09-07 16:00:00,KUZU DAYI-8,KUZU DAYI,8,55.0,1400.0,14.0,-2.4499999999999997,-1.53,-2.941666666666667,13.351999999999999,0.4,0.49166666666666714,7.0,0.20181322226037884,0.23694106872551446,1.0,0.0,0.42857142857142855,0.7142857142857143,0.03333333333333333,0.0,0.25,0.25,0.25,0.25,-2.475,0.3833333333333333,0.0875,0.45,0.05025125628140704,0.05025125628140704,19.9,0,BURSA,Cim,NORMAL
Bursa-2026-09-07-4,2026-09-07,2026-09-07 16:00:00,QUEEN OF ALBANY-9,QUEEN OF ALBANY,9,53.0,1400.0,14.0,-1.0555555555555556,-1.1833333333333333,-0.48958333333333337,1.7722222222222221,-1.0,-0.5659722222222222,129.0,0.9999990577554062,0.4997785160720724,0.0,1.0,0.023255813953488372,0.03875968992248062,0.0,0.0,0.25,0.25,0.25,0.25,-0.48958333333333337,0.3333333333333333,0.0,0.45,0.17857142857142858,0.17857142857142858,5.6,0,BURSA,Cim,NORMAL
Bursa-2026-09-07-4,2026-09-07,2026-09-07 16:00:00,TROJAN QUEEN-10,TROJAN QUEEN,10,53.0,1400.0,14.0,-2.8666666666666667,-2.234285714285714,-1.2839285714285713,4.931591836734694,-0.6000000000000001,-1.5827380952380954,13.0,0.34864513533394575,0.5925118389065275,0.0,0.0,0.23076923076923078,0.38461538461538464,0.041666666666666664,0.0,0.25,0.25,0.25,0.25,-1.3785714285714283,-0.6119047619047618,-1.3816326530612244,0.45,0.01384083044982699,0.01384083044982699,72.25,0,BURSA,Cim,NORMAL
Bursa-2026-09-07-4,2026-09-07,2026-09-07 16:00:00,YOUNG SITARE-11,YOUNG SITARE,11,55.0,1400.0,14.0,-0.7171717171717171,-1.78030303030303,-2.4835858585858586,7.548151974288337,0.18181818181818177,1.7664141414141414,7.0,0.20181322226037884,0.21778612137892792,1.0,0.0,0.42857142857142855,0.7142857142857143,0.03333333333333333,0.0,0.25,0.25,0.25,0.25,-2.8303030303030305,-2.4835858585858586,-2.4835858585858586,0.45,0.018709073900841908,0.018709073900841908,53.45,0,BURSA,Cim,NORMAL
Bursa-2026-09-07-4,2026-09-07,2026-09-07 16:00:00,UTAH-12,UTAH,12,57.0,1400.0,14.0,0.38492063492063494,0.38492063492063494,0.38492063492063494,0.05823255228017133,0.5555555555555556,0.0,7.0,0.20181322226037884,0.25507117904672255,1.0,0.0,0.42857142857142855,0.7142857142857143,0.008333333333333333,0.0,0.25,0.25,0.25,0.25,0.38492063492063494,0.5555555555555556,0.5555555555555556,0.45,0.033112582781456956,0.033112582781456956,30.2,0,BURSA,Cim,NORMAL
Bursa-2026-09-07-4,2026-09-07,2026-09-07 16:00:00,BEYOND BRAVE-13,BEYOND BRAVE,13,52.0,1400.0,14.0,-0.0982142857142857,-0.0982142857142857,-0.0982142857142857,0.5550063775510204,-0.625,0.0,7.0,0.20181322226037884,0.15949051162703137,1.0,0.0,0.42857142857142855,0.7142857142857143,0.008333333333333333,0.0,0.25,0.25,0.25,0.25,-0.0982142857142857,-0.625,-0.625,0.45,0.019436345966958212,0.019436345966958212,51.45,0,BURSA,Cim,NORMAL
Bursa-2026-09-07-4,2026-09-07,2026-09-07 16:00:00,SILVER CROWN-14,SILVER CROWN,14,53.0,1400.0,14.0,-4.761904761904762,-2.7904761904761903,-2.7904761904761903,16.814739229024944,-0.2857142857142858,-1.9714285714285715,7.0,0.20181322226037884,0.1796018051580954,1.0,0.0,0.42857142857142855,0.7142857142857143,0.041666666666666664,0.0,0.25,0.25,0.25,0.25,-1.7619047619047619,-2.7904761904761903,-2.7904761904761903,0.45,0.015420200462606014,0.015420200462606014,64.85,0,BURSA,Cim,NORMAL
Bursa-2026-09-07-5,2026-09-07,2026-09-07 16:30:00,SİNSİNATEŞİ-1,SİNSİNATEŞİ,1,60.0,2000.0,10.0,-0.9333333333333332,-2.56,-1.2692857142857144,13.567999999999996,-1.0,0.3359523809523811,21.0,0.5926665999540697,0.5570128678204764,0.0,0.0,0.14285714285714285,0.23809523809523808,0.05,0.0,0.25,0.25,0.25,0.25,-0.5752314814814814,-1.0681096681096682,-1.391609977324263,0.45,0.05847953216374269,0.05847953216374269,17.1,0,BURSA,Cim,NORMAL
Bursa-2026-09-07-5,2026-09-07,2026-09-07 16:30:00,SOĞUKDAĞ-2,SOĞUKDAĞ,2,57.5,2000.0,10.0,0.024999999999999984,-0.185,0.14467320261437908,1.314875,-0.5,-0.1196732026143791,10.0,0.2689414213699951,0.5320393728427394,0.0,0.0,0.3,0.5,0.08333333333333333,0.0,0.25,0.25,0.25,0.25,-0.11993464052287583,-0.16766232133879194,0.4023109243697479,0.45,0.14184397163120568,0.14184397163120568,7.05,0,BURSA,Cim,NORMAL
Bursa-2026-09-07-5,2026-09-07,2026-09-07 16:30:00,ALSAKİB-3,ALSAKİB,3,56.0,2000.0,10.0,-0.38131313131313127,-0.16818181818181813,0.2813059163059163,1.551492194674013,0.2727272727272727,-0.6626190476190476,10.0,0.2689414213699951,0.6490114984003439,0.0,0.0,0.3,0.5,0.08333333333333333,0.0,0.25,0.25,0.25,0.25,0.06666666666666671,-0.34202741702741707,0.2746959389816533,0.45,0.11904761904761904,0.11904761904761904,8.4,0,BURSA,Cim,NORMAL
Bursa-2026-09-07-5,2026-09-07,2026-09-07 16:30:00,BİRGEDAĞ-4,BİRGEDAĞ,4,56.0,2000.0,10.0,0.806060606060606,0.8636363636363636,0.41994949494949496,0.027520661157024798,0.8181818181818181,0.38611111111111107,17.0,0.46879062662624377,0.7525442766776141,0.0,0.0,0.17647058823529413,0.29411764705882354,0.09166666666666666,0.0,0.25,0.25,0.25,0.25,0.48632428177882725,0.09532828282828282,-0.6039742664742661,0.45,0.14598540145985403,0.14598540145985403,6.85,0,BURSA,Cim,NORMAL
Bursa-2026-09-07-5,2026-09-07,2026-09-07 16:30:00,ALLER GÜLÜ-5,ALLER GÜLÜ,5,55.0,2000.0,10.0,-1.0277777777777777,-0.4666666666666666,-0.9878787878787879,1.1826388888888888,-2.0,-0.03989898989898977,14.0,0.3775406687981454,0.4073908805760821,0.0,0.0,0.21428571428571427,0.35714285714285715,0.06666666666666667,0.0,0.25,0.25,0.25,0.25,-0.40058721766038835,-0.835960276282857,-0.6743722943722943,0.45,0.03968253968253968,0.03968253968253968,25.2,0,BURSA,Cim,NORMAL
Bursa-2026-09-07-5,2026-09-07,2026-09-07 16:30:00,CEVATHAN-6,CEVATHAN,6,55.0,2000.0,10.0,0.9523809523809524,0.4345864661654136,-0.17721226142278773,0.7225224715925151,1.0,1.1295932138037401,7.0,0.20181322226037884,0.2783105906341069,1.0,0.0,0.42857142857142855,0.7142857142857143,0.075,0.0,0.25,0.25,0.25,0.25,-0.6785714285714286,-0.47385290148448034,-0.6476768845189899,0.45,0.3846153846153846,0.3846153846153846,2.6,1,BURSA,Cim,NORMAL
Bursa-2026-09-07-5,2026-09-07,2026-09-07 16:30:00,İKİGAİ-7,İKİGAİ,7,55.5,2000.0,10.0,-2.2083333333333335,-1.6583333333333332,-0.9558333333333333,4.6097222222222225,-5.0,-1.2525000000000002,10.0,0.2689414213699951,0.11763699212507706,0.0,0.0,0.3,0.5,0.075,0.0,0.25,0.25,0.25,0.25,-0.8150462962962964,-0.2883903133903134,-0.09516460905349794,0.45,0.06557377049180328,0.06557377049180328,15.25,0,BURSA,Cim,NORMAL
Bursa-2026-09-07-5,2026-09-07,2026-09-07 16:30:00,SANCAR EFESİ-8,SANCAR EFESİ,8,52.0,2000.0,10.0,0.7083333333333334,-1.175,-0.5358333333333334,8.684375,0.625,1.2441666666666666,7.0,0.20181322226037884,0.2471835100912604,1.0,0.0,0.42857142857142855,0.7142857142857143,0.041666666666666664,0.0,0.25,0.25,0.25,0.25,0.179421768707483,-0.2605371900826446,-0.628373015873016,0.45,0.15267175572519084,0.15267175572519084,6.55,0,BURSA,Cim,NORMAL
Bursa-2026-09-07-5,2026-09-07,2026-09-07 16:30:00,YAKUP ABİ-9,YAKUP ABİ,9,50.0,2000.0,10.0,-0.46527777777777773,-0.4625,-0.950297619047619,3.148524305555555,0.6666666666666667,0.48501984126984127,7.0,0.20181322226037884,0.2485817835044085,1.0,0.0,0.42857142857142855,0.7142857142857143,0.058333333333333334,0.0,0.25,0.25,0.25,0.25,-0.7682291666666666,-1.0551303854875285,-0.4663461538461538,0.45,0.3278688524590164,0.3278688524590164,3.05,0,BURSA,Cim,NORMAL
Bursa-2026-09-07-5,2026-09-07,2026-09-07 16:30:00,ERMERHAN-10,ERMERHAN,10,52.0,2000.0,10.0,-0.3148148148148148,-2.188888888888889,-1.6627777777777777,19.187654320987658,-0.8333333333333333,1.3479629629629628,14.0,0.3775406687981454,0.5601829943705893,0.0,0.0,0.21428571428571427,0.35714285714285715,0.025,0.0,0.25,0.25,0.25,0.25,-1.3251261701261703,-1.7640109890109887,-1.0824059110823818,0.45,0.15267175572519084,0.15267175572519084,6.55,0,BURSA,Cim,NORMAL
Bursa-2026-09-07-6,2026-09-07,2026-09-07 17:00:00,ERDUMAN-1,ERDUMAN,1,61.0,1400.0,8.0,-1.5,-0.9400000000000001,-0.7633333333333333,5.617999999999999,-5.0,-0.7366666666666667,14.0,0.3775406687981454,0.13054024514602847,0.0,0.0,0.21428571428571427,0.35714285714285715,0.06666666666666667,0.0,0.25,0.25,0.25,0.25,-0.13374037578583034,-0.20891996891996892,-0.3458333333333333,0.45,0.08928571428571429,0.08928571428571429,11.2,1,BURSA,Cim,NORMAL
Bursa-2026-09-07-6,2026-09-07,2026-09-07 17:00:00,WADRON-2,WADRON,2,58.5,1400.0,8.0,0.8666666666666667,0.6449999999999999,0.25583333333333336,0.147625,0.8,0.6108333333333333,24.0,0.679178699175393,0.7636180945840313,0.0,0.0,0.125,0.20833333333333334,0.041666666666666664,0.0,0.25,0.25,0.25,0.25,0.3234848484848485,0.715625,0.40312499999999996,0.45,0.4166666666666667,0.4166666666666667,2.4,0,BURSA,Cim,NORMAL
Bursa-2026-09-07-6,2026-09-07,2026-09-07 17:00:00,MİKEA-3,MİKEA,3,61.5,1400.0,8.0,-0.5793650793650794,-0.19761904761904764,-0.38517316017316017,2.4988378684807255,-3.0,-0.19419191919191925,14.0,0.3775406687981454,0.29120810620596344,0.0,0.0,0.21428571428571427,0.35714285714285715,0.058333333333333334,0.0,0.25,0.25,0.25,0.25,-0.47719606782106794,-0.1696674537583628,-0.8269129519129519,0.45,0.13157894736842105,0.13157894736842105,7.6,0,BURSA,Cim,NORMAL
Bursa-2026-09-07-6,2026-09-07,2026-09-07 17:00:00,BIG HONEY-4,BIG HONEY,4,59.0,1400.0,8.0,0.7658730158730158,0.5845238095238096,0.46638471177944857,0.11235827664399095,0.75,0.29948830409356725,14.0,0.3775406687981454,0.7268719359889401,0.0,0.0,0.21428571428571427,0.35714285714285715,0.06666666666666667,0.0,0.25,0.25,0.25,0.25,0.5910173160173161,0.6365019692087363,0.6365019692087363,0.45,0.4,0.4,2.5,0,BURSA,Cim,NORMAL
Bursa-2026-09-07-6,2026-09-07,2026-09-07 17:00:00,RED SMOKE-5,RED SMOKE,5,54.5,1400.0,8.0,0.5448717948717948,0.5269230769230769,0.30151709401709403,0.20554733727810653,0.25,0.2433547008547008,10.0,0.2689414213699951,0.6487550621322764,0.0,0.0,0.3,0.5,0.075,0.0,0.25,0.25,0.25,0.25,-0.18930367018602312,0.2912781662781663,0.4557387057387058,0.45,0.12820512820512822,0.12820512820512822,7.8,0,BURSA,Cim,NORMAL
Bursa-2026-09-07-6,2026-09-07,2026-09-07 17:00:00,ANGEL QUEST  K Kulaklık takılacağını ifade eder.-6,ANGEL QUEST  K Kulaklık takılacağını ifade eder.,6,56.5,1400.0,8.0,-0.388888888888889,-0.3133333333333333,-0.09435897435897433,0.8408888888888888,1.0,-0.29452991452991467,7.0,0.20181322226037884,0.29120810620596344,1.0,0.0,0.42857142857142855,0.7142857142857143,0.058333333333333334,0.0,0.25,0.25,0.25,0.25,-0.1233723265981331,0.24049450549450543,-0.2582445332445332,0.45,0.1342281879194631,0.1342281879194631,7.45,0,BURSA,Cim,NORMAL
Bursa-2026-09-07-6,2026-09-07,2026-09-07 17:00:00,AFTER BURNER-7,AFTER BURNER,7,52.5,1400.0,8.0,-1.012121212121212,-0.7406060606060607,-0.08030303030303024,4.173547291092746,0.6,-0.9318181818181818,14.0,0.3775406687981454,0.6673426112130184,0.0,0.0,0.21428571428571427,0.35714285714285715,0.058333333333333334,0.0,0.25,0.25,0.25,0.25,-2.0,-0.5336700336700336,-0.5507575757575757,0.45,0.11695906432748537,0.11695906432748537,8.55,0,BURSA,Cim,NORMAL
Bursa-2026-09-07-6,2026-09-07,2026-09-07 17:00:00,LORD OF NORTH  K Kulaklık takılacağını ifade eder.-8,LORD OF NORTH  K Kulaklık takılacağını ifade eder.,8,52.0,1400.0,8.0,0.3055555555555555,0.2788220551378446,0.46385547201336674,0.022795993743757893,0.25,-0.15829991645781122,7.0,0.20181322226037884,0.22249412972975952,1.0,0.0,0.42857142857142855,0.7142857142857143,0.041666666666666664,0.0,0.25,0.25,0.25,0.25,0.4915681709203976,0.44283698757382967,0.4846222734380629,0.45,0.023980815347721823,0.023980815347721823,41.7,0,BURSA,Cim,NORMAL
Bursa-2026-09-07-7,2026-09-07,2026-09-07 17:30:00,ALPLİ  SKG-1,ALPLİ  SKG,1,59.0,1500.0,15.0,-1.9814814814814816,-0.9852525252525254,-0.826497113997114,8.103612692582388,-0.5,-1.1549843674843676,43.0,0.9579122720843811,0.641441901625261,0.0,0.0,0.06976744186046512,0.11627906976744186,0.058333333333333334,0.0,0.25,0.25,0.25,0.25,-0.9852525252525254,0.37777777777777777,0.0,0.45,0.10416666666666667,0.10416666666666667,9.6,0,BURSA,Cim,NORMAL
Bursa-2026-09-07-7,2026-09-07,2026-09-07 17:30:00,BARLABEY-2,BARLABEY,2,59.0,1500.0,15.0,-0.5,-0.8,-0.6916666666666667,1.075,0.5,0.19166666666666665,21.0,0.5926665999540697,0.7222629137355544,0.0,0.0,0.14285714285714285,0.23809523809523808,0.058333333333333334,0.0,0.25,0.25,0.25,0.25,-0.75,-1.5,-0.5055555555555555,0.45,0.0591715976331361,0.0591715976331361,16.9,0,BURSA,Cim,NORMAL
Bursa-2026-09-07-7,2026-09-07,2026-09-07 17:30:00,CİHANDERE-3,CİHANDERE,3,54.0,1500.0,15.0,-1.1333333333333333,-0.6228571428571429,-0.6010912698412699,3.7071020408163267,0.6,-0.5322420634920634,12.0,0.320821300824607,0.7033566124198648,0.0,0.0,0.25,0.4166666666666667,0.06666666666666667,0.0,0.25,0.25,0.25,0.25,0.36031746031746026,-0.626031746031746,0.2777777777777778,0.45,0.05167958656330749,0.05167958656330749,19.35,0,BURSA,Cim,NORMAL
Bursa-2026-09-07-7,2026-09-07,2026-09-07 17:30:00,ÇAĞIM-4,ÇAĞIM,4,57.0,1500.0,15.0,-0.14444444444444446,-0.30333333333333334,-0.9921768707482992,0.8690833333333334,0.25,0.8477324263038547,21.0,0.5926665999540697,0.6965059405958596,0.0,0.0,0.14285714285714285,0.23809523809523808,0.058333333333333334,0.0,0.25,0.25,0.25,0.25,-0.30333333333333334,-0.753968253968254,-0.9921768707482992,0.45,0.023310023310023312,0.023310023310023312,42.9,0,BURSA,Cim,NORMAL
Bursa-2026-09-07-7,2026-09-07,2026-09-07 17:30:00,DOMANİÇ BEYİ-5,DOMANİÇ BEYİ,5,57.0,1500.0,15.0,-0.3333333333333333,-0.05833333333333333,-0.05833333333333333,0.3086805555555556,0.0,-0.27499999999999997,24.0,0.679178699175393,0.6715050342254059,0.0,0.0,0.125,0.20833333333333334,0.03333333333333333,0.0,0.25,0.25,0.25,0.25,-0.5,-0.2222222222222222,-0.05833333333333333,0.45,0.25,0.25,4.0,0,BURSA,Cim,NORMAL
Bursa-2026-09-07-7,2026-09-07,2026-09-07 17:30:00,DOSTBAŞAR-6,DOSTBAŞAR,6,57.0,1500.0,15.0,-1.4761904761904763,-0.8023809523809524,-1.6686507936507935,5.549433106575964,0.5714285714285714,0.19246031746031722,24.0,0.679178699175393,0.7298866611685974,0.0,0.0,0.125,0.20833333333333334,0.041666666666666664,0.0,0.25,0.25,0.25,0.25,-1.1458333333333333,0.2470238095238095,-1.0023809523809524,0.45,0.13333333333333333,0.13333333333333333,7.5,1,BURSA,Cim,NORMAL
Bursa-2026-09-07-7,2026-09-07,2026-09-07 17:30:00,KRENSİA-7,KRENSİA,7,57.0,1500.0,15.0,-0.6527777777777778,-1.7250000000000003,-1.7250000000000003,10.23576388888889,0.6666666666666667,1.0722222222222224,24.0,0.679178699175393,0.7518182627028918,0.0,0.0,0.125,0.20833333333333334,0.041666666666666664,0.0,0.25,0.25,0.25,0.25,-0.40624999999999994,-0.6527777777777778,-0.40624999999999994,0.45,0.12738853503184713,0.12738853503184713,7.85,0,BURSA,Cim,NORMAL
Bursa-2026-09-07-7,2026-09-07,2026-09-07 17:30:00,TUMBUL HABERKAN-8,TUMBUL HABERKAN,8,57.0,1500.0,15.0,0.6666666666666667,0.6666666666666667,0.6666666666666667,0.03,0.6666666666666667,0.0,17.0,0.46879062662624377,0.7381684298420623,0.0,0.0,0.17647058823529413,0.29411764705882354,0.008333333333333333,0.0,0.25,0.25,0.25,0.25,0.6666666666666667,0.6666666666666667,0.6666666666666667,0.45,0.0947867298578199,0.0947867298578199,10.55,0,BURSA,Cim,NORMAL
Bursa-2026-09-07-7,2026-09-07,2026-09-07 17:30:00,YİĞİDİM EFE-9,YİĞİDİM EFE,9,57.0,1500.0,15.0,-0.18333333333333335,-0.18333333333333335,-0.18333333333333335,0.0005555555555555517,-0.16666666666666674,0.0,23.0,0.6513548646660542,0.6692472838183057,0.0,0.0,0.13043478260869565,0.21739130434782608,0.016666666666666666,0.0,0.25,0.25,0.25,0.25,-0.16666666666666674,0.0,0.0,0.45,0.01962708537782139,0.01962708537782139,50.95,0,BURSA,Cim,NORMAL
Bursa-2026-09-07-7,2026-09-07,2026-09-07 17:30:00,BANGU-10,BANGU,10,55.0,1500.0,15.0,-0.43650793650793646,-0.5563492063492064,-0.46225749559082885,1.7920005039052658,-1.6666666666666665,0.025749559082892393,21.0,0.5926665999540697,0.4681384694186583,0.0,0.0,0.14285714285714285,0.23809523809523808,0.058333333333333334,0.0,0.25,0.25,0.25,0.25,-0.5563492063492064,-0.7230158730158731,-0.46225749559082885,0.45,0.07936507936507936,0.07936507936507936,12.6,0,BURSA,Cim,NORMAL
Bursa-2026-09-07-7,2026-09-07,2026-09-07 17:30:00,GOLAÇİYA  SKG-11,GOLAÇİYA  SKG,11,52.0,1500.0,15.0,0.6666666666666667,0.6666666666666667,0.6666666666666667,0.03,0.6666666666666667,0.0,17.0,0.46879062662624377,0.7381684298420623,0.0,0.0,0.17647058823529413,0.29411764705882354,0.008333333333333333,0.0,0.25,0.25,0.25,0.25,0.6666666666666667,0.6666666666666667,0.6666666666666667,0.45,0.0749063670411985,0.0749063670411985,13.35,0,BURSA,Cim,NORMAL
Bursa-2026-09-07-7,2026-09-07,2026-09-07 17:30:00,GÜLNARLI-12,GÜLNARLI,12,55.0,1500.0,15.0,0.5,0.5,0.5,0.03,0.5,0.0,17.0,0.46879062662624377,0.7217456674422635,0.0,0.0,0.17647058823529413,0.29411764705882354,0.008333333333333333,0.0,0.25,0.25,0.25,0.25,0.5,0.5,0.5,0.45,0.2150537634408602,0.2150537634408602,4.65,0,BURSA,Cim,NORMAL
Bursa-2026-09-07-7,2026-09-07,2026-09-07 17:30:00,ÖZASYALI-13,ÖZASYALI,13,55.0,1500.0,15.0,0.5,0.5,0.5,0.03,0.5,0.0,17.0,0.46879062662624377,0.7217456674422635,0.0,0.0,0.17647058823529413,0.29411764705882354,0.008333333333333333,0.0,0.25,0.25,0.25,0.25,0.5,0.5,0.5,0.45,0.01384083044982699,0.01384083044982699,72.25,0,BURSA,Cim,NORMAL
Bursa-2026-09-07-7,2026-09-07,2026-09-07 17:30:00,SAROSLU-14,SAROSLU,14,51.0,1500.0,15.0,0.3134920634920635,0.3134920634920635,0.3134920634920635,0.5150699168556312,0.5833333333333333,0.0,10.0,0.2689414213699951,0.7023123223380756,0.0,0.0,0.3,0.5,0.025,0.0,0.25,0.25,0.25,0.25,0.5833333333333333,0.7202380952380952,0.0,0.45,0.17391304347826086,0.17391304347826086,5.75,0,BURSA,Cim,NORMAL
Bursa-2026-09-07-7,2026-09-07,2026-09-07 17:30:00,SELİNNAZ  K Kulaklık takılacağını ifade eder.-15,SELİNNAZ  K Kulaklık takılacağını ifade eder.,15,54.0,1500.0,15.0,-3.5,-3.5,-3.5,0.03,-3.5,0.0,17.0,0.46879062662624377,0.25982799478502616,0.0,0.0,0.17647058823529413,0.29411764705882354,0.008333333333333333,0.0,0.25,0.25,0.25,0.25,-3.5,-3.5,-3.5,0.45,0.014958863126402395,0.014958863126402395,66.85,0,BURSA,Cim,NORMAL
Bursa-2026-09-07-8,2026-09-07,2026-09-07 18:00:00,ÇUKUROVA EFESİ-1,ÇUKUROVA EFESİ,1,58.0,1700.0,19.0,-2.0,-1.5533333333333332,-0.4937179487179487,6.180888888888889,1.0,-1.5062820512820512,10.0,0.2689414213699951,0.747753513669603,0.0,0.0,0.3,0.5,0.041666666666666664,0.0,0.25,0.25,0.25,0.25,0.30491452991452994,-0.3477777777777778,-0.47955128205128206,0.45,0.3448275862068966,0.3448275862068966,2.9,0,BURSA,Cim,NORMAL
Bursa-2026-09-07-8,2026-09-07,2026-09-07 18:00:00,KAYAŞAH   K Kulaklık takılacağını ifade eder.-2,KAYAŞAH   K Kulaklık takılacağını ifade eder.,2,58.0,1700.0,19.0,-0.5555555555555555,-0.09824561403508769,-0.7150318979266348,1.8457756232686982,0.33333333333333337,0.15947634237107933,10.0,0.2689414213699951,0.6681877721681662,0.0,0.0,0.3,0.5,0.10833333333333334,0.0,0.25,0.25,0.25,0.25,-0.34209299472457366,-0.6881409526146367,-0.4170557512662776,0.45,0.05865102639296187,0.05865102639296187,17.05,0,BURSA,Cim,NORMAL
Bursa-2026-09-07-8,2026-09-07,2026-09-07 18:00:00,SARPDAĞ-3,SARPDAĞ,3,58.0,1700.0,19.0,0.5740740740740741,0.2777777777777778,-0.22638888888888892,0.36728395061728397,0.2222222222222222,0.8004629629629629,7.0,0.20181322226037884,0.21848941415034887,1.0,0.0,0.42857142857142855,0.7142857142857143,0.016666666666666666,0.0,0.25,0.25,0.25,0.25,0.0,-0.39444444444444443,0.0,0.45,0.05263157894736842,0.05263157894736842,0.0,0,BURSA,Cim,NORMAL
Bursa-2026-09-07-8,2026-09-07,2026-09-07 18:00:00,DAĞ YONCASI-4,DAĞ YONCASI,4,56.0,1700.0,19.0,0.7489177489177489,0.04935064935064937,-0.9961580086580086,0.9749686100335452,0.7142857142857143,1.7450757575757576,7.0,0.20181322226037884,0.2569670132124935,1.0,0.0,0.42857142857142855,0.7142857142857143,0.058333333333333334,0.0,0.25,0.25,0.25,0.25,-0.36734693877551017,-0.9359012199921292,-0.5503246753246753,0.45,0.11695906432748537,0.11695906432748537,8.55,0,BURSA,Cim,NORMAL
Bursa-2026-09-07-8,2026-09-07,2026-09-07 18:00:00,ELİFLİ-5,ELİFLİ,5,56.0,1700.0,19.0,-2.5833333333333335,-1.5595238095238095,-2.3464285714285715,2.2439058956916096,-3.0,-0.23690476190476195,194.0,0.9999999997210531,0.2560413591551731,0.0,1.0,0.015463917525773196,0.02577319587628866,0.0,0.0,0.25,0.25,0.25,0.25,-1.5,-1.2916666666666667,-2.3,0.45,0.07299270072992702,0.07299270072992702,13.7,0,BURSA,Cim,NORMAL
Bursa-2026-09-07-8,2026-09-07,2026-09-07 18:00:00,ESENYIL-6,ESENYIL,6,56.0,1700.0,19.0,-1.4285714285714286,-2.257142857142857,-2.5626984126984125,6.40204081632653,1.0,1.1341269841269839,7.0,0.20181322226037884,0.26938223639524167,1.0,0.0,0.42857142857142855,0.7142857142857143,0.08333333333333333,0.0,0.25,0.25,0.25,0.25,-2.669160997732426,-0.8696417961123843,-0.29664953102453107,0.45,0.10526315789473684,0.10526315789473684,9.5,0,BURSA,Cim,NORMAL
Bursa-2026-09-07-8,2026-09-07,2026-09-07 18:00:00,HÜMALI KIZ-7,HÜMALI KIZ,7,56.0,1700.0,19.0,-0.6296296296296297,-1.0777777777777777,-1.4622655122655122,2.2478395061728396,0.7777777777777778,0.8326358826358825,7.0,0.20181322226037884,0.2630750533395965,1.0,0.0,0.42857142857142855,0.7142857142857143,0.058333333333333334,0.0,0.25,0.25,0.25,0.25,-0.4656084656084656,-0.20160308441558444,-0.7512626262626262,0.45,0.2298850574712644,0.2298850574712644,4.35,0,BURSA,Cim,NORMAL
Bursa-2026-09-07-8,2026-09-07,2026-09-07 18:00:00,İYİMSER-8,İYİMSER,8,56.0,1700.0,19.0,-1.2380952380952381,-0.48285714285714293,-0.28341991341991346,6.3902448979591835,0.7142857142857143,-0.9546753246753247,13.0,0.34864513533394575,0.7216534870930799,0.0,0.0,0.23076923076923078,0.38461538461538464,0.06666666666666667,0.0,0.25,0.25,0.25,0.25,0.16190476190476194,-1.4285714285714288,0.0,0.45,0.04008016032064128,0.04008016032064128,24.95,0,BURSA,Cim,NORMAL
Bursa-2026-09-07-8,2026-09-07,2026-09-07 18:00:00,LİNAM-9,LİNAM,9,56.0,1700.0,19.0,-3.5833333333333335,-2.1016666666666666,-1.9633333333333334,4.283972222222223,-4.0,-1.62,10.0,0.2689414213699951,0.17882717949953716,0.0,0.0,0.3,0.5,0.03333333333333333,0.0,0.25,0.25,0.25,0.25,-1.875,-0.7518849206349206,-0.928422619047619,0.45,0.07299270072992702,0.07299270072992702,13.7,0,BURSA,Cim,NORMAL
Bursa-2026-09-07-8,2026-09-07,2026-09-07 18:00:00,SÜTLİMAN-10,SÜTLİMAN,10,56.0,1700.0,19.0,0.17777777777777773,0.45666666666666667,-0.0005827505827505685,0.5010555555555556,0.19999999999999996,0.1783605283605283,7.0,0.20181322226037884,0.1981719486611849,1.0,0.0,0.42857142857142855,0.7142857142857143,0.08333333333333333,0.0,0.25,0.25,0.25,0.25,-0.12896825396825398,-0.23897058823529416,-0.19626821142658246,0.45,0.06779661016949153,0.06779661016949153,14.75,1,BURSA,Cim,NORMAL
Bursa-2026-09-07-8,2026-09-07,2026-09-07 18:00:00,MÜRDÜN KIZ-11,MÜRDÜN KIZ,11,56.0,1700.0,19.0,0.19545454545454546,-0.2993939393939394,-0.7225541125541125,1.045721533516988,-0.75,0.9180086580086579,56.0,0.991422514586288,0.6173509300267404,0.0,0.0,0.05357142857142857,0.08928571428571429,0.025,0.0,0.25,0.25,0.25,0.25,-0.8374999999999999,0.314208410636982,0.19545454545454546,0.45,0.09259259259259259,0.09259259259259259,10.8,0,BURSA,Cim,NORMAL
Bursa-2026-09-07-8,2026-09-07,2026-09-07 18:00:00,EMSALLİ ER-12,EMSALLİ ER,12,58.0,1700.0,19.0,0.11868686868686869,0.11406926406926406,0.3906926406926407,0.15641901388654633,0.41666666666666663,-0.27200577200577203,10.0,0.2689414213699951,0.6874733529479272,0.0,0.0,0.3,0.5,0.05,0.0,0.25,0.25,0.25,0.25,0.3579437229437229,0.21120902906617192,-0.07239275875639513,0.45,0.026595744680851064,0.026595744680851064,37.6,0,BURSA,Cim,NORMAL
Bursa-2026-09-07-8,2026-09-07,2026-09-07 18:00:00,TEKFORD ACL-13,TEKFORD ACL,13,58.0,1700.0,19.0,0.05555555555555558,-0.7333333333333332,-0.42000000000000004,1.8416666666666663,0.5,0.4755555555555556,18.0,0.5,0.7236841525378117,0.0,0.0,0.16666666666666666,0.2777777777777778,0.058333333333333334,0.0,0.25,0.25,0.25,0.25,-2.2204460492503132e-17,-0.24999999999999997,-0.4670068027210884,0.45,0.13793103448275862,0.13793103448275862,7.25,0,BURSA,Cim,NORMAL
Bursa-2026-09-07-8,2026-09-07,2026-09-07 18:00:00,ONURSÜREN   SKG-14,ONURSÜREN   SKG,14,58.0,1700.0,19.0,0.35353535353535354,0.26926406926406926,-0.08465367965367968,0.07744274324360904,0.7272727272727273,0.43818903318903324,7.0,0.20181322226037884,0.2633492999239039,1.0,0.0,0.42857142857142855,0.7142857142857143,0.025,0.0,0.25,0.25,0.25,0.25,0.17824675324675324,-0.007575757575757569,0.7272727272727273,0.45,0.030721966205837177,0.030721966205837177,32.55,0,BURSA,Cim,NORMAL
Bursa-2026-09-07-8,2026-09-07,2026-09-07 18:00:00,FOREVER DERYA-15,FOREVER DERYA,15,56.0,1700.0,19.0,-5.5,-5.5,-5.5,0.03,-5.5,0.0,13.0,0.34864513533394575,0.11055812186957295,0.0,0.0,0.23076923076923078,0.38461538461538464,0.016666666666666666,0.0,0.25,0.25,0.25,0.25,0.0,0.0,0.0,0.45,0.007246376811594203,0.007246376811594203,138.0,0,BURSA,Cim,NORMAL
Bursa-2026-09-07-8,2026-09-07,2026-09-07 18:00:00,ŞANSIBOLBEY-16,ŞANSIBOLBEY,16,57.0,1700.0,19.0,-0.7692307692307692,-0.8615384615384615,-0.824102564102564,1.4420118343195263,-1.0,0.05487179487179483,17.0,0.46879062662624377,0.5336744368828524,0.0,0.0,0.17647058823529413,0.29411764705882354,0.06666666666666667,0.0,0.25,0.25,0.25,0.25,-1.2625,-1.850915750915751,-0.5062740678125294,0.45,0.050761421319796954,0.050761421319796954,19.7,0,BURSA,Cim,NORMAL
Bursa-2026-09-07-8,2026-09-07,2026-09-07 18:00:00,BERİVANCAN   K Kulaklık takılacağını ifade eder.-17,BERİVANCAN   K Kulaklık takılacağını ifade eder.,17,55.0,1700.0,19.0,0.05555555555555558,0.25333333333333335,-0.4066666666666666,0.25630555555555556,0.75,0.4622222222222222,10.0,0.2689414213699951,0.7012864554229528,0.0,0.0,0.3,0.5,0.06666666666666667,0.0,0.25,0.25,0.25,0.25,-3.75,0.0,0.44345238095238093,0.45,0.03552397868561279,0.03552397868561279,28.15,0,BURSA,Cim,NORMAL
Bursa-2026-09-07-8,2026-09-07,2026-09-07 18:00:00,HANENKIZ-18,HANENKIZ,18,55.0,1700.0,19.0,-5.446428571428572,-3.2335137085137085,-2.1917568542568544,43.473671398847266,-0.7142857142857142,-3.2546717171717177,10.0,0.2689414213699951,0.5604176266255372,0.0,0.0,0.3,0.5,0.025,0.0,0.25,0.25,0.25,0.25,-2.9335137085137086,-1.821690935327299,-1.317943722943723,0.45,0.008676789587852495,0.008676789587852495,115.25,0,BURSA,Cim,NORMAL
Bursa-2026-09-07-8,2026-09-07,2026-09-07 18:00:00,AZUŞUN KIZI-19,AZUŞUN KIZI,19,54.0,1700.0,19.0,-1.1666666666666667,-0.5412698412698413,-0.5275573192239859,1.7624842529604428,-1.0,-0.6391093474426809,10.0,0.2689414213699951,0.5046077126953773,0.0,0.0,0.3,0.5,0.016666666666666666,0.0,0.25,0.25,0.25,0.25,0.0,-0.3333333333333333,-0.1544784580498866,0.45,0.006846970215679561,0.006846970215679561,146.05,0,BURSA,Cim,NORMAL
Elazığ-2026-09-07-1,2026-09-07,2026-09-07 17:45:00,SEDERİ GÜZELİ-1,SEDERİ GÜZELİ,1,58.0,1600.0,8.0,0.3148148148148148,0.32222222222222224,0.4166666666666667,0.2598765432098765,0.4444444444444444,-0.10185185185185186,7.0,0.20181322226037884,0.21433870933312418,1.0,0.0,0.42857142857142855,0.7142857142857143,0.06666666666666667,0.0,0.25,0.25,0.25,0.25,0.0,0.196969696969697,0.196969696969697,0.45,0.0851063829787234,0.0851063829787234,11.75,0,ELAZIĞ,Kum,NORMAL
Elazığ-2026-09-07-1,2026-09-07,2026-09-07 17:45:00,SON KRALİÇE-2,SON KRALİÇE,2,58.0,1600.0,8.0,0.11111111111111112,0.3666666666666667,-0.23273809523809522,0.6722222222222223,1.0,0.34384920634920635,7.0,0.20181322226037884,0.26479557507887214,1.0,0.0,0.42857142857142855,0.7142857142857143,0.06666666666666667,0.0,0.25,0.25,0.25,0.25,-1.0,-0.23273809523809522,-0.06770833333333331,0.45,0.15873015873015872,0.15873015873015872,6.3,0,ELAZIĞ,Kum,NORMAL
Elazığ-2026-09-07-1,2026-09-07,2026-09-07 17:45:00,GÜZELBİLGE  K Kulaklık takılacağını ifade eder.-3,GÜZELBİLGE  K Kulaklık takılacağını ifade eder.,3,57.0,1600.0,8.0,-3.1111111111111107,-2.0666666666666664,-2.1333333333333337,8.022222222222222,-6.0,-0.977777777777777,7.0,0.20181322226037884,0.010688327711300537,1.0,0.0,0.42857142857142855,0.7142857142857143,0.075,0.0,0.25,0.25,0.25,0.25,0.0,-1.8939393939393943,-1.8939393939393943,0.45,0.06557377049180328,0.06557377049180328,15.25,0,ELAZIĞ,Kum,NORMAL
Elazığ-2026-09-07-1,2026-09-07,2026-09-07 17:45:00,HİFANINOĞLU-4,HİFANINOĞLU,4,57.0,1600.0,8.0,0.4055555555555556,0.6033333333333333,0.6033333333333333,0.10422222222222222,0.6666666666666667,-0.19777777777777766,12.0,0.320821300824607,0.7023123223380756,0.0,0.0,0.25,0.4166666666666667,0.041666666666666664,0.0,0.25,0.25,0.25,0.25,0.8,0.6033333333333333,0.4833333333333334,0.45,0.2127659574468085,0.2127659574468085,4.7,0,ELAZIĞ,Kum,NORMAL
Elazığ-2026-09-07-1,2026-09-07,2026-09-07 17:45:00,KAUÇUKÇU  K Kulaklık takılacağını ifade eder. SKG-5,KAUÇUKÇU  K Kulaklık takılacağını ifade eder. SKG,5,57.0,1600.0,8.0,-0.09523809523809519,-0.7142857142857142,-0.7142857142857142,4.86734693877551,1.0,0.619047619047619,7.0,0.20181322226037884,0.2902629850579856,1.0,0.0,0.42857142857142855,0.7142857142857143,0.025,0.0,0.25,0.25,0.25,0.25,1.0,0.8571428571428572,0.8571428571428572,0.45,0.20202020202020202,0.20202020202020202,4.95,0,ELAZIĞ,Kum,NORMAL
Elazığ-2026-09-07-1,2026-09-07,2026-09-07 17:45:00,NALIN SESİ-6,NALIN SESİ,6,57.0,1600.0,8.0,0.75,-1.1300000000000001,-1.1300000000000001,14.922,1.0,1.8800000000000001,26.0,0.7310585786300049,0.7840223877649442,0.0,0.0,0.11538461538461539,0.19230769230769232,0.041666666666666664,0.0,0.25,0.25,0.25,0.25,-3.5,0.75,0.75,0.45,0.6666666666666666,0.6666666666666666,1.5,1,ELAZIĞ,Kum,NORMAL
Elazığ-2026-09-07-1,2026-09-07,2026-09-07 17:45:00,NECAT-8,NECAT,8,57.0,1600.0,8.0,-1.2698412698412698,-0.4819047619047619,-0.2803571428571428,4.032589569160997,-4.0,-0.989484126984127,26.0,0.7310585786300049,0.22957064152795412,0.0,0.0,0.11538461538461539,0.19230769230769232,0.041666666666666664,0.0,0.25,0.25,0.25,0.25,-4.0,-0.2803571428571428,-0.5404761904761904,0.45,0.044345898004434586,0.044345898004434586,22.55,0,ELAZIĞ,Kum,NORMAL
Elazığ-2026-09-07-2,2026-09-07,2026-09-07 18:30:00,ARASIN KIZI-1,ARASIN KIZI,1,57.0,1500.0,8.0,-0.6666666666666667,-0.6666666666666667,-0.6666666666666667,0.03,-0.6666666666666667,0.0,12.0,0.320821300824607,0.560534932634293,0.0,0.0,0.25,0.4166666666666667,0.008333333333333333,0.0,0.25,0.25,0.25,0.25,0.0,-0.6666666666666667,-0.6666666666666667,0.45,0.2469135802469136,0.2469135802469136,4.05,0,ELAZIĞ,Kum,NORMAL
Elazığ-2026-09-07-2,2026-09-07,2026-09-07 18:30:00,GIFT OF ANGELS-2,GIFT OF ANGELS,2,57.0,1500.0,8.0,-0.5,-0.5,-0.5,0.5,0.0,0.0,12.0,0.320821300824607,0.6387631751488418,0.0,0.0,0.25,0.4166666666666667,0.016666666666666666,0.0,0.25,0.25,0.25,0.25,0.0,-0.5,-0.5,0.45,0.37735849056603776,0.37735849056603776,2.65,0,ELAZIĞ,Kum,NORMAL
Elazığ-2026-09-07-2,2026-09-07,2026-09-07 18:30:00,GRAND NEVA-3,GRAND NEVA,3,54.0,1500.0,8.0,-0.48333333333333334,-0.48333333333333334,-0.48333333333333334,0.2008333333333333,-1.0,0.0,21.0,0.5926665999540697,0.5742096828821774,0.0,0.0,0.14285714285714285,0.23809523809523808,0.025,0.0,0.25,0.25,0.25,0.25,-1.0,-0.48333333333333334,-0.48333333333333334,0.45,0.125,0.125,0.0,0,ELAZIĞ,Kum,NORMAL
Elazığ-2026-09-07-2,2026-09-07,2026-09-07 18:30:00,KRISTAL NACHT-4,KRISTAL NACHT,4,57.0,1500.0,8.0,-2.533333333333333,-2.533333333333333,-2.533333333333333,9.053333333333333,-0.6000000000000001,0.0,26.0,0.7310585786300049,0.6067917194881167,0.0,0.0,0.11538461538461539,0.19230769230769232,0.025,0.0,0.25,0.25,0.25,0.25,0.0,-2.533333333333333,-2.533333333333333,0.45,0.04395604395604396,0.04395604395604396,22.75,0,ELAZIĞ,Kum,NORMAL
Elazığ-2026-09-07-2,2026-09-07,2026-09-07 18:30:00,LADY ÇEVİK-5,LADY ÇEVİK,5,57.0,1500.0,8.0,0.2916666666666667,-0.425,-0.425,2.10625,0.25,0.7166666666666667,12.0,0.320821300824607,0.6626218371700825,0.0,0.0,0.25,0.4166666666666667,0.041666666666666664,0.0,0.25,0.25,0.25,0.25,0.0,-0.425,-0.425,0.45,0.37735849056603776,0.37735849056603776,2.65,0,ELAZIĞ,Kum,NORMAL
Elazığ-2026-09-07-2,2026-09-07,2026-09-07 18:30:00,MERYEMCAN-6,MERYEMCAN,6,57.0,1500.0,8.0,0.2833333333333333,-1.73,-1.4416666666666667,8.427,0.6,1.725,12.0,0.320821300824607,0.699166789753104,0.0,0.0,0.25,0.4166666666666667,0.05,0.0,0.25,0.25,0.25,0.25,0.0,-1.4416666666666667,-1.03,0.45,0.37735849056603776,0.37735849056603776,2.65,0,ELAZIĞ,Kum,NORMAL
Elazığ-2026-09-07-2,2026-09-07,2026-09-07 18:30:00,SAND QUEEN-7,SAND QUEEN,7,57.0,1500.0,8.0,0.5416666666666667,0.5416666666666667,0.5416666666666667,0.08680555555555554,0.75,0.0,12.0,0.320821300824607,0.7201085268004915,0.0,0.0,0.25,0.4166666666666667,0.016666666666666666,0.0,0.25,0.25,0.25,0.25,0.0,0.5416666666666667,0.5416666666666667,0.45,0.31746031746031744,0.31746031746031744,3.15,1,ELAZIĞ,Kum,NORMAL
Elazığ-2026-09-07-2,2026-09-07,2026-09-07 18:30:00,TIME OF DREAMS  K Kulaklık takılacağını ifade eder.-8,TIME OF DREAMS  K Kulaklık takılacağını ifade eder.,8,57.0,1500.0,8.0,0.45,0.45,0.45,0.03,0.45,0.0,30.0,0.8175744761936437,0.7499476922271856,0.0,0.0,0.1,0.16666666666666666,0.0,0.0,0.25,0.25,0.25,0.25,0.45,0.45,0.45,0.45,0.07547169811320754,0.07547169811320754,13.25,0,ELAZIĞ,Kum,NORMAL
Elazığ-2026-09-07-3,2026-09-07,2026-09-07 19:00:00,ASALTIN-1,ASALTIN,1,62.0,1200.0,13.0,-1.1111111111111112,-0.31111111111111117,0.013675213675213672,2.8913580246913577,-2.3333333333333335,-1.1247863247863248,16.0,0.43782349911420193,0.3331068193727646,0.0,0.0,0.1875,0.3125,0.05,0.0,0.25,0.25,0.25,0.25,-0.03281562881562883,-0.2480854700854701,0.19444444444444442,0.45,0.12738853503184713,0.12738853503184713,7.85,0,ELAZIĞ,Kum,NORMAL
Elazığ-2026-09-07-3,2026-09-07,2026-09-07 19:00:00,BELLAFINA-2,BELLAFINA,2,60.0,1200.0,13.0,0.4666666666666666,0.18,-0.15,0.312,0.4,0.6166666666666666,12.0,0.320821300824607,0.700567142473973,0.0,0.0,0.25,0.4166666666666667,0.041666666666666664,0.0,0.25,0.25,0.25,0.25,-0.24041666666666667,0.17465277777777777,0.7038461538461539,0.45,0.3508771929824561,0.3508771929824561,2.85,0,ELAZIĞ,Kum,NORMAL
Elazığ-2026-09-07-3,2026-09-07,2026-09-07 19:00:00,MY SİXTH SENSE-3,MY SİXTH SENSE,3,60.0,1200.0,13.0,0.3888888888888889,-1.3666666666666667,-1.3314285714285714,13.838888888888885,0.0,1.7203174603174602,21.0,0.5926665999540697,0.6825930793497779,0.0,0.0,0.14285714285714285,0.23809523809523808,0.06666666666666667,0.0,0.25,0.25,0.25,0.25,-0.2956307977736549,-0.726448740653286,0.16666666666666666,0.45,0.136986301369863,0.136986301369863,7.3,1,ELAZIĞ,Kum,NORMAL
Elazığ-2026-09-07-3,2026-09-07,2026-09-07 19:00:00,OĞUZ BAŞKAN-4,OĞUZ BAŞKAN,4,60.0,1200.0,13.0,-2.533333333333333,-1.301818181818182,-1.1875757575757577,5.2736528925619846,-1.6,-1.3457575757575755,16.0,0.43782349911420193,0.48229906704556896,0.0,0.0,0.1875,0.3125,0.041666666666666664,0.0,0.25,0.25,0.25,0.25,-0.8029290757551628,-0.40037665326126864,-0.2803030303030303,0.45,0.03552397868561279,0.03552397868561279,28.15,0,ELAZIĞ,Kum,NORMAL
Elazığ-2026-09-07-3,2026-09-07,2026-09-07 19:00:00,BUMMER GIRL-5,BUMMER GIRL,5,58.0,1200.0,13.0,-2.638888888888889,-3.103333333333333,-4.268333333333333,20.25338888888889,0.75,1.6294444444444438,12.0,0.320821300824607,0.7385282936326952,0.0,0.0,0.25,0.4166666666666667,0.025,0.0,0.25,0.25,0.25,0.25,-0.6007131757131757,-1.0690476190476188,0.75,0.45,0.21052631578947367,0.21052631578947367,4.75,0,ELAZIĞ,Kum,NORMAL
Elazığ-2026-09-07-3,2026-09-07,2026-09-07 19:00:00,ATLANTIC BLACK-6,ATLANTIC BLACK,6,57.0,1200.0,13.0,0.24801587301587302,0.26309523809523805,0.1239718614718615,0.047200963718820856,0.2857142857142857,0.12404401154401153,8.0,0.22270013882530884,0.6231305350796066,0.0,0.0,0.375,0.625,0.05,0.0,0.25,0.25,0.25,0.25,-0.3803571428571429,-0.5497997835497834,-0.5182960557960556,0.45,0.06896551724137931,0.06896551724137931,14.5,0,ELAZIĞ,Kum,NORMAL
Elazığ-2026-09-07-3,2026-09-07,2026-09-07 19:00:00,TRAP ZONE-7,TRAP ZONE,7,57.0,1200.0,13.0,0.28703703703703703,0.22111111111111112,0.29555555555555557,0.26543827160493827,0.75,-0.008518518518518536,23.0,0.6513548646660542,0.7667021817121268,0.0,0.0,0.13043478260869565,0.21739130434782608,0.025,0.0,0.25,0.25,0.25,0.25,0.27478787878787875,-0.029343434343434324,0.2777777777777778,0.45,0.136986301369863,0.136986301369863,7.3,0,ELAZIĞ,Kum,NORMAL
Elazığ-2026-09-07-3,2026-09-07,2026-09-07 19:00:00,THE LAST UNICORN-8,THE LAST UNICORN,8,53.0,1200.0,13.0,0.1483516483516483,0.24901098901098898,0.5264499389499389,0.11871368192247317,-0.2857142857142858,-0.3780982905982906,19.0,0.5312093733737563,0.5971994272425033,0.0,0.0,0.15789473684210525,0.2631578947368421,0.016666666666666666,0.0,0.25,0.25,0.25,0.25,0.7549620132953465,0.46084020146520155,-0.02747252747252754,0.45,0.058823529411764705,0.058823529411764705,17.0,0,ELAZIĞ,Kum,NORMAL
Elazığ-2026-09-07-3,2026-09-07,2026-09-07 19:00:00,SEHERİN YELİ-9,SEHERİN YELİ,9,54.0,1200.0,13.0,-2.0833333333333335,-1.59,-0.715580808080808,7.578000000000001,0.0,-1.3677525252525253,9.0,0.24508501313237172,0.6343933388399132,0.0,0.0,0.3333333333333333,0.5555555555555556,0.03333333333333333,0.0,0.25,0.25,0.25,0.25,-0.46012906846240187,-0.4563710016835017,-0.10000000000000002,0.45,0.12903225806451613,0.12903225806451613,7.75,0,ELAZIĞ,Kum,NORMAL
Elazığ-2026-09-07-3,2026-09-07,2026-09-07 19:00:00,CAFER BEY-10,CAFER BEY,10,56.0,1200.0,13.0,0.01178451178451175,-0.026262626262626276,0.2782972582972583,0.0552163044587287,0.16666666666666663,-0.2665127465127466,23.0,0.6513548646660542,0.7078123138812956,0.0,0.0,0.13043478260869565,0.21739130434782608,0.041666666666666664,0.0,0.25,0.25,0.25,0.25,-0.42868109668109666,-0.6867724867724868,0.0,0.45,0.05952380952380952,0.05952380952380952,16.8,0,ELAZIĞ,Kum,NORMAL
Elazığ-2026-09-07-3,2026-09-07,2026-09-07 19:00:00,GARONOR-11,GARONOR,11,58.0,1200.0,13.0,-1.25,-0.75,-0.39,1.8125,-0.75,-0.86,5.0,0.16451646289656316,0.10909682119561294,1.0,0.0,0.6,1.0,0.05,0.0,0.25,0.25,0.25,0.25,-0.08981481481481479,-0.5587463556851311,-0.5813311688311686,0.45,0.06211180124223602,0.06211180124223602,16.1,0,ELAZIĞ,Kum,NORMAL
Elazığ-2026-09-07-3,2026-09-07,2026-09-07 19:00:00,BEYAZ SARAY-12,BEYAZ SARAY,12,56.0,1200.0,13.0,-0.9642857142857143,-0.9642857142857143,-0.9642857142857143,4.716836734693877,-2.5,0.0,191.0,0.9999999995941349,0.3385202879715142,0.0,1.0,0.015706806282722512,0.02617801047120419,0.0,0.0,0.25,0.25,0.25,0.25,-0.9642857142857143,-0.9642857142857143,0.0,0.45,0.0423728813559322,0.0423728813559322,23.6,0,ELAZIĞ,Kum,NORMAL
Elazığ-2026-09-07-3,2026-09-07,2026-09-07 19:00:00,ZALIMIN OĞLU  K Kulaklık takılacağını ifade eder.-13,ZALIMIN OĞLU  K Kulaklık takılacağını ifade eder.,13,52.5,1200.0,13.0,0.45,0.45,0.45,0.03,0.45,0.0,30.0,0.8175744761936437,0.7499476922271856,0.0,0.0,0.1,0.16666666666666666,0.0,0.0,0.25,0.25,0.25,0.25,0.45,0.45,0.45,0.45,0.01409443269908386,0.01409443269908386,70.95,0,ELAZIĞ,Kum,NORMAL
Elazığ-2026-09-07-4,2026-09-07,2026-09-07 19:30:00,ELELE-1,ELELE,1,62.0,1500.0,17.0,0.22222222222222224,0.3238095238095238,-0.8964285714285716,0.2782312925170068,1.0,1.118650793650794,16.0,0.43782349911420193,0.7629943537800422,0.0,0.0,0.1875,0.3125,0.03333333333333333,0.0,0.25,0.25,0.25,0.25,-1.185374149659864,-0.6011904761904762,0.0,0.45,0.07905138339920949,0.07905138339920949,12.65,0,ELAZIĞ,Kum,NORMAL
Elazığ-2026-09-07-4,2026-09-07,2026-09-07 19:30:00,KADIKÖY GÜZELİ-2,KADIKÖY GÜZELİ,2,62.0,1500.0,17.0,-2.3333333333333335,-2.0545454545454547,-2.0022727272727274,5.242148760330578,1.0,-0.33106060606060606,26.0,0.7310585786300049,0.7709787740630029,0.0,0.0,0.11538461538461539,0.19230769230769232,0.05,0.0,0.25,0.25,0.25,0.25,-1.8045565545565547,-1.3634768740031897,-1.0532976827094473,0.45,0.13245033112582782,0.13245033112582782,7.55,0,ELAZIĞ,Kum,NORMAL
Elazığ-2026-09-07-4,2026-09-07,2026-09-07 19:30:00,DENİZ LARA-3,DENİZ LARA,3,59.0,1500.0,17.0,0.15555555555555559,0.39333333333333337,-1.7603174603174603,0.6402222222222222,-1.0,1.915873015873016,14.0,0.3775406687981454,0.5204647512939876,0.0,0.0,0.21428571428571427,0.35714285714285715,0.058333333333333334,0.0,0.25,0.25,0.25,0.25,-2.7809523809523804,-0.9803571428571427,-1.0999999999999999,0.45,0.37735849056603776,0.37735849056603776,2.65,0,ELAZIĞ,Kum,NORMAL
Elazığ-2026-09-07-4,2026-09-07,2026-09-07 19:30:00,LADY SCREAM-4,LADY SCREAM,4,58.0,1500.0,17.0,0.1835497835497835,0.043463203463203405,-0.1555411255411256,0.8237309645621335,0.19999999999999996,0.3390909090909091,16.0,0.43782349911420193,0.6789970929077888,0.0,0.0,0.1875,0.3125,0.058333333333333334,0.0,0.25,0.25,0.25,0.25,-1.3465608465608467,-0.6228673287496819,-0.8571428571428571,0.45,0.047961630695443645,0.047961630695443645,20.85,0,ELAZIĞ,Kum,NORMAL
Elazığ-2026-09-07-4,2026-09-07,2026-09-07 19:30:00,LUCKY ANGEL-5,LUCKY ANGEL,5,58.0,1500.0,17.0,-2.0,-1.047222222222222,-1.2502777777777778,2.3236496913580247,-1.0,-0.7497222222222222,16.0,0.43782349911420193,0.5355648379838539,0.0,0.0,0.1875,0.3125,0.06666666666666667,0.0,0.25,0.25,0.25,0.25,-1.277557319223986,-1.9722222222222223,-2.0,0.45,0.07220216606498195,0.07220216606498195,13.85,0,ELAZIĞ,Kum,NORMAL
Elazığ-2026-09-07-4,2026-09-07,2026-09-07 19:30:00,ÜNLÜ EKİN-6,ÜNLÜ EKİN,6,58.0,1500.0,17.0,-1.5,-2.3333333333333335,-1.025,9.98263888888889,-1.25,-0.4750000000000001,26.0,0.7310585786300049,0.5238600688669209,0.0,0.0,0.11538461538461539,0.19230769230769232,0.041666666666666664,0.0,0.25,0.25,0.25,0.25,-0.8125,-0.6767857142857144,-0.25,0.45,0.03853564547206166,0.03853564547206166,25.95,0,ELAZIĞ,Kum,NORMAL
Elazığ-2026-09-07-4,2026-09-07,2026-09-07 19:30:00,DREAM ASIYA-7,DREAM ASIYA,7,56.5,1500.0,17.0,-1.25,-1.95,-1.01,5.6375,-2.0,-0.24,16.0,0.43782349911420193,0.4147977003040842,0.0,0.0,0.1875,0.3125,0.05,0.0,0.25,0.25,0.25,0.25,-0.5221655328798186,-0.7821219715956559,0.0,0.45,0.02642007926023778,0.02642007926023778,37.85,0,ELAZIĞ,Kum,NORMAL
Elazığ-2026-09-07-4,2026-09-07,2026-09-07 19:30:00,MANOYELA-8,MANOYELA,8,56.5,1500.0,17.0,-0.3888888888888889,0.013333333333333286,0.013333333333333286,1.4703333333333333,-2.0,-0.4022222222222222,26.0,0.7310585786300049,0.430579505323006,0.0,0.0,0.11538461538461539,0.19230769230769232,0.041666666666666664,0.0,0.25,0.25,0.25,0.25,0.41666666666666663,0.013333333333333286,0.013333333333333286,0.45,0.13986013986013984,0.13986013986013984,7.15,0,ELAZIĞ,Kum,NORMAL
Elazığ-2026-09-07-4,2026-09-07,2026-09-07 19:30:00,ANDROMEDA STAR-9,ANDROMEDA STAR,9,56.0,1500.0,17.0,0.3333333333333333,0.36,-0.051948051948051986,0.248,1.0,0.3852813852813853,19.0,0.5312093733737563,0.7601192371133871,0.0,0.0,0.15789473684210525,0.2631578947368421,0.058333333333333334,0.0,0.25,0.25,0.25,0.25,-1.3212121212121213,-0.5322677322677322,0.39591836734693875,0.45,0.2531645569620253,0.2531645569620253,3.95,1,ELAZIĞ,Kum,NORMAL
Elazığ-2026-09-07-4,2026-09-07,2026-09-07 19:30:00,CASHOUT-10,CASHOUT,10,56.0,1500.0,17.0,-2.0,-1.42,-1.2274999999999998,1.9120000000000004,-3.0,-0.7725000000000002,19.0,0.5312093733737563,0.3001325674120551,0.0,0.0,0.15789473684210525,0.2631578947368421,0.058333333333333334,0.0,0.25,0.25,0.25,0.25,-0.6578571428571428,-0.6279761904761904,-2.0,0.45,0.05420054200542006,0.05420054200542006,18.45,0,ELAZIĞ,Kum,NORMAL
Elazığ-2026-09-07-4,2026-09-07,2026-09-07 19:30:00,HELLO KUTTY-11,HELLO KUTTY,11,52.5,1500.0,17.0,0.5934343434343434,0.5893939393939392,-1.3386363636363636,0.03493457300275482,0.8181818181818181,1.932070707070707,19.0,0.5312093733737563,0.7469524745091499,0.0,0.0,0.15789473684210525,0.2631578947368421,0.03333333333333333,0.0,0.25,0.25,0.25,0.25,-0.9289321789321789,-0.6974616292798111,0.5492424242424242,0.45,0.016722408026755852,0.016722408026755852,59.8,0,ELAZIĞ,Kum,NORMAL
Elazığ-2026-09-07-4,2026-09-07,2026-09-07 19:30:00,DREAM CHASER-12,DREAM CHASER,12,56.0,1500.0,17.0,-3.266666666666667,-2.826666666666667,-1.6750000000000003,9.716888888888889,0.19999999999999996,-1.5916666666666668,26.0,0.7310585786300049,0.6929284902282541,0.0,0.0,0.11538461538461539,0.19230769230769232,0.05,0.0,0.25,0.25,0.25,0.25,-1.001068376068376,-1.146875,-0.9,0.45,0.03558718861209964,0.03558718861209964,28.1,0,ELAZIĞ,Kum,NORMAL
Elazığ-2026-09-07-4,2026-09-07,2026-09-07 19:30:00,GOODBYE-13,GOODBYE,13,55.5,1500.0,17.0,-1.0,-0.3333333333333333,0.006172839506172867,2.847222222222222,-1.0,-1.0061728395061729,56.0,0.991422514586288,0.577408221893318,0.0,0.0,0.05357142857142857,0.08928571428571429,0.025,0.0,0.25,0.25,0.25,0.25,0.2222222222222222,0.006172839506172867,-0.3333333333333333,0.45,0.052083333333333336,0.052083333333333336,19.2,0,ELAZIĞ,Kum,NORMAL
Elazığ-2026-09-07-4,2026-09-07,2026-09-07 19:30:00,VASILISA-14,VASILISA,14,54.5,1500.0,17.0,0.40277777777777785,0.1523809523809524,-0.7460317460317458,0.577781320861678,1.0,1.1488095238095237,19.0,0.5312093733737563,0.7625419716560975,0.0,0.0,0.15789473684210525,0.2631578947368421,0.041666666666666664,0.0,0.25,0.25,0.25,0.25,-1.2264739229024941,-1.0922619047619047,0.33333333333333337,0.45,0.2531645569620253,0.2531645569620253,3.95,0,ELAZIĞ,Kum,NORMAL
Elazığ-2026-09-07-4,2026-09-07,2026-09-07 19:30:00,VALLEY OF HONOUR-15,VALLEY OF HONOUR,15,52.5,1500.0,17.0,-0.4583333333333333,-0.26071428571428573,-0.1976686507936508,1.121109693877551,-2.0,-0.2606646825396825,7.0,0.20181322226037884,0.0751932166875421,1.0,0.0,0.42857142857142855,0.7142857142857143,0.041666666666666664,0.0,0.25,0.25,0.25,0.25,0.15625,-0.26071428571428573,-0.26071428571428573,0.45,0.021231422505307854,0.021231422505307854,47.1,0,ELAZIĞ,Kum,NORMAL
Elazığ-2026-09-07-4,2026-09-07,2026-09-07 19:30:00,SECRET SAVER-16,SECRET SAVER,16,52.0,1500.0,17.0,0.27472527472527475,-0.26016483516483513,-1.1134157509157507,1.8508404027291392,0.8571428571428572,1.3881410256410254,19.0,0.5312093733737563,0.7468542725754911,0.0,0.0,0.15789473684210525,0.2631578947368421,0.058333333333333334,0.0,0.25,0.25,0.25,0.25,-1.552328623757195,-1.7429653679653683,0.8571428571428572,0.45,0.06289308176100629,0.06289308176100629,15.9,0,ELAZIĞ,Kum,NORMAL
Elazığ-2026-09-07-4,2026-09-07,2026-09-07 19:30:00,PRENSES MELTEM-17,PRENSES MELTEM,17,52.0,1500.0,17.0,-3.3333333333333335,-1.8699999999999999,-0.9616666666666667,10.1845,-7.0,-2.371666666666667,9.0,0.24508501313237172,0.0441269014460366,0.0,0.0,0.3333333333333333,0.5555555555555556,0.06666666666666667,0.0,0.25,0.25,0.25,0.25,-1.2062499999999998,-0.9429824561403507,-0.2074074074074074,0.45,0.022598870056497175,0.022598870056497175,44.25,0,ELAZIĞ,Kum,NORMAL
Elazığ-2026-09-07-5,2026-09-07,2026-09-07 20:00:00,GREEN GÖLE  K Kulaklık takılacağını ifade eder.-1,GREEN GÖLE  K Kulaklık takılacağını ifade eder.,1,63.0,1600.0,15.0,-0.0148148148148148,-1.4088888888888889,-0.46277777777777784,7.135950617283951,-1.0,0.44796296296296306,5.0,0.16451646289656316,0.10546577541955628,1.0,0.0,0.6,1.0,0.058333333333333334,0.0,0.25,0.25,0.25,0.25,-0.47000835421888043,-0.3764928193499622,-0.7843434343434342,0.45,0.03824091778202677,0.03824091778202677,26.15,0,ELAZIĞ,Kum,NORMAL
Elazığ-2026-09-07-5,2026-09-07,2026-09-07 20:00:00,EL LEON-2,EL LEON,2,63.0,1600.0,15.0,0.6111111111111112,0.4238095238095238,-0.5047619047619046,0.16394557823129252,0.16666666666666663,1.115873015873016,5.0,0.16451646289656316,0.17538736992797233,1.0,0.0,0.6,1.0,0.05,0.0,0.25,0.25,0.25,0.25,-1.2607721226142279,-0.7976190476190476,0.09047619047619049,0.45,0.07722007722007722,0.07722007722007722,12.95,0,ELAZIĞ,Kum,NORMAL
Elazığ-2026-09-07-5,2026-09-07,2026-09-07 20:00:00,BY CURA-3,BY CURA,3,62.5,1600.0,15.0,-1.5555555555555554,-0.6533333333333331,-0.46845238095238084,8.938666666666665,0.6666666666666667,-1.0871031746031745,5.0,0.16451646289656316,0.21227774906524316,1.0,0.0,0.6,1.0,0.06666666666666667,0.0,0.25,0.25,0.25,0.25,-0.7013888888888887,-0.6840885816692265,-0.31944444444444436,0.45,0.136986301369863,0.136986301369863,7.3,0,ELAZIĞ,Kum,NORMAL
Elazığ-2026-09-07-5,2026-09-07,2026-09-07 20:00:00,LION ROBERO  SKG-4,LION ROBERO  SKG,4,63.0,1600.0,15.0,0.48148148148148157,-0.4253968253968252,-0.371031746031746,4.0079868984630895,0.33333333333333337,0.8525132275132276,5.0,0.16451646289656316,0.18776731706905522,1.0,0.0,0.6,1.0,0.05,0.0,0.25,0.25,0.25,0.25,-0.12794771366199933,-0.1955525030525031,-0.24942279942279938,0.45,0.12658227848101264,0.12658227848101264,7.9,0,ELAZIĞ,Kum,NORMAL
Elazığ-2026-09-07-5,2026-09-07,2026-09-07 20:00:00,CRIMENA FIRE-5,CRIMENA FIRE,5,62.0,1600.0,15.0,0.5138888888888888,0.48611111111111105,-0.016944444444444463,0.12017746913580249,0.16666666666666663,0.5308333333333333,14.0,0.3775406687981454,0.6687945633157509,0.0,0.0,0.21428571428571427,0.35714285714285715,0.058333333333333334,0.0,0.25,0.25,0.25,0.25,-1.041765873015873,-0.3532242063492063,0.022569444444444434,0.45,0.034482758620689655,0.034482758620689655,29.0,0,ELAZIĞ,Kum,NORMAL
Elazığ-2026-09-07-5,2026-09-07,2026-09-07 20:00:00,EUROFIGHTER-6,EUROFIGHTER,6,58.0,1600.0,15.0,-1.2619047619047619,-0.837142857142857,-1.2685714285714287,2.1040408163265303,-3.0,0.006666666666666821,12.0,0.320821300824607,0.28742634079344004,0.0,0.0,0.25,0.4166666666666667,0.075,0.0,0.25,0.25,0.25,0.25,-1.6737213403880071,-1.3603174603174606,-3.0,0.45,0.36363636363636365,0.36363636363636365,2.75,0,ELAZIĞ,Kum,NORMAL
Elazığ-2026-09-07-5,2026-09-07,2026-09-07 20:00:00,KAROZBEY-7,KAROZBEY,7,60.0,1600.0,15.0,-1.625,-1.1194444444444445,-1.2297222222222222,2.6529320987654317,-0.125,-0.39527777777777784,5.0,0.16451646289656316,0.1570403032337553,1.0,0.0,0.6,1.0,0.03333333333333333,0.0,0.25,0.25,0.25,0.25,-0.5032186948853616,-0.48919552669552663,-0.125,0.45,0.043478260869565216,0.043478260869565216,23.0,0,ELAZIĞ,Kum,NORMAL
Elazığ-2026-09-07-5,2026-09-07,2026-09-07 20:00:00,AEMOND-8,AEMOND,8,55.0,1600.0,15.0,0.2142857142857143,0.46703296703296704,-0.2124431124431124,0.4147747856539065,1.0,0.4267288267288267,7.0,0.20181322226037884,0.2722426714907098,1.0,0.0,0.42857142857142855,0.7142857142857143,0.058333333333333334,0.0,0.25,0.25,0.25,0.25,0.3420260295260295,-0.1177766677766678,0.5695257123828552,0.45,0.17857142857142858,0.17857142857142858,5.6,0,ELAZIĞ,Kum,NORMAL
Elazığ-2026-09-07-5,2026-09-07,2026-09-07 20:00:00,ÇUKUROVA PEHLİVANI-9,ÇUKUROVA PEHLİVANI,9,58.5,1600.0,15.0,0.33333333333333337,0.33333333333333337,0.33333333333333337,0.8888888888888888,-0.33333333333333326,0.0,19.0,0.5312093733737563,0.6446070131281869,0.0,0.0,0.15789473684210525,0.2631578947368421,0.008333333333333333,0.0,0.25,0.25,0.25,0.25,-0.33333333333333326,0.33333333333333337,-0.33333333333333326,0.45,0.10989010989010989,0.10989010989010989,9.1,0,ELAZIĞ,Kum,NORMAL
Elazığ-2026-09-07-5,2026-09-07,2026-09-07 20:00:00,LEO MELO-10,LEO MELO,10,58.0,1600.0,15.0,0.0793650793650793,0.21428571428571425,-1.047857142857143,0.8089569160997734,1.0,1.1272222222222223,7.0,0.20181322226037884,0.263499752576138,1.0,0.0,0.42857142857142855,0.7142857142857143,0.075,0.0,0.25,0.25,0.25,0.25,-0.5043650793650795,-0.45714285714285713,0.4809523809523809,0.45,0.16,0.16,6.25,0,ELAZIĞ,Kum,NORMAL
Elazığ-2026-09-07-5,2026-09-07,2026-09-07 20:00:00,RACING PHANTOM-11,RACING PHANTOM,11,52.0,1600.0,15.0,0.042328042328042326,0.2920634920634921,0.2920634920634921,0.5382779037540943,-1.0,-0.24973544973544975,256.0,0.9999999999998799,0.5134733000043316,0.0,1.0,0.01171875,0.01953125,0.0,0.0,0.25,0.25,0.25,0.25,0.22619047619047622,0.0,0.0,0.45,0.028050490883590466,0.028050490883590466,35.65,0,ELAZIĞ,Kum,NORMAL
Elazığ-2026-09-07-5,2026-09-07,2026-09-07 20:00:00,DOBRA KIZ-12,DOBRA KIZ,12,55.0,1600.0,15.0,-1.309090909090909,-0.7254545454545454,-1.171655844155844,3.593239669421487,-4.0,-0.13743506493506508,7.0,0.20181322226037884,0.029278377077533686,1.0,0.0,0.42857142857142855,0.7142857142857143,0.041666666666666664,0.0,0.25,0.25,0.25,0.25,-0.32232142857142865,-1.1268458393458394,-0.9757575757575757,0.45,0.04587155963302752,0.04587155963302752,21.8,0,ELAZIĞ,Kum,NORMAL
Elazığ-2026-09-07-5,2026-09-07,2026-09-07 20:00:00,KATANA BOY-13,KATANA BOY,13,53.0,1600.0,15.0,0.18452380952380953,-0.38928571428571423,-1.0403571428571428,0.9228954081632654,0.125,1.2248809523809523,48.0,0.9770226300899744,0.7056119543984933,0.0,0.0,0.0625,0.10416666666666667,0.058333333333333334,0.0,0.25,0.25,0.25,0.25,-1.490674603174603,-0.728517316017316,0.0,0.45,0.055248618784530384,0.055248618784530384,18.1,0,ELAZIĞ,Kum,NORMAL
Elazığ-2026-09-07-5,2026-09-07,2026-09-07 20:00:00,MR SHORTY-14,MR SHORTY,14,53.0,1600.0,15.0,-2.944444444444444,-2.083333333333333,-1.544047619047619,7.975694444444445,-1.75,-1.4003968253968253,7.0,0.20181322226037884,0.08604922926627097,1.0,0.0,0.42857142857142855,0.7142857142857143,0.025,0.0,0.25,0.25,0.25,0.25,-1.9438775510204083,-2.5277777777777777,-1.75,0.45,0.02304147465437788,0.02304147465437788,43.4,0,ELAZIĞ,Kum,NORMAL
Elazığ-2026-09-07-5,2026-09-07,2026-09-07 20:00:00,THE SNAKE PIT  SKG-15,THE SNAKE PIT  SKG,15,52.0,1600.0,15.0,-0.8095238095238096,-1.7357142857142858,-1.2611904761904762,2.170663265306122,-0.4285714285714286,0.45166666666666655,7.0,0.20181322226037884,0.15159535598355092,1.0,0.0,0.42857142857142855,0.7142857142857143,0.05,0.0,0.25,0.25,0.25,0.25,-1.2625,-0.4344155844155844,-0.30952380952380953,0.45,0.017064846416382253,0.017064846416382253,58.6,1,ELAZIĞ,Kum,NORMAL
Elazığ-2026-09-07-6,2026-09-07,2026-09-07 20:30:00,KOSAVALI YİĞİT-1,KOSAVALI YİĞİT,1,63.0,1200.0,16.0,-2.1153846153846154,-0.9692307692307693,-0.5318376068376068,8.20665680473373,-6.0,-1.5835470085470087,26.0,0.7310585786300049,0.07589413846559659,0.0,0.0,0.11538461538461539,0.19230769230769232,0.025,0.0,0.25,0.25,0.25,0.25,-0.2811688311688311,-0.43704212454212454,-0.5751424501424501,0.45,0.04405286343612335,0.04405286343612335,22.7,0,ELAZIĞ,Kum,NORMAL
Elazığ-2026-09-07-6,2026-09-07,2026-09-07 20:30:00,MOHİ TAY-2,MOHİ TAY,2,63.0,1200.0,16.0,0.8277777777777778,0.6880952380952381,0.5336904761904762,0.13189909297052155,0.9,0.2940873015873017,7.0,0.20181322226037884,0.21763129263332492,1.0,0.0,0.42857142857142855,0.7142857142857143,0.06666666666666667,0.0,0.25,0.25,0.25,0.25,0.5135590599876314,0.5678571428571428,0.5354166666666667,0.45,0.22727272727272727,0.22727272727272727,4.4,0,ELAZIĞ,Kum,NORMAL
Elazığ-2026-09-07-6,2026-09-07,2026-09-07 20:30:00,NALDÖKEN AĞASI-3,NALDÖKEN AĞASI,3,59.0,1200.0,16.0,-0.4666666666666666,-0.6133333333333333,-0.3883597883597883,1.6475555555555554,0.6,-0.07830687830687832,657.0,1.0,0.6922975918494995,0.0,1.0,0.0045662100456621,0.0076103500761035,0.0,0.0,0.25,0.25,0.25,0.25,-0.1869047619047619,-0.5333333333333333,0.0,0.45,0.03690036900369004,0.03690036900369004,27.1,0,ELAZIĞ,Kum,NORMAL
Elazığ-2026-09-07-6,2026-09-07,2026-09-07 20:30:00,DENİZİM GÜLÜ-4,DENİZİM GÜLÜ,4,60.5,1200.0,16.0,0.313973063973064,-1.3962315462315462,-0.7168459318459318,13.75867628982431,-0.25,1.0308189958189957,12.0,0.320821300824607,0.569954782026428,0.0,0.0,0.25,0.4166666666666667,0.03333333333333333,0.0,0.25,0.25,0.25,0.25,-0.39267156454656454,0.17920343545343542,0.585688616938617,0.45,0.15151515151515152,0.15151515151515152,6.6,0,ELAZIĞ,Kum,NORMAL
Elazığ-2026-09-07-6,2026-09-07,2026-09-07 20:30:00,AKGOLD DATÇA-5,AKGOLD DATÇA,5,58.0,1200.0,16.0,-3.3333333333333335,-3.0588235294117645,-1.3323121976063153,9.929065743944637,-5.0,-2.0010211357270182,16.0,0.43782349911420193,0.12140769974307228,0.0,0.0,0.1875,0.3125,0.041666666666666664,0.0,0.25,0.25,0.25,0.25,-0.5610175475148738,-0.5534619579056921,0.6182539682539683,0.45,0.042283298097251586,0.042283298097251586,23.65,0,ELAZIĞ,Kum,NORMAL
Elazığ-2026-09-07-6,2026-09-07,2026-09-07 20:30:00,GÜMBÜRSOY  SKG-6,GÜMBÜRSOY  SKG,6,60.0,1200.0,16.0,-3.9166666666666665,-1.9653846153846153,-1.9653846153846153,8.900221893491125,-1.75,-1.9512820512820512,21.0,0.5926665999540697,0.482685497411649,0.0,0.0,0.14285714285714285,0.23809523809523808,0.016666666666666666,0.0,0.25,0.25,0.25,0.25,-1.2067307692307692,-3.375,-3.375,0.45,0.0273972602739726,0.0273972602739726,36.5,1,ELAZIĞ,Kum,NORMAL
Elazığ-2026-09-07-6,2026-09-07,2026-09-07 20:30:00,BARBAROSOĞLU-7,BARBAROSOĞLU,7,59.5,1200.0,16.0,0.4222222222222222,-0.14666666666666667,0.06000000000000002,0.6742222222222222,0.6,0.3622222222222222,7.0,0.20181322226037884,0.1942140644483592,1.0,0.0,0.42857142857142855,0.7142857142857143,0.058333333333333334,0.0,0.25,0.25,0.25,0.25,-1.382264957264957,-0.8830662393162392,-0.5375000000000001,0.45,0.2898550724637681,0.2898550724637681,3.45,0,ELAZIĞ,Kum,NORMAL
Elazığ-2026-09-07-6,2026-09-07,2026-09-07 20:30:00,EFRUZKIZI-8,EFRUZKIZI,8,59.5,1200.0,16.0,-0.4666666666666666,-0.27999999999999997,-0.54,1.492,0.0,0.07333333333333342,12.0,0.320821300824607,0.5922641830607915,0.0,0.0,0.25,0.4166666666666667,0.075,0.0,0.25,0.25,0.25,0.25,-0.12453703703703704,-0.25782828282828285,-0.3696969696969697,0.45,0.0970873786407767,0.0970873786407767,10.3,0,ELAZIĞ,Kum,NORMAL
Elazığ-2026-09-07-6,2026-09-07,2026-09-07 20:30:00,ÇINARLI GÜZELİ-9,ÇINARLI GÜZELİ,9,57.0,1200.0,16.0,0.23106060606060605,-0.16136363636363638,-0.2476048951048951,1.1387138429752066,-1.0,0.47866550116550116,84.0,0.9997388096809043,0.4982738163818937,0.0,1.0,0.03571428571428571,0.05952380952380952,0.025,0.0,0.25,0.25,0.25,0.25,-0.5016217909075052,-0.8261544011544011,0.0,0.45,0.03590664272890485,0.03590664272890485,27.85,0,ELAZIĞ,Kum,NORMAL
Elazığ-2026-09-07-6,2026-09-07,2026-09-07 20:30:00,POWER OF RED-10,POWER OF RED,10,58.0,1200.0,16.0,0.5047619047619047,-0.7971428571428572,-1.3551190476190478,8.698612244897959,-0.2857142857142858,1.8598809523809525,7.0,0.20181322226037884,0.13326646680340004,1.0,0.0,0.42857142857142855,0.7142857142857143,0.06666666666666667,0.0,0.25,0.25,0.25,0.25,-1.5659722222222223,-0.699098124098124,-0.7971428571428572,0.45,0.08097165991902834,0.08097165991902834,12.35,0,ELAZIĞ,Kum,NORMAL
Elazığ-2026-09-07-6,2026-09-07,2026-09-07 20:30:00,PRINCESS GIRL-11,PRINCESS GIRL,11,58.0,1200.0,16.0,0.11706349206349202,0.12857142857142861,-0.3882395382395383,0.43322349773242635,-0.6666666666666667,0.5053030303030303,16.0,0.43782349911420193,0.5450855395373909,0.0,0.0,0.1875,0.3125,0.05,0.0,0.25,0.25,0.25,0.25,-0.5410611214182642,-0.4207551707551707,-0.375,0.45,0.04640371229698376,0.04640371229698376,21.55,0,ELAZIĞ,Kum,NORMAL
Elazığ-2026-09-07-6,2026-09-07,2026-09-07 20:30:00,KİRAZLI-12,KİRAZLI,12,57.0,1200.0,16.0,-4.266666666666667,-3.41,-2.027222222222222,15.640500000000001,-2.0,-2.2394444444444446,28.0,0.7772998611746911,0.4067587344865767,0.0,0.0,0.10714285714285714,0.17857142857142858,0.041666666666666664,0.0,0.25,0.25,0.25,0.25,-1.2707611832611831,-1.4696759259259258,-1.4,0.45,0.03571428571428571,0.03571428571428571,28.0,0,ELAZIĞ,Kum,NORMAL
Elazığ-2026-09-07-6,2026-09-07,2026-09-07 20:30:00,HAYALLERİM-13,HAYALLERİM,13,57.0,1200.0,16.0,-0.059523809523809534,0.04761904761904763,0.21714285714285717,0.3461592970521542,0.5714285714285714,-0.2766666666666667,21.0,0.5926665999540697,0.7486506354571684,0.0,0.0,0.14285714285714285,0.23809523809523808,0.016666666666666666,0.0,0.25,0.25,0.25,0.25,0.4528540903540903,0.3603268526345449,0.2602040816326531,0.45,0.1680672268907563,0.1680672268907563,5.95,0,ELAZIĞ,Kum,NORMAL
Elazığ-2026-09-07-6,2026-09-07,2026-09-07 20:30:00,HIZLI BERATIM-14,HIZLI BERATIM,14,56.5,1200.0,16.0,-0.125,-0.32166666666666666,-0.12583333333333332,0.5433888888888888,0.375,0.0008333333333333248,16.0,0.43782349911420193,0.711634021685813,0.0,0.0,0.1875,0.3125,0.058333333333333334,0.0,0.25,0.25,0.25,0.25,-0.4696608946608946,0.0763888888888889,0.0,0.45,0.07168458781362008,0.07168458781362008,13.95,0,ELAZIĞ,Kum,NORMAL
Elazığ-2026-09-07-6,2026-09-07,2026-09-07 20:30:00,KÜHEYLAN BAKÜRA-15,KÜHEYLAN BAKÜRA,15,55.5,1200.0,16.0,-0.7111111111111112,-0.14666666666666672,-0.8,0.8675555555555556,-0.8,0.0888888888888888,12.0,0.320821300824607,0.5654555217038132,0.0,0.0,0.25,0.4166666666666667,0.025,0.0,0.25,0.25,0.25,0.25,-0.9,-1.6600000000000001,-0.7111111111111112,0.45,0.07751937984496124,0.07751937984496124,12.9,0,ELAZIĞ,Kum,NORMAL
Elazığ-2026-09-07-6,2026-09-07,2026-09-07 20:30:00,CAN YAKUP  SKG-16,CAN YAKUP  SKG,16,55.5,1200.0,16.0,0.45,0.45,0.45,0.03,0.45,0.0,30.0,0.8175744761936437,0.7499476922271856,0.0,0.0,0.1,0.16666666666666666,0.0,0.0,0.25,0.25,0.25,0.25,0.45,0.45,0.45,0.45,0.2898550724637681,0.2898550724637681,3.45,0,ELAZIĞ,Kum,NORMAL
Elazığ-2026-09-07-7,2026-09-07,2026-09-07 21:00:00,EMPRESS GIRL-1,EMPRESS GIRL,1,59.0,1500.0,8.0,0.30476190476190473,-0.8171428571428571,-0.49183673469387756,3.5528979591836736,0.0,0.7965986394557822,12.0,0.320821300824607,0.6310366593173186,0.0,0.0,0.25,0.4166666666666667,0.058333333333333334,0.0,0.25,0.25,0.25,0.25,0.0,-0.49183673469387756,-0.49183673469387756,0.45,0.111731843575419,0.111731843575419,8.95,0,ELAZIĞ,Kum,NORMAL
Elazığ-2026-09-07-7,2026-09-07,2026-09-07 21:00:00,LOVESICK GRILS-2,LOVESICK GRILS,2,59.0,1500.0,8.0,0.16161616161616163,0.3399621212121212,0.3399621212121212,0.8057313188705234,-1.0,-0.17834595959595959,30.0,0.8175744761936437,0.5613558846263439,0.0,0.0,0.1,0.16666666666666666,0.03333333333333333,0.0,0.25,0.25,0.25,0.25,0.0,0.3399621212121212,0.7708333333333334,0.45,0.5555555555555556,0.5555555555555556,1.8,0,ELAZIĞ,Kum,NORMAL
Elazığ-2026-09-07-7,2026-09-07,2026-09-07 21:00:00,BAKÜLÜ KIZ-3,BAKÜLÜ KIZ,3,57.0,1500.0,8.0,-3.0,-3.0,-3.0,18.0,0.0,0.0,26.0,0.7310585786300049,0.6771079857849935,0.0,0.0,0.11538461538461539,0.19230769230769232,0.016666666666666666,0.0,0.25,0.25,0.25,0.25,0.0,0.0,0.0,0.45,0.06535947712418301,0.06535947712418301,15.3,0,ELAZIĞ,Kum,NORMAL
Elazığ-2026-09-07-7,2026-09-07,2026-09-07 21:00:00,GÜLÜMSE KIZIM  K Kulaklık takılacağını ifade eder.-4,GÜLÜMSE KIZIM  K Kulaklık takılacağını ifade eder.,4,57.0,1500.0,8.0,0.8333333333333334,0.8333333333333334,0.8333333333333334,0.03,0.8333333333333334,0.0,26.0,0.7310585786300049,0.7620308784405802,0.0,0.0,0.11538461538461539,0.19230769230769232,0.008333333333333333,0.0,0.25,0.25,0.25,0.25,0.0,0.8333333333333334,0.8333333333333334,0.45,0.25641025641025644,0.25641025641025644,3.9,0,ELAZIĞ,Kum,NORMAL
Elazığ-2026-09-07-7,2026-09-07,2026-09-07 21:00:00,HÜRREM HANIM-5,HÜRREM HANIM,5,57.0,1500.0,8.0,0.0,0.0,0.0,0.03,0.0,0.0,9.0,0.24508501313237172,0.615646707751291,0.0,0.0,0.3333333333333333,0.5555555555555556,0.008333333333333333,0.0,0.25,0.25,0.25,0.25,0.0,0.0,0.0,0.45,0.038834951456310676,0.038834951456310676,25.75,0,ELAZIĞ,Kum,NORMAL
Elazığ-2026-09-07-7,2026-09-07,2026-09-07 21:00:00,LEYDİ TOPÇU-6,LEYDİ TOPÇU,6,57.0,1500.0,8.0,-0.25,-0.25,-0.25,0.125,0.0,0.0,40.0,0.9399133498259924,0.6881890841565633,0.0,0.0,0.075,0.125,0.016666666666666666,0.0,0.25,0.25,0.25,0.25,0.0,-0.25,-0.25,0.45,0.15748031496062992,0.15748031496062992,6.35,1,ELAZIĞ,Kum,NORMAL
Elazığ-2026-09-07-7,2026-09-07,2026-09-07 21:00:00,MONICA SULTAN-7,MONICA SULTAN,7,57.0,1500.0,8.0,-0.9166666666666666,-0.9166666666666666,-0.9166666666666666,3.645833333333333,-0.5,0.0,9.0,0.24508501313237172,0.5517583706275185,0.0,0.0,0.3333333333333333,0.5555555555555556,0.025,0.0,0.25,0.25,0.25,0.25,0.0,-0.9166666666666666,0.0,0.45,0.18867924528301888,0.18867924528301888,5.3,0,ELAZIĞ,Kum,NORMAL
Elazığ-2026-09-07-7,2026-09-07,2026-09-07 21:00:00,SECRET GIRL-8,SECRET GIRL,8,57.0,1500.0,8.0,0.05158730158730155,0.2738095238095238,0.12414965986394555,0.30470521541950113,-0.6666666666666667,-0.072562358276644,30.0,0.8175744761936437,0.6002883393736858,0.0,0.0,0.1,0.16666666666666666,0.041666666666666664,0.0,0.25,0.25,0.25,0.25,0.0,0.12414965986394555,0.2571428571428571,0.45,0.061919504643962855,0.061919504643962855,16.15,0,ELAZIĞ,Kum,NORMAL
Elazığ-2026-09-07-8,2026-09-07,2026-09-07 21:30:00,SINCERO-1,SINCERO,1,61.0,1500.0,18.0,-2.680555555555556,-1.5916666666666666,-1.0803571428571428,12.897916666666667,-0.375,-1.600198412698413,9.0,0.24508501313237172,0.5606033580171322,0.0,0.0,0.3333333333333333,0.5555555555555556,0.058333333333333334,0.0,0.25,0.25,0.25,0.25,-0.9987103174603176,-1.0606040564373898,-0.16666666666666663,0.45,0.029027576197387515,0.029027576197387515,34.45,0,ELAZIĞ,Kum,NORMAL
Elazığ-2026-09-07-8,2026-09-07,2026-09-07 21:30:00,SON OFF OZAN-2,SON OFF OZAN,2,61.0,1500.0,18.0,-0.25,-0.2833333333333333,0.005341880341880367,0.25555555555555554,0.0,-0.2553418803418804,19.0,0.5312093733737563,0.6871151515389214,0.0,0.0,0.15789473684210525,0.2631578947368421,0.016666666666666666,0.0,0.25,0.25,0.25,0.25,0.1818613485280152,0.28002879473467707,0.4462481962481962,0.45,0.29411764705882354,0.29411764705882354,3.4,0,ELAZIĞ,Kum,NORMAL
Elazığ-2026-09-07-8,2026-09-07,2026-09-07 21:30:00,KRAL ALPER-3,KRAL ALPER,3,58.0,1500.0,18.0,-1.6161616161616161,-2.3363636363636364,-1.6574125874125873,14.628833792470157,0.8181818181818181,0.04125097125097121,14.0,0.3775406687981454,0.7305987181403102,0.0,0.0,0.21428571428571427,0.35714285714285715,0.05,0.0,0.25,0.25,0.25,0.25,-3.5333333333333337,-1.5924186924186923,-0.7771349862258954,0.45,0.09345794392523366,0.09345794392523366,10.7,0,ELAZIĞ,Kum,NORMAL
Elazığ-2026-09-07-8,2026-09-07,2026-09-07 21:30:00,SÜPER EFE-4,SÜPER EFE,4,58.0,1500.0,18.0,-1.1666666666666667,-0.6,-0.16388888888888892,1.175,-1.0,-1.0027777777777778,186.0,0.9999999992417439,0.46992880890577954,0.0,1.0,0.016129032258064516,0.026881720430107527,0.0,0.0,0.25,0.25,0.25,0.25,-0.5833333333333334,-0.01736111111111116,0.0,0.45,0.046620046620046623,0.046620046620046623,21.45,0,ELAZIĞ,Kum,NORMAL
Elazığ-2026-09-07-8,2026-09-07,2026-09-07 21:30:00,GOLDEN COOGER-5,GOLDEN COOGER,5,56.0,1500.0,18.0,0.3238095238095238,-0.33904761904761904,-0.6361904761904762,2.2557188208616776,0.5714285714285714,0.96,14.0,0.3775406687981454,0.7070195389445063,0.0,0.0,0.21428571428571427,0.35714285714285715,0.041666666666666664,0.0,0.25,0.25,0.25,0.25,-0.2598639455782313,-0.6939393939393941,0.1285714285714286,0.45,0.12658227848101264,0.12658227848101264,7.9,0,ELAZIĞ,Kum,NORMAL
Elazığ-2026-09-07-8,2026-09-07,2026-09-07 21:30:00,NIGHT KING-6,NIGHT KING,6,56.0,1500.0,18.0,-0.2261904761904762,-2.2023809523809526,-1.4261904761904762,14.880385487528345,0.5,1.2,14.0,0.3775406687981454,0.6995672712077426,0.0,0.0,0.21428571428571427,0.35714285714285715,0.041666666666666664,0.0,0.25,0.25,0.25,0.25,0.13809523809523808,-0.779389880952381,-2.032142857142857,0.45,0.11627906976744186,0.11627906976744186,8.6,1,ELAZIĞ,Kum,NORMAL
Elazığ-2026-09-07-8,2026-09-07,2026-09-07 21:30:00,DİRİLİŞ KARTALI  SKG-7,DİRİLİŞ KARTALI  SKG,7,53.0,1500.0,18.0,-2.4,-1.8555555555555556,-1.8555555555555556,6.072345679012346,-1.2000000000000002,-0.5444444444444443,21.0,0.5926665999540697,0.5147576171591737,0.0,0.0,0.14285714285714285,0.23809523809523808,0.03333333333333333,0.0,0.25,0.25,0.25,0.25,-5.5,-1.8555555555555556,-1.8555555555555556,0.45,0.015037593984962405,0.015037593984962405,66.5,0,ELAZIĞ,Kum,NORMAL
Elazığ-2026-09-07-8,2026-09-07,2026-09-07 21:30:00,PACIFIC GROVE-8,PACIFIC GROVE,8,56.0,1500.0,18.0,-0.9166666666666666,-1.0,-1.0,2.78125,-3.0,0.08333333333333337,275.0,0.9999999999999889,0.2794580359377175,0.0,1.0,0.01090909090909091,0.01818181818181818,0.0,0.0,0.25,0.25,0.25,0.25,-0.625,-3.0,0.0,0.45,0.06756756756756756,0.06756756756756756,14.8,0,ELAZIĞ,Kum,NORMAL
Elazığ-2026-09-07-8,2026-09-07,2026-09-07 21:30:00,SWORD OF GOLD-9,SWORD OF GOLD,9,55.0,1500.0,18.0,-0.4444444444444445,-0.17142857142857143,0.1228250915750916,0.31558956916099773,0.16666666666666663,-0.5672695360195361,14.0,0.3775406687981454,0.658939406722624,0.0,0.0,0.21428571428571427,0.35714285714285715,0.06666666666666667,0.0,0.25,0.25,0.25,0.25,0.4166666666666667,0.1228250915750916,0.1228250915750916,0.45,0.023310023310023312,0.023310023310023312,42.9,0,ELAZIĞ,Kum,NORMAL
Elazığ-2026-09-07-8,2026-09-07,2026-09-07 21:30:00,TORUNUM DEVRİM-10,TORUNUM DEVRİM,10,55.0,1500.0,18.0,-0.22222222222222218,-0.06666666666666662,-0.17619047619047618,0.07777777777777778,-0.33333333333333326,-0.04603174603174601,23.0,0.6513548646660542,0.6165151092517411,0.0,0.0,0.13043478260869565,0.21739130434782608,0.075,0.0,0.25,0.25,0.25,0.25,0.10000000000000003,-0.17619047619047618,0.6238095238095238,0.45,0.05847953216374269,0.05847953216374269,17.1,0,ELAZIĞ,Kum,NORMAL
Elazığ-2026-09-07-8,2026-09-07,2026-09-07 21:30:00,SÜPER ELOŞ  K Kulaklık takılacağını ifade eder. SKG-11,SÜPER ELOŞ  K Kulaklık takılacağını ifade eder. SKG,11,55.0,1500.0,18.0,-0.6990740740740741,-0.13944444444444448,0.18027777777777776,1.281945987654321,-0.22222222222222232,-0.8793518518518518,9.0,0.24508501313237172,0.5890404340586651,0.0,0.0,0.3333333333333333,0.5555555555555556,0.008333333333333333,0.0,0.25,0.25,0.25,0.25,-0.4916666666666667,0.1558641975308642,0.3333333333333333,0.45,0.055248618784530384,0.055248618784530384,18.1,0,ELAZIĞ,Kum,NORMAL
Elazığ-2026-09-07-8,2026-09-07,2026-09-07 21:30:00,RONNIE-12,RONNIE,12,52.0,1500.0,18.0,-1.75,-0.9166666666666666,-1.0907738095238095,5.472222222222221,-0.75,-0.6592261904761905,19.0,0.5312093733737563,0.5789180190975282,0.0,0.0,0.15789473684210525,0.2631578947368421,0.008333333333333333,0.0,0.25,0.25,0.25,0.25,-0.7857142857142857,-0.9657738095238095,0.0,0.45,0.019588638589618023,0.019588638589618023,51.05,0,ELAZIĞ,Kum,NORMAL
Elazığ-2026-09-07-8,2026-09-07,2026-09-07 21:30:00,SAYAN BEY  SKG-13,SAYAN BEY  SKG,13,60.0,1500.0,18.0,-1.2777777777777777,-2.166666666666667,-1.0333333333333334,4.305555555555556,-1.5,-0.24444444444444424,131.0,0.9999992661790194,0.422543438483871,0.0,1.0,0.022900763358778626,0.03816793893129771,0.0,0.0,0.25,0.25,0.25,0.25,-0.4666666666666666,-0.9696969696969696,-0.41666666666666663,0.45,0.0258732212160414,0.0258732212160414,38.65,0,ELAZIĞ,Kum,NORMAL
Elazığ-2026-09-07-8,2026-09-07,2026-09-07 21:30:00,ÇEVİK DEVRANI-14,ÇEVİK DEVRANI,14,55.0,1500.0,18.0,-0.7777777777777777,-0.3888888888888889,-0.19111111111111106,2.191358024691358,0.0,-0.5866666666666667,7.0,0.20181322226037884,0.17806336881920748,1.0,0.0,0.42857142857142855,0.7142857142857143,0.06666666666666667,0.0,0.25,0.25,0.25,0.25,-0.5833333333333333,0.060243055555555605,0.2642592592592593,0.45,0.036036036036036036,0.036036036036036036,27.75,0,ELAZIĞ,Kum,NORMAL
Elazığ-2026-09-07-8,2026-09-07,2026-09-07 21:30:00,RANIL OĞLU-15,RANIL OĞLU,15,53.0,1500.0,18.0,-3.777777777777778,-2.85,-2.8583333333333334,21.50138888888889,0.0,-0.9194444444444447,7.0,0.20181322226037884,0.17904117584706564,1.0,0.0,0.42857142857142855,0.7142857142857143,0.058333333333333334,0.0,0.25,0.25,0.25,0.25,-1.882440476190476,-1.7313333333333332,-1.4864583333333332,0.45,0.014534883720930232,0.014534883720930232,68.8,0,ELAZIĞ,Kum,NORMAL
Elazığ-2026-09-07-8,2026-09-07,2026-09-07 21:30:00,KİKAZARU-16,KİKAZARU,16,55.0,1500.0,18.0,3.700743415417188e-17,0.10666666666666669,0.3400000000000001,0.8707777777777779,0.8333333333333334,-0.34,9.0,0.24508501313237172,0.702892745013669,0.0,0.0,0.3333333333333333,0.5555555555555556,0.041666666666666664,0.0,0.25,0.25,0.25,0.25,-0.6888888888888889,-0.5833333333333333,-0.2111111111111111,0.45,0.06756756756756756,0.06756756756756756,14.8,0,ELAZIĞ,Kum,NORMAL
Elazığ-2026-09-07-8,2026-09-07,2026-09-07 21:30:00,WANG YUEN CHEN-17,WANG YUEN CHEN,17,58.0,1500.0,18.0,0.25,0.16666666666666666,0.08095238095238091,0.6284722222222223,-1.0,0.16904761904761909,30.0,0.8175744761936437,0.5629967770624005,0.0,0.0,0.1,0.16666666666666666,0.025,0.0,0.25,0.25,0.25,0.25,0.2916666666666667,0.08095238095238091,1.0,0.45,0.07905138339920949,0.07905138339920949,12.65,0,ELAZIĞ,Kum,NORMAL
Elazığ-2026-09-07-8,2026-09-07,2026-09-07 21:30:00,SKY TURK   %-18,SKY TURK   %,18,58.0,1500.0,18.0,-2.3333333333333335,-1.1333333333333333,-1.1333333333333333,11.380555555555558,1.0,-1.2000000000000002,14.0,0.3775406687981454,0.7518626856493629,0.0,0.0,0.21428571428571427,0.35714285714285715,0.025,0.0,0.25,0.25,0.25,0.25,-3.25,1.0,1.0,0.45,0.3333333333333333,0.3333333333333333,3.0,0,ELAZIĞ,Kum,NORMAL
Ankara-2026-09-08-1,2026-09-08,2026-09-08 14:00:00,DENİZAĞA-1,DENİZAĞA,1,57.0,1400.0,13.0,-0.39947089947089953,-0.39947089947089953,-0.39947089947089953,1.923175443016713,0.3571428571428571,0.0,14.0,0.3775406687981454,0.6933258453787359,0.0,0.0,0.21428571428571427,0.35714285714285715,0.025,0.0,0.25,0.25,0.25,0.25,-0.39947089947089953,-0.8214285714285714,-0.39947089947089953,0.45,0.042105263157894736,0.042105263157894736,23.75,1,ANKARA,Cim,NORMAL
Ankara-2026-09-08-1,2026-09-08,2026-09-08 14:00:00,KARANIN OĞLU-2,KARANIN OĞLU,2,57.0,1400.0,13.0,-0.48148148148148145,-0.48148148148148145,-0.48148148148148145,0.8065843621399176,-1.0,0.0,14.0,0.3775406687981454,0.5375482237109381,0.0,0.0,0.21428571428571427,0.35714285714285715,0.008333333333333333,0.0,0.25,0.25,0.25,0.25,-1.0,-1.0,-1.0,0.45,0.0322061191626409,0.0322061191626409,31.05,0,ANKARA,Cim,NORMAL
Ankara-2026-09-08-1,2026-09-08,2026-09-08 14:00:00,KORDONİS-3,KORDONİS,3,57.0,1400.0,13.0,0.4583333333333333,0.4583333333333333,0.4583333333333333,0.17013888888888892,0.16666666666666663,0.0,14.0,0.3775406687981454,0.6741779793780808,0.0,0.0,0.21428571428571427,0.35714285714285715,0.016666666666666666,0.0,0.25,0.25,0.25,0.25,0.4583333333333333,0.4583333333333333,0.4583333333333333,0.45,0.2298850574712644,0.2298850574712644,4.35,0,ANKARA,Cim,NORMAL
Ankara-2026-09-08-1,2026-09-08,2026-09-08 14:00:00,REYONTAY-4,REYONTAY,4,57.0,1400.0,13.0,0.28835978835978837,0.28835978835978837,0.28835978835978837,0.03516838834299151,0.1428571428571429,0.0,14.0,0.3775406687981454,0.670085420938272,0.0,0.0,0.21428571428571427,0.35714285714285715,0.025,0.0,0.25,0.25,0.25,0.25,0.28835978835978837,0.32142857142857145,0.28835978835978837,0.45,0.30303030303030304,0.30303030303030304,3.3,0,ANKARA,Cim,NORMAL
Ankara-2026-09-08-1,2026-09-08,2026-09-08 14:00:00,URAZ-5,URAZ,5,57.0,1400.0,13.0,0.6103896103896105,0.6103896103896105,0.6103896103896105,0.12177432956653739,0.36363636363636365,0.0,14.0,0.3775406687981454,0.6954296382616868,0.0,0.0,0.21428571428571427,0.35714285714285715,0.016666666666666666,0.0,0.25,0.25,0.25,0.25,0.6103896103896105,0.6103896103896105,0.6103896103896105,0.45,0.13245033112582782,0.13245033112582782,7.55,0,ANKARA,Cim,NORMAL
Ankara-2026-09-08-1,2026-09-08,2026-09-08 14:00:00,YALIN ATEŞ-6,YALIN ATEŞ,6,57.0,1400.0,13.0,0.5833333333333334,-0.5833333333333334,-1.986111111111111,3.977215335169881,0.7272727272727273,2.569444444444444,13.0,0.34864513533394575,0.7315068242835742,0.0,0.0,0.23076923076923078,0.38461538461538464,0.041666666666666664,0.0,0.25,0.25,0.25,0.25,-0.5833333333333334,-1.986111111111111,-6.5,0.45,0.1639344262295082,0.1639344262295082,6.1,0,ANKARA,Cim,NORMAL
Ankara-2026-09-08-1,2026-09-08,2026-09-08 14:00:00,ÇİRKİN VE GÜZEL-7,ÇİRKİN VE GÜZEL,7,55.0,1400.0,13.0,-1.5873015873015872,-0.6309523809523808,-0.38335497835497834,6.1860827664399105,-5.0,-1.2039466089466089,10.0,0.2689414213699951,0.12177643945943127,0.0,0.0,0.3,0.5,0.075,0.0,0.25,0.25,0.25,0.25,-0.38335497835497834,0.4545454545454546,-3.5,0.45,0.03454231433506045,0.03454231433506045,28.95,0,ANKARA,Cim,NORMAL
Ankara-2026-09-08-1,2026-09-08,2026-09-08 14:00:00,GÜZEL DEFNE-8,GÜZEL DEFNE,8,57.0,1400.0,13.0,-0.08333333333333333,-0.24047619047619043,-0.22172619047619047,1.0778344671201812,0.25,0.13839285714285715,10.0,0.2689414213699951,0.6613432002358635,0.0,0.0,0.3,0.5,0.05,0.0,0.25,0.25,0.25,0.25,-0.5337301587301587,0.7142857142857143,-0.8055555555555555,0.45,0.0847457627118644,0.0847457627118644,11.8,0,ANKARA,Cim,NORMAL
Ankara-2026-09-08-1,2026-09-08,2026-09-08 14:00:00,MADAM DAISY-9,MADAM DAISY,9,57.0,1400.0,13.0,0.4220779220779221,0.05324675324675325,0.05324675324675325,1.0742410187215383,0.8571428571428572,0.36883116883116884,10.0,0.2689414213699951,0.7270137195243086,0.0,0.0,0.3,0.5,0.041666666666666664,0.0,0.25,0.25,0.25,0.25,0.05324675324675325,0.0,-0.047619047619047596,0.45,0.1724137931034483,0.1724137931034483,5.8,0,ANKARA,Cim,NORMAL
Ankara-2026-09-08-1,2026-09-08,2026-09-08 14:00:00,BİLGÜ-10,BİLGÜ,10,55.0,1400.0,13.0,-0.125,-0.125,-0.125,1.53125,0.75,0.0,13.0,0.34864513533394575,0.7389100778337592,0.0,0.0,0.23076923076923078,0.38461538461538464,0.008333333333333333,0.0,0.25,0.25,0.25,0.25,0.75,0.75,0.0,0.45,0.0784313725490196,0.0784313725490196,12.75,0,ANKARA,Cim,NORMAL
Ankara-2026-09-08-1,2026-09-08,2026-09-08 14:00:00,KIZIM SAFİR  K Kulaklık takılacağını ifade eder.-11,KIZIM SAFİR  K Kulaklık takılacağını ifade eder.,11,55.0,1400.0,13.0,-0.44999999999999996,-0.44999999999999996,-0.44999999999999996,0.005000000000000009,-0.3999999999999999,0.0,10.0,0.2689414213699951,0.5916890871865801,0.0,0.0,0.3,0.5,0.016666666666666666,0.0,0.25,0.25,0.25,0.25,-0.44999999999999996,0.0,-0.44999999999999996,0.45,0.022727272727272728,0.022727272727272728,44.0,0,ANKARA,Cim,NORMAL
Ankara-2026-09-08-1,2026-09-08,2026-09-08 14:00:00,MENESSAL  K Kulaklık takılacağını ifade eder. GKR Göz koruyucu takılacağını ifade eder.-12,MENESSAL  K Kulaklık takılacağını ifade eder. GKR Göz koruyucu takılacağını ifade eder.,12,52.0,1400.0,13.0,-1.0,-1.0,-1.0,6.795918367346939,0.7142857142857143,0.0,19.0,0.5312093733737563,0.7571546780025235,0.0,0.0,0.15789473684210525,0.2631578947368421,0.025,0.0,0.25,0.25,0.25,0.25,-1.0,0.2857142857142857,-1.8571428571428572,0.45,0.022522522522522525,0.022522522522522525,44.4,0,ANKARA,Cim,NORMAL
Ankara-2026-09-08-1,2026-09-08,2026-09-08 14:00:00,TALİHLİ KIZ-13,TALİHLİ KIZ,13,55.0,1400.0,13.0,-1.142857142857143,-1.142857142857143,-1.142857142857143,0.6326530612244897,-1.0,0.0,14.0,0.3775406687981454,0.5342320775549654,0.0,0.0,0.21428571428571427,0.35714285714285715,0.025,0.0,0.25,0.25,0.25,0.25,-1.142857142857143,-1.0,-1.5,0.45,0.11695906432748537,0.11695906432748537,8.55,0,ANKARA,Cim,NORMAL
Ankara-2026-09-08-2,2026-09-08,2026-09-08 14:30:00,LA COPA   K Kulaklık takılacağını ifade eder.-1,LA COPA   K Kulaklık takılacağını ifade eder.,1,56.5,1500.0,9.0,0.15277777777777776,0.3138888888888889,0.3586111111111111,0.1604552469135803,0.625,-0.20583333333333334,7.0,0.20181322226037884,0.23319506714061197,1.0,0.0,0.42857142857142855,0.7142857142857143,0.075,0.0,0.25,0.25,0.25,0.25,0.29850427350427344,0.3462698412698413,0.15,0.45,0.08695652173913043,0.08695652173913043,11.5,0,ANKARA,Kum,NORMAL
Ankara-2026-09-08-2,2026-09-08,2026-09-08 14:30:00,MY MOON-2,MY MOON,2,56.5,1500.0,9.0,0.746031746031746,0.699047619047619,-0.3847619047619045,0.05558276643990931,1.0,1.1307936507936507,10.0,0.2689414213699951,0.7271082163411295,0.0,0.0,0.3,0.5,0.05,0.0,0.25,0.25,0.25,0.25,-0.4489795918367347,-0.030252100840336117,0.0,0.45,0.25,0.25,4.0,0,ANKARA,Kum,NORMAL
Ankara-2026-09-08-2,2026-09-08,2026-09-08 14:30:00,MY ROSECEM-3,MY ROSECEM,3,56.5,1500.0,9.0,-1.537037037037037,-1.1022222222222222,-1.1022222222222222,5.243913580246914,-5.0,-0.43481481481481477,14.0,0.3775406687981454,0.1251256433067406,0.0,0.0,0.21428571428571427,0.35714285714285715,0.008333333333333333,0.0,0.25,0.25,0.25,0.25,-0.1277777777777778,-1.1277777777777778,-5.0,0.45,0.034722222222222224,0.034722222222222224,28.8,0,ANKARA,Kum,NORMAL
Ankara-2026-09-08-2,2026-09-08,2026-09-08 14:30:00,SAVE YOUR TEARS-4,SAVE YOUR TEARS,4,56.5,1500.0,9.0,-0.5185185185185185,-0.5111111111111111,-0.3680555555555555,0.8478395061728394,-1.0,-0.15046296296296297,10.0,0.2689414213699951,0.5049998333399998,0.0,0.0,0.3,0.5,0.08333333333333333,0.0,0.25,0.25,0.25,0.25,-0.7638888888888888,-0.4359953703703703,0.3,0.45,0.10471204188481674,0.10471204188481674,9.55,0,ANKARA,Kum,NORMAL
Ankara-2026-09-08-2,2026-09-08,2026-09-08 14:30:00,HIZLI GÖR-5,HIZLI GÖR,5,56.0,1500.0,9.0,0.3888888888888889,0.42000000000000004,-0.20904761904761893,0.07088888888888889,0.6666666666666667,0.5979365079365078,19.0,0.5312093733737563,0.7426905453026857,0.0,0.0,0.15789473684210525,0.2631578947368421,0.05,0.0,0.25,0.25,0.25,0.25,-0.4350340136054422,-0.19319727891156466,-0.3958333333333333,0.45,0.1724137931034483,0.1724137931034483,5.8,0,ANKARA,Kum,NORMAL
Ankara-2026-09-08-2,2026-09-08,2026-09-08 14:30:00,MAXIMAND-6,MAXIMAND,6,55.5,1500.0,9.0,-0.27777777777777785,-0.6466666666666667,-0.3898027898027898,3.074222222222222,1.0,0.11202501202501197,14.0,0.3775406687981454,0.7340440008749307,0.0,0.0,0.21428571428571427,0.35714285714285715,0.058333333333333334,0.0,0.25,0.25,0.25,0.25,-0.8535353535353537,0.18666666666666668,-0.3821273964131107,0.45,0.2777777777777778,0.2777777777777778,3.6,0,ANKARA,Kum,NORMAL
Ankara-2026-09-08-2,2026-09-08,2026-09-08 14:30:00,ADANALI KIZ   K Kulaklık takılacağını ifade eder.-7,ADANALI KIZ   K Kulaklık takılacağını ifade eder.,7,55.0,1500.0,9.0,0.14285714285714288,0.16904761904761906,0.5011904761904762,0.019302721088435372,0.2857142857142857,-0.3583333333333333,40.0,0.9399133498259924,0.719340065324693,0.0,0.0,0.075,0.125,0.008333333333333333,0.0,0.25,0.25,0.25,0.25,0.7281746031746031,0.5827132936507938,0.8416666666666667,0.45,0.29411764705882354,0.29411764705882354,3.4,0,ANKARA,Kum,NORMAL
Ankara-2026-09-08-2,2026-09-08,2026-09-08 14:30:00,NOBLE PRINCESS-8,NOBLE PRINCESS,8,54.0,1500.0,9.0,-0.17676767676767677,0.21893939393939393,-0.540530303030303,0.979255624426079,0.33333333333333337,0.36376262626262623,6.0,0.18242552380635635,0.20751005855963556,1.0,0.0,0.5,0.8333333333333334,0.05,0.0,0.25,0.25,0.25,0.25,-1.1791666666666667,-2.1904761904761907,-1.5768398268398265,0.45,0.1694915254237288,0.1694915254237288,5.9,0,ANKARA,Kum,NORMAL
Ankara-2026-09-08-2,2026-09-08,2026-09-08 14:30:00,LEADER TULIP-9,LEADER TULIP,9,53.5,1500.0,9.0,-0.39999999999999997,-1.0066666666666666,-0.36148629148629147,3.0002222222222223,-1.0,-0.0385137085137085,19.0,0.5312093733737563,0.5366010793535907,0.0,0.0,0.15789473684210525,0.2631578947368421,0.025,0.0,0.25,0.25,0.25,0.25,0.2462894248608534,-0.26781305114638454,-0.09,0.45,0.04576659038901602,0.04576659038901602,21.85,1,ANKARA,Kum,NORMAL
Ankara-2026-09-08-3,2026-09-08,2026-09-08 15:00:00,ALARASİ-1,ALARASİ,1,59.0,1500.0,9.0,-0.6666666666666666,-0.07714285714285714,0.019047619047619053,1.8226122448979591,-1.0,-0.6857142857142857,16.0,0.43782349911420193,0.5322468451901529,0.0,0.0,0.1875,0.3125,0.041666666666666664,0.0,0.25,0.25,0.25,0.25,-0.03333333333333336,0.22285714285714286,0.15357142857142858,0.45,0.11695906432748537,0.11695906432748537,8.55,0,ANKARA,Kum,NORMAL
Ankara-2026-09-08-3,2026-09-08,2026-09-08 15:00:00,İSKENDER HAN-2,İSKENDER HAN,2,59.0,1500.0,9.0,0.059523809523809534,-0.16428571428571428,-0.1369047619047619,1.6528061224489796,0.4285714285714286,0.19642857142857142,19.0,0.5312093733737563,0.7206360972728213,0.0,0.0,0.15789473684210525,0.2631578947368421,0.041666666666666664,0.0,0.25,0.25,0.25,0.25,0.5892857142857143,-0.1369047619047619,-0.16428571428571428,0.45,0.2777777777777778,0.2777777777777778,3.6,0,ANKARA,Kum,NORMAL
Ankara-2026-09-08-3,2026-09-08,2026-09-08 15:00:00,OĞLUM VEFA-3,OĞLUM VEFA,3,59.0,1500.0,9.0,0.5888888888888889,0.4961904761904762,-0.0021164021164021087,0.18340589569160998,1.0,0.591005291005291,10.0,0.2689414213699951,0.7426905453026857,0.0,0.0,0.3,0.5,0.075,0.0,0.25,0.25,0.25,0.25,-0.0071428571428571175,0.01547619047619049,-0.09841269841269844,0.45,0.1342281879194631,0.1342281879194631,7.45,0,ANKARA,Kum,NORMAL
Ankara-2026-09-08-3,2026-09-08,2026-09-08 15:00:00,HAZAN SABAHI-4,HAZAN SABAHI,4,58.0,1500.0,9.0,0.06349206349206349,0.3880952380952381,0.3822751322751323,0.49713718820861685,-0.6666666666666667,-0.31878306878306883,19.0,0.5312093733737563,0.5938731029341427,0.0,0.0,0.15789473684210525,0.2631578947368421,0.06666666666666667,0.0,0.25,0.25,0.25,0.25,0.23511904761904762,0.4200680272108844,0.3880952380952381,0.45,0.058823529411764705,0.058823529411764705,17.0,0,ANKARA,Kum,NORMAL
Ankara-2026-09-08-3,2026-09-08,2026-09-08 15:00:00,HERKÜLBEY-5,HERKÜLBEY,5,57.0,1500.0,9.0,0.6746031746031745,0.7202380952380952,0.7202380952380952,0.14073129251700683,1.0,-0.045634920634920695,10.0,0.2689414213699951,0.7490088901702329,0.0,0.0,0.3,0.5,0.03333333333333333,0.0,0.25,0.25,0.25,0.25,0.5833333333333333,0.9047619047619048,0.7202380952380952,0.45,0.1360544217687075,0.1360544217687075,7.35,0,ANKARA,Kum,NORMAL
Ankara-2026-09-08-3,2026-09-08,2026-09-08 15:00:00,PARSIBEY  K Kulaklık takılacağını ifade eder.-6,PARSIBEY  K Kulaklık takılacağını ifade eder.,6,57.0,1500.0,9.0,-1.7142857142857142,-1.6285714285714286,-1.4241071428571428,1.189795918367347,-3.0,-0.2901785714285714,7.0,0.20181322226037884,0.05103515024543997,1.0,0.0,0.42857142857142855,0.7142857142857143,0.058333333333333334,0.0,0.25,0.25,0.25,0.25,-1.5714285714285714,-0.6666666666666666,-1.6071428571428572,0.45,0.06944444444444445,0.06944444444444445,14.4,0,ANKARA,Kum,NORMAL
Ankara-2026-09-08-3,2026-09-08,2026-09-08 15:00:00,ULUALP-7,ULUALP,7,57.0,1500.0,9.0,0.6666666666666666,0.6666666666666666,0.6666666666666666,0.09333333333333332,0.4,0.0,19.0,0.5312093733737563,0.7204443239304575,0.0,0.0,0.15789473684210525,0.2631578947368421,0.025,0.0,0.25,0.25,0.25,0.25,0.5,0.6666666666666666,0.6666666666666666,0.45,0.5714285714285714,0.5714285714285714,1.75,1,ANKARA,Kum,NORMAL
Ankara-2026-09-08-3,2026-09-08,2026-09-08 15:00:00,BODRUM İNCİSİ-8,BODRUM İNCİSİ,8,51.0,1500.0,9.0,0.85,0.7208333333333334,0.7208333333333334,0.07840277777777777,1.0,0.12916666666666654,19.0,0.5312093733737563,0.7755640142690734,0.0,0.0,0.15789473684210525,0.2631578947368421,0.03333333333333333,0.0,0.25,0.25,0.25,0.25,0.9,0.85,0.5416666666666667,0.45,0.05025125628140704,0.05025125628140704,19.9,0,ANKARA,Kum,NORMAL
Ankara-2026-09-08-3,2026-09-08,2026-09-08 15:00:00,UÇANEDA-9,UÇANEDA,9,51.0,1500.0,9.0,-8.0,-8.0,-8.0,0.03,-8.0,0.0,109.0,0.999988521231873,0.02815342167708838,0.0,1.0,0.027522935779816515,0.045871559633027525,0.008333333333333333,0.0,0.25,0.25,0.25,0.25,0.0,0.0,0.0,0.45,0.01951219512195122,0.01951219512195122,51.25,0,ANKARA,Kum,NORMAL
Ankara-2026-09-08-4,2026-09-08,2026-09-08 15:30:00,SYRENA-1,SYRENA,1,60.0,1200.0,12.0,0.2724867724867725,0.4492063492063492,0.4596031746031747,0.3088183421516754,0.8888888888888888,-0.18711640211640218,8.0,0.22270013882530884,0.6941183983595335,0.0,0.0,0.375,0.625,0.08333333333333333,0.0,0.25,0.25,0.25,0.25,0.26576719576719576,0.2990211640211641,0.48214285714285715,0.45,0.18348623853211007,0.18348623853211007,5.45,0,ANKARA,Cim,NORMAL
Ankara-2026-09-08-4,2026-09-08,2026-09-08 15:30:00,SIEGREICH-2,SIEGREICH,2,60.0,1200.0,12.0,-0.7999999999999999,-0.27999999999999997,-1.5050000000000001,1.1920000000000002,0.0,0.7050000000000002,19.0,0.5312093733737563,0.6102428960235743,0.0,0.0,0.15789473684210525,0.2631578947368421,0.075,0.0,0.25,0.25,0.25,0.25,-1.9690476190476192,-1.2834120425029516,-1.5050000000000001,0.45,0.12987012987012986,0.12987012987012986,7.7,0,ANKARA,Cim,NORMAL
Ankara-2026-09-08-4,2026-09-08,2026-09-08 15:30:00,LALOCURA-3,LALOCURA,3,61.0,1200.0,12.0,-1.0666666666666667,-0.5866666666666667,-0.013333333333333286,2.347555555555555,-1.0,-1.0533333333333335,26.0,0.7310585786300049,0.5794492253509415,0.0,0.0,0.11538461538461539,0.19230769230769232,0.041666666666666664,0.0,0.25,0.25,0.25,0.25,0.0062271062271062735,-0.33333333333333326,0.01666666666666672,0.45,0.12422360248447203,0.12422360248447203,8.05,0,ANKARA,Cim,NORMAL
Ankara-2026-09-08-4,2026-09-08,2026-09-08 15:30:00,SILLAGE-4,SILLAGE,4,58.0,1200.0,12.0,0.14848484848484844,-1.1109090909090908,-1.2997727272727273,5.4842314049586784,-1.0,1.4482575757575757,19.0,0.5312093733737563,0.5233164098038501,0.0,0.0,0.15789473684210525,0.2631578947368421,0.05,0.0,0.25,0.25,0.25,0.25,-1.93125,-0.7590909090909091,-0.6246753246753247,0.45,0.2777777777777778,0.2777777777777778,3.6,1,ANKARA,Cim,NORMAL
Ankara-2026-09-08-4,2026-09-08,2026-09-08 15:30:00,VIVIR MI VIDA  K Kulaklık takılacağını ifade eder.-5,VIVIR MI VIDA  K Kulaklık takılacağını ifade eder.,5,60.0,1200.0,12.0,-1.6666666666666667,-1.15,-0.7775000000000001,2.7375,-4.0,-0.8891666666666667,46.0,0.9706877692486436,0.23518251303374307,0.0,0.0,0.06521739130434782,0.10869565217391304,0.016666666666666666,0.0,0.25,0.25,0.25,0.25,-0.31635338345864666,-0.01738095238095238,-0.6,0.45,0.045146726862302484,0.045146726862302484,22.15,0,ANKARA,Cim,NORMAL
Ankara-2026-09-08-4,2026-09-08,2026-09-08 15:30:00,DİNAMİT KIZ-6,DİNAMİT KIZ,6,58.5,1200.0,12.0,0.16077441077441076,-0.21262626262626264,-1.0596464646464645,1.074764054688297,0.4545454545454546,1.2204208754208752,28.0,0.7772998611746911,0.6813302364855242,0.0,0.0,0.10714285714285714,0.17857142857142858,0.05,0.0,0.25,0.25,0.25,0.25,-0.051734006734006764,0.00924630924630923,-0.08849607182940515,0.45,0.11363636363636363,0.11363636363636363,8.8,0,ANKARA,Cim,NORMAL
Ankara-2026-09-08-4,2026-09-08,2026-09-08 15:30:00,SIMAZE-7,SIMAZE,7,61.5,1200.0,12.0,-1.4000000000000001,-0.8876190476190476,-0.41714285714285715,3.5821950113378684,0.8,-0.982857142857143,14.0,0.3775406687981454,0.7307776117448589,0.0,0.0,0.21428571428571427,0.35714285714285715,0.058333333333333334,0.0,0.25,0.25,0.25,0.25,-0.5294152707196184,-1.5606150793650795,-0.9201336675020887,0.45,0.2061855670103093,0.2061855670103093,4.85,0,ANKARA,Cim,NORMAL
Ankara-2026-09-08-4,2026-09-08,2026-09-08 15:30:00,BOSKO-8,BOSKO,8,53.5,1200.0,12.0,-1.125,-1.175,-1.9208333333333332,1.403125,0.125,0.7958333333333332,111.0,0.9999910603036951,0.5902339102837799,0.0,1.0,0.02702702702702703,0.04504504504504504,0.016666666666666666,0.0,0.25,0.25,0.25,0.25,-2.0760073260073257,-2.0,0.0,0.45,0.022123893805309734,0.022123893805309734,45.2,0,ANKARA,Cim,NORMAL
Ankara-2026-09-08-4,2026-09-08,2026-09-08 15:30:00,JOYOUS GIRL  SKG-9,JOYOUS GIRL  SKG,9,56.0,1200.0,12.0,-2.308333333333333,-1.1466161616161616,-0.7717929292929293,10.798895635649423,-7.0,-1.5365404040404038,14.0,0.3775406687981454,0.05208298885824359,0.0,0.0,0.21428571428571427,0.35714285714285715,0.058333333333333334,0.0,0.25,0.25,0.25,0.25,-1.0237012987012988,-0.9426767676767678,-0.8624684343434343,0.45,0.0900900900900901,0.0900900900900901,11.1,0,ANKARA,Cim,NORMAL
Ankara-2026-09-08-4,2026-09-08,2026-09-08 15:30:00,SEA POWER-10,SEA POWER,10,58.0,1200.0,12.0,0.4631701631701632,0.2945687645687646,0.25527025058275055,0.1277057666498226,0.18181818181818177,0.20789991258741264,114.0,0.9999938558253978,0.6477679694464328,0.0,1.0,0.02631578947368421,0.043859649122807015,0.008333333333333333,0.0,0.25,0.25,0.25,0.25,0.2917374292374292,0.2757770007770008,0.1875,0.45,0.16666666666666666,0.16666666666666666,6.0,0,ANKARA,Cim,NORMAL
Ankara-2026-09-08-4,2026-09-08,2026-09-08 15:30:00,LIBERTA MIA-11,LIBERTA MIA,11,52.0,1200.0,12.0,-4.333333333333333,-4.7,-2.380365223012282,10.45,-9.0,-1.9529681103210512,42.0,0.9525741268224334,0.0244316010005653,0.0,0.0,0.07142857142857142,0.11904761904761904,0.016666666666666666,0.0,0.25,0.25,0.25,0.25,-4.042857142857143,-3.25,-3.0,0.45,0.05037783375314861,0.05037783375314861,19.85,0,ANKARA,Cim,NORMAL
Ankara-2026-09-08-4,2026-09-08,2026-09-08 15:30:00,BONITA-12,BONITA,12,52.0,1200.0,12.0,-4.023809523809524,-3.392857142857143,-3.392857142857143,19.59353741496599,-1.5,-0.6309523809523809,26.0,0.7310585786300049,0.4498804230948148,0.0,0.0,0.11538461538461539,0.19230769230769232,0.016666666666666666,0.0,0.25,0.25,0.25,0.25,-4.023809523809524,-1.0357142857142856,-1.0357142857142856,0.45,0.0243605359317905,0.0243605359317905,41.05,0,ANKARA,Cim,NORMAL
Ankara-2026-09-08-5,2026-09-08,2026-09-08 16:00:00,ÜNAL GÖZ-1,ÜNAL GÖZ,1,60.0,1400.0,12.0,0.39285714285714285,0.3107142857142857,0.3898809523809524,0.1010204081632653,0.0,0.0029761904761904656,14.0,0.3775406687981454,0.6510844687090777,0.0,0.0,0.21428571428571427,0.35714285714285715,0.041666666666666664,0.0,0.25,0.25,0.25,0.25,0.38839285714285715,0.3035714285714286,0.3928571428571429,0.45,0.4444444444444444,0.4444444444444444,2.25,0,ANKARA,Cim,NORMAL
Ankara-2026-09-08-5,2026-09-08,2026-09-08 16:00:00,URFA BEYİ-2,URFA BEYİ,2,59.0,1400.0,12.0,-1.8333333333333333,-0.9095238095238095,-0.4814058956916099,5.659977324263038,-5.0,-1.3519274376417234,52.0,0.9859363729567544,0.16127238809313785,0.0,0.0,0.057692307692307696,0.09615384615384616,0.05,0.0,0.25,0.25,0.25,0.25,-0.9095238095238095,-0.6092592592592593,-0.4814058956916099,0.45,0.09569377990430622,0.09569377990430622,10.45,0,ANKARA,Cim,NORMAL
Ankara-2026-09-08-5,2026-09-08,2026-09-08 16:00:00,ATLAS HAN-3,ATLAS HAN,3,57.0,1400.0,12.0,-0.48214285714285715,-0.48214285714285715,-0.48214285714285715,1.7509566326530612,-2.0,0.0,10.0,0.2689414213699951,0.3943537742620243,0.0,0.0,0.3,0.5,0.016666666666666666,0.0,0.25,0.25,0.25,0.25,-0.9375,0.0,-0.9375,0.45,0.05830903790087464,0.05830903790087464,17.15,0,ANKARA,Cim,NORMAL
Ankara-2026-09-08-5,2026-09-08,2026-09-08 16:00:00,BAKTAVORLİ  SKG-4,BAKTAVORLİ  SKG,4,57.0,1400.0,12.0,-0.31296296296296294,-0.10972222222222222,-0.10972222222222222,0.3055632716049383,-0.8,-0.20324074074074072,14.0,0.3775406687981454,0.557365338385597,0.0,0.0,0.21428571428571427,0.35714285714285715,0.03333333333333333,0.0,0.25,0.25,0.25,0.25,-0.10972222222222222,-0.34444444444444444,-0.10972222222222222,0.45,0.0351493848857645,0.0351493848857645,28.45,0,ANKARA,Cim,NORMAL
Ankara-2026-09-08-5,2026-09-08,2026-09-08 16:00:00,BÜCÜRÜK AKTAŞ-5,BÜCÜRÜK AKTAŞ,5,57.0,1400.0,12.0,0.3349206349206349,0.000952380952380949,-0.040873015873015874,0.36190929705215424,0.5714285714285714,0.3757936507936508,14.0,0.3775406687981454,0.7142652535025571,0.0,0.0,0.21428571428571427,0.35714285714285715,0.03333333333333333,0.0,0.25,0.25,0.25,0.25,0.2511904761904762,0.4523809523809524,-0.040873015873015874,0.45,0.11049723756906077,0.11049723756906077,9.05,0,ANKARA,Cim,NORMAL
Ankara-2026-09-08-5,2026-09-08,2026-09-08 16:00:00,GÜNEY KAFKASYALI-6,GÜNEY KAFKASYALI,6,57.0,1400.0,12.0,-1.3981481481481481,-0.638888888888889,-0.35515873015873023,7.440061728395062,-5.5,-1.042989417989418,14.0,0.3775406687981454,0.10531424926102592,0.0,0.0,0.21428571428571427,0.35714285714285715,0.058333333333333334,0.0,0.25,0.25,0.25,0.25,-0.35515873015873023,-0.35515873015873023,-1.04375,0.45,0.16129032258064516,0.16129032258064516,6.2,0,ANKARA,Cim,NORMAL
Ankara-2026-09-08-5,2026-09-08,2026-09-08 16:00:00,CABİREKIZIM-7,CABİREKIZIM,7,57.0,1400.0,12.0,0.3273809523809524,0.30500000000000005,0.3375000000000001,0.11640051020408165,0.0,-0.010119047619047694,14.0,0.3775406687981454,0.6495684574634732,0.0,0.0,0.21428571428571427,0.35714285714285715,0.05,0.0,0.25,0.25,0.25,0.25,0.3375000000000001,0.37642857142857145,0.35000000000000003,0.45,0.2857142857142857,0.2857142857142857,3.5,1,ANKARA,Cim,NORMAL
Ankara-2026-09-08-5,2026-09-08,2026-09-08 16:00:00,SEVGİNUR-8,SEVGİNUR,8,55.0,1400.0,12.0,0.375,-0.04166666666666665,0.1111111111111111,1.269097222222222,0.625,0.2638888888888889,12.0,0.320821300824607,0.707734163723624,0.0,0.0,0.25,0.4166666666666667,0.05,0.0,0.25,0.25,0.25,0.25,-0.017857142857142856,0.0,0.75,0.45,0.05405405405405406,0.05405405405405406,18.5,0,ANKARA,Cim,NORMAL
Ankara-2026-09-08-5,2026-09-08,2026-09-08 16:00:00,TORUN SADA-9,TORUN SADA,9,51.0,1400.0,12.0,-0.23611111111111108,-1.1416666666666666,-1.3593750000000002,3.8295138888888896,0.6666666666666667,1.123263888888889,10.0,0.2689414213699951,0.7035552844876162,0.0,0.0,0.3,0.5,0.06666666666666667,0.0,0.25,0.25,0.25,0.25,-1.3593750000000002,0.0,0.33333333333333337,0.45,0.041841004184100423,0.041841004184100423,23.9,0,ANKARA,Cim,NORMAL
Ankara-2026-09-08-5,2026-09-08,2026-09-08 16:00:00,UYGURKIZI-10,UYGURKIZI,10,51.0,1400.0,12.0,-0.5,-0.32,-0.07437641723356005,0.447,-1.0,-0.42562358276643997,12.0,0.320821300824607,0.5179684492949292,0.0,0.0,0.25,0.4166666666666667,0.05,0.0,0.25,0.25,0.25,0.25,-0.22962962962962963,0.09999999999999998,0.1611111111111111,0.45,0.06389776357827476,0.06389776357827476,15.65,0,ANKARA,Cim,NORMAL
Ankara-2026-09-08-5,2026-09-08,2026-09-08 16:00:00,YAYLA ÇİÇEĞİ-11,YAYLA ÇİÇEĞİ,11,55.0,1400.0,12.0,0.0059523809523809685,0.0059523809523809685,0.0059523809523809685,0.20546343537414966,0.1428571428571429,0.0,114.0,0.9999938558253978,0.6364525402815664,0.0,1.0,0.02631578947368421,0.043859649122807015,0.008333333333333333,0.0,0.25,0.25,0.25,0.25,0.1428571428571429,-0.17857142857142855,-0.5,0.45,0.16129032258064516,0.16129032258064516,6.2,0,ANKARA,Cim,NORMAL
Ankara-2026-09-08-5,2026-09-08,2026-09-08 16:00:00,ZEYTİN DİBİ  K Kulaklık takılacağını ifade eder. SKG-12,ZEYTİN DİBİ  K Kulaklık takılacağını ifade eder. SKG,12,52.0,1400.0,12.0,-1.2222222222222223,-0.9183333333333333,-0.6990740740740741,0.47084722222222214,-0.6666666666666667,-0.5231481481481483,14.0,0.3775406687981454,0.5672098052960646,0.0,0.0,0.21428571428571427,0.35714285714285715,0.06666666666666667,0.0,0.25,0.25,0.25,0.25,-0.9654761904761905,-0.9444444444444445,-0.5364583333333334,0.45,0.0847457627118644,0.0847457627118644,11.8,0,ANKARA,Cim,NORMAL
Ankara-2026-09-08-6,2026-09-08,2026-09-08 16:30:00,GÜRGÖKBEY-1,GÜRGÖKBEY,1,60.0,1400.0,8.0,0.5925925925925926,0.6588888888888889,0.5611111111111111,0.15863580246913578,0.0,0.031481481481481444,13.0,0.34864513533394575,0.6579920742096383,0.0,0.0,0.23076923076923078,0.38461538461538464,0.06666666666666667,0.0,0.25,0.25,0.25,0.25,-0.3486317603964664,0.3041590354090354,-0.38767962806424333,0.45,0.14388489208633093,0.14388489208633093,6.95,0,ANKARA,Cim,NORMAL
Ankara-2026-09-08-6,2026-09-08,2026-09-08 16:30:00,ATABEYLİ-2,ATABEYLİ,2,59.5,1400.0,8.0,-0.7333333333333334,-0.265,-0.6575,4.513625,1.0,-0.07583333333333342,12.0,0.320821300824607,0.720060535657935,0.0,0.0,0.25,0.4166666666666667,0.075,0.0,0.25,0.25,0.25,0.25,-0.7313095238095239,-0.10513983371126231,0.021743295019157095,0.45,0.10256410256410256,0.10256410256410256,9.75,0,ANKARA,Cim,NORMAL
Ankara-2026-09-08-6,2026-09-08,2026-09-08 16:30:00,ERKŞAN  K Kulaklık takılacağını ifade eder.-3,ERKŞAN  K Kulaklık takılacağını ifade eder.,3,59.5,1400.0,8.0,-0.3333333333333333,-1.0444444444444445,-1.0622222222222222,6.287654320987654,-2.0,0.7288888888888889,12.0,0.320821300824607,0.37085014122503757,0.0,0.0,0.25,0.4166666666666667,0.041666666666666664,0.0,0.25,0.25,0.25,0.25,0.04648526077097505,-0.21562499999999998,-0.32830687830687827,0.45,0.2247191011235955,0.2247191011235955,4.45,0,ANKARA,Cim,NORMAL
Ankara-2026-09-08-6,2026-09-08,2026-09-08 16:30:00,AKSU EFE-4,AKSU EFE,4,59.0,1400.0,8.0,0.6666666666666666,0.3,-0.005714285714285694,0.7,0.0,0.6723809523809523,13.0,0.34864513533394575,0.6609862358608479,0.0,0.0,0.23076923076923078,0.38461538461538464,0.05,0.0,0.25,0.25,0.25,0.25,0.09707792207792205,0.3,0.32857142857142857,0.45,0.25,0.25,4.0,0,ANKARA,Cim,NORMAL
Ankara-2026-09-08-6,2026-09-08,2026-09-08 16:30:00,DENİZ KASIRGASI-5,DENİZ KASIRGASI,5,58.0,1400.0,8.0,0.9629629629629629,0.9777777777777779,0.795138888888889,0.002469135802469138,1.0,0.16782407407407396,10.0,0.2689414213699951,0.7274859991992509,0.0,0.0,0.3,0.5,0.08333333333333333,0.0,0.25,0.25,0.25,0.25,0.29533730158730165,0.865079365079365,1.0,0.45,0.2898550724637681,0.2898550724637681,3.45,1,ANKARA,Cim,NORMAL
Ankara-2026-09-08-6,2026-09-08,2026-09-08 16:30:00,DORUKBATUR-6,DORUKBATUR,6,58.0,1400.0,8.0,-0.2444444444444445,-0.1466666666666667,-0.04,1.0075555555555555,0.6,-0.20444444444444448,13.0,0.34864513533394575,0.7246592868844522,0.0,0.0,0.23076923076923078,0.38461538461538464,0.05,0.0,0.25,0.25,0.25,0.25,0.3041666666666667,0.05454545454545454,0.125,0.45,0.3225806451612903,0.3225806451612903,3.1,0,ANKARA,Cim,NORMAL
Ankara-2026-09-08-6,2026-09-08,2026-09-08 16:30:00,SEMENDHAN  K Kulaklık takılacağını ifade eder. SKG-7,SEMENDHAN  K Kulaklık takılacağını ifade eder. SKG,7,58.0,1400.0,8.0,-1.7083333333333333,-1.185,-0.305,7.6023749999999986,-6.0,-1.4033333333333333,13.0,0.34864513533394575,0.08688251947785232,0.0,0.0,0.23076923076923078,0.38461538461538464,0.075,0.0,0.25,0.25,0.25,0.25,-0.16017857142857142,-0.044505494505494486,0.27214285714285713,0.45,0.046838407494145196,0.046838407494145196,21.35,0,ANKARA,Cim,NORMAL
Ankara-2026-09-08-6,2026-09-08,2026-09-08 16:30:00,AYSERA KIZ-8,AYSERA KIZ,8,56.0,1400.0,8.0,0.46296296296296297,0.4888888888888888,0.21136752136752138,0.08240740740740743,0.16666666666666663,0.25159544159544156,13.0,0.34864513533394575,0.6764910214921023,0.0,0.0,0.23076923076923078,0.38461538461538464,0.06666666666666667,0.0,0.25,0.25,0.25,0.25,0.09468355718355716,-0.049681183014516336,0.046296296296296335,0.45,0.056338028169014086,0.056338028169014086,17.75,0,ANKARA,Cim,NORMAL
Ankara-2026-09-08-7,2026-09-08,2026-09-08 17:00:00,HEGEMONYA-1,HEGEMONYA,1,57.0,1600.0,6.0,1.0,1.0,1.0,0.03,1.0,0.0,17.0,0.46879062662624377,0.7698215614262927,0.0,0.0,0.17647058823529413,0.29411764705882354,0.008333333333333333,0.0,0.25,0.25,0.25,0.25,1.0,1.0,1.0,0.45,0.3333333333333333,0.3333333333333333,3.0,0,ANKARA,Cim,NORMAL
Ankara-2026-09-08-7,2026-09-08,2026-09-08 17:00:00,MY LITTLE BOY-2,MY LITTLE BOY,2,57.0,1600.0,6.0,-0.27777777777777773,0.23333333333333334,0.28095238095238095,0.5222222222222223,-0.33333333333333326,-0.5587301587301587,37.0,0.9149009549929797,0.6362127876615967,0.0,0.0,0.08108108108108109,0.13513513513513514,0.058333333333333334,0.0,0.25,0.25,0.25,0.25,0.0,0.041666666666666685,0.4,0.45,0.08771929824561403,0.08771929824561403,11.4,0,ANKARA,Cim,NORMAL
Ankara-2026-09-08-7,2026-09-08,2026-09-08 17:00:00,ROYAL DYNASTY  K Kulaklık takılacağını ifade eder.-3,ROYAL DYNASTY  K Kulaklık takılacağını ifade eder.,3,57.0,1600.0,6.0,0.75,0.75,0.75,0.125,0.5,0.0,14.0,0.3775406687981454,0.7115118568709102,0.0,0.0,0.21428571428571427,0.35714285714285715,0.016666666666666666,0.0,0.25,0.25,0.25,0.25,0.5,0.75,0.75,0.45,0.11049723756906077,0.11049723756906077,9.05,0,ANKARA,Cim,NORMAL
Ankara-2026-09-08-7,2026-09-08,2026-09-08 17:00:00,SON OF DRAGON  K Kulaklık takılacağını ifade eder.-4,SON OF DRAGON  K Kulaklık takılacağını ifade eder.,4,57.0,1600.0,6.0,0.7444444444444445,0.7444444444444445,0.7444444444444445,0.09592592592592591,1.0,0.0,26.0,0.7310585786300049,0.7914761220790426,0.0,0.0,0.11538461538461539,0.19230769230769232,0.025,0.0,0.25,0.25,0.25,0.25,0.9166666666666667,0.7444444444444445,0.7444444444444445,0.45,0.12578616352201258,0.12578616352201258,7.95,0,ANKARA,Cim,NORMAL
Ankara-2026-09-08-7,2026-09-08,2026-09-08 17:00:00,VOOBAHR-5,VOOBAHR,5,57.0,1600.0,6.0,0.0,0.0,0.0,2.0,1.0,0.0,26.0,0.7310585786300049,0.7925742619365981,0.0,0.0,0.11538461538461539,0.19230769230769232,0.016666666666666666,0.0,0.25,0.25,0.25,0.25,1.0,0.0,0.0,0.45,0.5128205128205129,0.5128205128205129,1.95,1,ANKARA,Cim,NORMAL
Ankara-2026-09-08-7,2026-09-08,2026-09-08 17:00:00,YURIBOYKA-6,YURIBOYKA,6,57.0,1600.0,6.0,-1.5999999999999999,-0.6199999999999999,-0.6199999999999999,4.152,-1.0,-0.98,10.0,0.2689414213699951,0.4920839948217847,0.0,0.0,0.3,0.5,0.03333333333333333,0.0,0.25,0.25,0.25,0.25,1.0,-1.0333333333333332,0.22499999999999998,0.45,0.26666666666666666,0.26666666666666666,3.75,0,ANKARA,Cim,NORMAL
Ankara-2026-09-08-8,2026-09-08,2026-09-08 17:30:00,HOOD RIVER-1,HOOD RIVER,1,63.0,1500.0,8.0,-1.6666666666666667,-1.5333333333333334,-1.2,1.422222222222222,0.0,-0.4666666666666668,60.0,0.9947798743064417,0.679178699175393,0.0,0.0,0.05,0.08333333333333333,0.025,0.0,0.25,0.25,0.25,0.25,-0.14166666666666666,-0.5277777777777778,-0.9102564102564104,0.45,0.07194244604316546,0.07194244604316546,13.9,0,ANKARA,Kum,NORMAL
Ankara-2026-09-08-8,2026-09-08,2026-09-08 17:30:00,BLACK PABLO-2,BLACK PABLO,2,61.0,1500.0,8.0,0.39999999999999997,0.4955555555555556,0.4477777777777779,0.17602469135802473,0.19999999999999996,-0.04777777777777792,55.0,0.9902915235185259,0.6979543970094645,0.0,0.0,0.05454545454545454,0.09090909090909091,0.03333333333333333,0.0,0.25,0.25,0.25,0.25,0.6312865497076023,0.517929292929293,0.51875,0.45,0.3125,0.3125,3.2,0,ANKARA,Kum,NORMAL
Ankara-2026-09-08-8,2026-09-08,2026-09-08 17:30:00,ZAGROS RÜZGARI-3,ZAGROS RÜZGARI,3,60.5,1500.0,8.0,0.6759259259259259,0.5126984126984127,0.6096825396825397,0.12431815318720081,0.25,0.06624338624338622,12.0,0.320821300824607,0.6860392075530379,0.0,0.0,0.25,0.4166666666666667,0.03333333333333333,0.0,0.25,0.25,0.25,0.25,0.76010101010101,0.7569160997732427,0.6626984126984127,0.45,0.18348623853211007,0.18348623853211007,5.45,1,ANKARA,Kum,NORMAL
Ankara-2026-09-08-8,2026-09-08,2026-09-08 17:30:00,GÖRKEM KAPTAN-4,GÖRKEM KAPTAN,4,60.0,1500.0,8.0,0.7833333333333333,0.7533333333333334,0.7350000000000001,0.022972222222222224,0.75,0.04833333333333323,28.0,0.7772998611746911,0.7348334419183562,0.0,0.0,0.10714285714285714,0.17857142857142858,0.025,0.0,0.25,0.25,0.25,0.25,0.27777777777777785,0.18733333333333335,0.7833333333333333,0.45,0.4347826086956522,0.4347826086956522,2.3,0,ANKARA,Kum,NORMAL
Ankara-2026-09-08-8,2026-09-08,2026-09-08 17:30:00,GÜÇLÜ TÜRK-5,GÜÇLÜ TÜRK,5,60.0,1500.0,8.0,-0.8888888888888888,-0.8833333333333334,-0.11666666666666661,3.8805555555555555,1.0,-0.7722222222222223,26.0,0.7310585786300049,0.7914761220790426,0.0,0.0,0.11538461538461539,0.19230769230769232,0.025,0.0,0.25,0.25,0.25,0.25,-0.0815426997245179,-0.05126262626262623,-0.6249999999999999,0.45,0.07782101167315175,0.07782101167315175,12.85,0,ANKARA,Kum,NORMAL
Ankara-2026-09-08-8,2026-09-08,2026-09-08 17:30:00,NIGHTFLYERS-6,NIGHTFLYERS,6,60.0,1500.0,8.0,0.8333333333333334,-0.3,-0.7849999999999999,4.45,0.5,1.6183333333333332,26.0,0.7310585786300049,0.7434248639629402,0.0,0.0,0.11538461538461539,0.19230769230769232,0.05,0.0,0.25,0.25,0.25,0.25,-0.303448275862069,-0.34523809523809523,-0.3499999999999999,0.45,0.2597402597402597,0.2597402597402597,3.85,0,ANKARA,Kum,NORMAL
Ankara-2026-09-08-8,2026-09-08,2026-09-08 17:30:00,TYWIN LANNISTER-7,TYWIN LANNISTER,7,60.0,1500.0,8.0,0.4166666666666667,-0.35,-0.625,1.55,-0.5,1.0416666666666667,40.0,0.9399133498259924,0.6212835951910678,0.0,0.0,0.075,0.125,0.03333333333333333,0.0,0.25,0.25,0.25,0.25,-0.11416666666666667,-0.3777777777777778,-0.125,0.45,0.125,0.125,0.0,0,ANKARA,Kum,NORMAL
Ankara-2026-09-08-8,2026-09-08,2026-09-08 17:30:00,BOSTON LIGHT-8,BOSTON LIGHT,8,58.0,1500.0,8.0,0.26666666666666666,0.49333333333333335,0.37303030303030305,0.3168888888888889,-0.19999999999999996,-0.10636363636363638,22.0,0.6224593312018546,0.6473184235729984,0.0,0.0,0.13636363636363635,0.22727272727272727,0.025,0.0,0.25,0.25,0.25,0.25,0.278030303030303,0.09823232323232324,0.638888888888889,0.45,0.10152284263959391,0.10152284263959391,9.85,0,ANKARA,Kum,NORMAL
Ankara-2026-09-08-9,2026-09-08,2026-09-08 18:00:00,ARKANBERK-1,ARKANBERK,1,59.0,1400.0,13.0,-1.777777777777778,-1.2666666666666668,-1.1423611111111112,0.8555555555555556,-2.0,-0.6354166666666667,11.0,0.29421497216298875,0.38614405511413047,0.0,0.0,0.2727272727272727,0.45454545454545453,0.058333333333333334,0.0,0.25,0.25,0.25,0.25,-1.0972222222222223,-1.3148148148148149,-0.8009259259259259,0.45,0.2222222222222222,0.2222222222222222,4.5,0,ANKARA,Cim,NORMAL
Ankara-2026-09-08-9,2026-09-08,2026-09-08 18:00:00,ATAERİ-2,ATAERİ,2,57.0,1400.0,13.0,-1.236111111111111,-0.775,-0.6964285714285714,5.740972222222221,0.875,-0.5396825396825395,10.0,0.2689414213699951,0.7287821302552907,0.0,0.0,0.3,0.5,0.041666666666666664,0.0,0.25,0.25,0.25,0.25,-0.775,-1.7222222222222223,-0.8416666666666666,0.45,0.0881057268722467,0.0881057268722467,11.35,0,ANKARA,Cim,NORMAL
Ankara-2026-09-08-9,2026-09-08,2026-09-08 18:00:00,ATEŞİZİ-3,ATEŞİZİ,3,57.0,1400.0,13.0,0.5198412698412699,0.17857142857142858,-0.20064935064935063,0.3280895691609978,0.6666666666666667,0.7204906204906205,10.0,0.2689414213699951,0.7035552844876162,0.0,0.0,0.3,0.5,0.06666666666666667,0.0,0.25,0.25,0.25,0.25,-0.2793019480519481,-1.5555555555555556,0.33333333333333337,0.45,0.07407407407407407,0.07407407407407407,13.5,0,ANKARA,Cim,NORMAL
Ankara-2026-09-08-9,2026-09-08,2026-09-08 18:00:00,BÜYÜK PEHLİVAN-4,BÜYÜK PEHLİVAN,4,57.0,1400.0,13.0,0.5,0.5,0.5,0.027777777777777783,0.33333333333333337,0.0,14.0,0.3775406687981454,0.6907887849031324,0.0,0.0,0.21428571428571427,0.35714285714285715,0.025,0.0,0.25,0.25,0.25,0.25,0.5,0.5,0.5,0.45,0.4347826086956522,0.4347826086956522,2.3,0,ANKARA,Cim,NORMAL
Ankara-2026-09-08-9,2026-09-08,2026-09-08 18:00:00,ÇÖL KASIRGASI-5,ÇÖL KASIRGASI,5,57.0,1400.0,13.0,0.0,-0.3333333333333334,-0.27777777777777785,0.40277777777777785,0.6666666666666667,0.27777777777777785,17.0,0.46879062662624377,0.7445596253433002,0.0,0.0,0.17647058823529413,0.29411764705882354,0.05,0.0,0.25,0.25,0.25,0.25,-0.27777777777777785,-0.3333333333333333,-0.2916666666666667,0.45,0.24096385542168672,0.24096385542168672,4.15,1,ANKARA,Cim,NORMAL
Ankara-2026-09-08-9,2026-09-08,2026-09-08 18:00:00,KOYUNEVİ ASLANI  SKG-6,KOYUNEVİ ASLANI  SKG,6,57.0,1400.0,13.0,-0.08333333333333326,-0.08333333333333326,-0.08333333333333326,0.03,-0.08333333333333326,0.0,131.0,0.9999992661790194,0.586800475754298,0.0,1.0,0.022900763358778626,0.03816793893129771,0.0,0.0,0.25,0.25,0.25,0.25,0.0,-0.08333333333333326,-0.08333333333333326,0.45,0.03558718861209964,0.03558718861209964,28.1,0,ANKARA,Cim,NORMAL
Ankara-2026-09-08-9,2026-09-08,2026-09-08 18:00:00,SEVERBEY-7,SEVERBEY,7,57.0,1400.0,13.0,-2.6794871794871793,-2.1596153846153845,-2.1596153846153845,15.389087771203158,0.46153846153846156,-0.5198717948717948,14.0,0.3775406687981454,0.702920792843621,0.0,0.0,0.21428571428571427,0.35714285714285715,0.03333333333333333,0.0,0.25,0.25,0.25,0.25,-2.1596153846153845,-2.7128205128205125,-2.1596153846153845,0.45,0.1941747572815534,0.1941747572815534,5.15,0,ANKARA,Cim,NORMAL
Ankara-2026-09-08-9,2026-09-08,2026-09-08 18:00:00,GÜNEŞMİLA-8,GÜNEŞMİLA,8,60.0,1400.0,13.0,-0.14761904761904762,0.13642857142857143,-0.00011904761904759641,1.4899387755102043,0.7,-0.14750000000000002,14.0,0.3775406687981454,0.7191958356371877,0.0,0.0,0.21428571428571427,0.35714285714285715,0.08333333333333333,0.0,0.25,0.25,0.25,0.25,0.12321428571428569,-0.0215986394557823,0.22486772486772486,0.45,0.1941747572815534,0.1941747572815534,5.15,0,ANKARA,Cim,NORMAL
Ankara-2026-09-08-9,2026-09-08,2026-09-08 18:00:00,AKÇALIKIZ-9,AKÇALIKIZ,9,55.0,1400.0,13.0,-0.042328042328042326,-0.2587301587301587,-0.2587301587301587,0.6376165280927185,0.4444444444444444,0.21640211640211637,19.0,0.5312093733737563,0.7301838509740171,0.0,0.0,0.15789473684210525,0.2631578947368421,0.03333333333333333,0.0,0.25,0.25,0.25,0.25,0.0515873015873016,0.16666666666666669,-0.07936507936507935,0.45,0.0425531914893617,0.0425531914893617,23.5,0,ANKARA,Cim,NORMAL
Ankara-2026-09-08-9,2026-09-08,2026-09-08 18:00:00,ARKAZGÜLÜ  SKG-10,ARKAZGÜLÜ  SKG,10,51.0,1400.0,13.0,-0.8293650793650794,-0.4809523809523809,-0.3055555555555555,0.8644132653061223,-1.25,-0.523809523809524,14.0,0.3775406687981454,0.4997023809875306,0.0,0.0,0.21428571428571427,0.35714285714285715,0.041666666666666664,0.0,0.25,0.25,0.25,0.25,-0.41666666666666663,-0.5595238095238095,-0.3055555555555555,0.45,0.1941747572815534,0.1941747572815534,5.15,0,ANKARA,Cim,NORMAL
Ankara-2026-09-08-9,2026-09-08,2026-09-08 18:00:00,BAHAR ATEŞİ-11,BAHAR ATEŞİ,11,55.0,1400.0,13.0,-2.4285714285714284,-2.4285714285714284,-2.4285714285714284,13.224489795918366,0.1428571428571429,0.0,10.0,0.2689414213699951,0.6567958137213972,0.0,0.0,0.3,0.5,0.008333333333333333,0.0,0.25,0.25,0.25,0.25,0.1428571428571429,0.0,0.1428571428571429,0.45,0.027137042062415195,0.027137042062415195,36.85,0,ANKARA,Cim,NORMAL
Ankara-2026-09-08-9,2026-09-08,2026-09-08 18:00:00,KATI CANAN-12,KATI CANAN,12,55.0,1400.0,13.0,-4.0,-4.0,-4.0,0.03,-4.0,0.0,59.0,0.9940889311437562,0.24186128374004395,0.0,0.0,0.05084745762711865,0.0847457627118644,0.008333333333333333,0.0,0.25,0.25,0.25,0.25,-4.0,-4.0,-4.0,0.45,0.04950495049504951,0.04950495049504951,20.2,0,ANKARA,Cim,NORMAL
Ankara-2026-09-08-9,2026-09-08,2026-09-08 18:00:00,MERCAN ANA-13,MERCAN ANA,13,55.0,1400.0,13.0,-1.4,-1.4,-1.4,0.72,-2.0,0.0,28.0,0.7772998611746911,0.4451031492795278,0.0,0.0,0.10714285714285714,0.17857142857142858,0.016666666666666666,0.0,0.25,0.25,0.25,0.25,-1.4,-0.8,-1.4,0.45,0.030165912518853696,0.030165912518853696,33.15,0,ANKARA,Cim,NORMAL
Kocaeli-2026-09-08-1,2026-09-08,2026-09-08 17:15:00,LAKE EAGLE-1,LAKE EAGLE,1,59.0,1900.0,8.0,-2.0,-1.0,-1.875,6.5,1.0,-0.125,11.0,0.29421497216298875,0.7417812336139128,0.0,0.0,0.2727272727272727,0.45454545454545453,0.058333333333333334,0.0,0.25,0.25,0.25,0.25,-2.013888888888889,-1.4944444444444445,0.0,0.45,0.3389830508474576,0.3389830508474576,2.95,0,KOCAELI,Kum,NORMAL
Kocaeli-2026-09-08-1,2026-09-08,2026-09-08 17:15:00,BAHRİYELİ ÇİKOK-2,BAHRİYELİ ÇİKOK,2,61.0,1900.0,8.0,-0.5833333333333334,-0.025,0.03303571428571428,2.8625000000000003,0.25,-0.6163690476190476,8.0,0.22270013882530884,0.6126395391614619,0.0,0.0,0.375,0.625,0.075,0.0,0.25,0.25,0.25,0.25,-0.020833333333333332,0.09226190476190477,1.0,0.45,0.09900990099009901,0.09900990099009901,10.1,0,KOCAELI,Kum,NORMAL
Kocaeli-2026-09-08-1,2026-09-08,2026-09-08 17:15:00,HAMMERWICH-3,HAMMERWICH,3,57.5,1900.0,8.0,-2.7037037037037037,-2.6222222222222222,-2.296111111111111,9.158024691358024,-5.0,-0.4075925925925925,7.0,0.20181322226037884,0.019534609685083446,1.0,0.0,0.42857142857142855,0.7142857142857143,0.058333333333333334,0.0,0.25,0.25,0.25,0.25,-1.407142857142857,-1.3588554720133665,-1.9342592592592593,0.45,0.06493506493506493,0.06493506493506493,15.4,0,KOCAELI,Kum,NORMAL
Kocaeli-2026-09-08-1,2026-09-08,2026-09-08 17:15:00,VENUS DOOM-4,VENUS DOOM,4,60.0,1900.0,8.0,0.4666666666666666,0.305,-0.34750000000000003,0.293875,0.8,0.8141666666666667,26.0,0.7310585786300049,0.7698616838073389,0.0,0.0,0.11538461538461539,0.19230769230769232,0.025,0.0,0.25,0.25,0.25,0.25,-0.019999999999999997,0.2892857142857143,0.5062500000000001,0.45,0.4347826086956522,0.4347826086956522,2.3,1,KOCAELI,Kum,NORMAL
Kocaeli-2026-09-08-1,2026-09-08,2026-09-08 17:15:00,KING MAHİR  K Kulaklık takılacağını ifade eder.-5,KING MAHİR  K Kulaklık takılacağını ifade eder.,5,58.0,1900.0,8.0,0.47222222222222227,0.44333333333333336,-0.8722222222222222,0.33272222222222214,-0.33333333333333326,1.3444444444444446,26.0,0.7310585786300049,0.6488976061049282,0.0,0.0,0.11538461538461539,0.19230769230769232,0.058333333333333334,0.0,0.25,0.25,0.25,0.25,0.47222222222222227,0.4033333333333333,0.4033333333333333,0.45,0.21052631578947367,0.21052631578947367,4.75,0,KOCAELI,Kum,NORMAL
Kocaeli-2026-09-08-1,2026-09-08,2026-09-08 17:15:00,LADY CLASSMAN-6,LADY CLASSMAN,6,56.0,1900.0,8.0,-0.5,-0.4,-0.47000000000000003,0.9805555555555558,-2.0,-0.02999999999999997,14.0,0.3775406687981454,0.3894382341679377,0.0,0.0,0.21428571428571427,0.35714285714285715,0.058333333333333334,0.0,0.25,0.25,0.25,0.25,-0.5,-0.25793650793650796,-2.0,0.45,0.09803921568627452,0.09803921568627452,10.2,0,KOCAELI,Kum,NORMAL
Kocaeli-2026-09-08-1,2026-09-08,2026-09-08 17:15:00,YILMAKENAN-7,YILMAKENAN,7,57.0,1900.0,8.0,0.33730158730158727,0.3523809523809524,0.2420634920634921,0.19973072562358277,0.4285714285714286,0.09523809523809518,10.0,0.2689414213699951,0.6686321592530166,0.0,0.0,0.3,0.5,0.06666666666666667,0.0,0.25,0.25,0.25,0.25,-0.5008818342151676,-0.9670868347338937,0.33333333333333337,0.45,0.12195121951219513,0.12195121951219513,8.2,0,KOCAELI,Kum,NORMAL
Kocaeli-2026-09-08-1,2026-09-08,2026-09-08 17:15:00,REBEL MOON-8,REBEL MOON,8,53.0,1900.0,8.0,0.3194444444444445,-0.13690476190476186,-0.15666666666666665,1.2797264739229026,0.5,0.47611111111111115,7.0,0.20181322226037884,0.21353720520897004,1.0,0.0,0.42857142857142855,0.7142857142857143,0.03333333333333333,0.0,0.25,0.25,0.25,0.25,-1.0555555555555556,-0.24867724867724864,0.0625,0.45,0.06802721088435375,0.06802721088435375,14.7,0,KOCAELI,Kum,NORMAL
Kocaeli-2026-09-08-2,2026-09-08,2026-09-08 17:45:00,RAZENOID-1,RAZENOID,1,60.0,1200.0,8.0,-0.888888888888889,-0.33333333333333337,-0.33333333333333337,1.2222222222222219,-0.6666666666666667,-0.5555555555555556,9.0,0.24508501313237172,0.5509338255637227,0.0,0.0,0.3333333333333333,0.5555555555555556,0.05,0.0,0.25,0.25,0.25,0.25,-0.2777777777777778,-0.25,-0.3333333333333333,0.45,0.14598540145985403,0.14598540145985403,6.85,0,KOCAELI,Kum,NORMAL
Kocaeli-2026-09-08-2,2026-09-08,2026-09-08 17:45:00,FORTISSIMO-2,FORTISSIMO,2,59.0,1200.0,8.0,0.8,0.8,0.8,0.08000000000000002,1.0,0.0,28.0,0.7772998611746911,0.7803348956975494,0.0,0.0,0.10714285714285714,0.17857142857142858,0.016666666666666666,0.0,0.25,0.25,0.25,0.25,0.8,1.0,1.0,0.45,0.8,0.8,1.25,1,KOCAELI,Kum,NORMAL
Kocaeli-2026-09-08-2,2026-09-08,2026-09-08 17:45:00,TEMERARIO-3,TEMERARIO,3,56.0,1200.0,8.0,0.5462962962962963,0.5420634920634921,0.11531746031746026,0.02240488788107835,0.33333333333333337,0.430978835978836,42.0,0.9525741268224334,0.719003459124329,0.0,0.0,0.07142857142857142,0.11904761904761904,0.06666666666666667,0.0,0.25,0.25,0.25,0.25,0.11531746031746026,0.11531746031746026,0.5565476190476191,0.45,0.0881057268722467,0.0881057268722467,11.35,0,KOCAELI,Kum,NORMAL
Kocaeli-2026-09-08-2,2026-09-08,2026-09-08 17:45:00,AURELIA BLITZ-4,AURELIA BLITZ,4,55.0,1200.0,8.0,0.4444444444444445,0.36904761904761907,0.36904761904761907,0.19557823129251697,1.0,0.0753968253968254,14.0,0.3775406687981454,0.7688634567270821,0.0,0.0,0.21428571428571427,0.35714285714285715,0.03333333333333333,0.0,0.25,0.25,0.25,0.25,0.36904761904761907,0.4444444444444445,0.4444444444444445,0.45,0.15748031496062992,0.15748031496062992,6.35,0,KOCAELI,Kum,NORMAL
Kocaeli-2026-09-08-2,2026-09-08,2026-09-08 17:45:00,DRAGON FURIOUS-5,DRAGON FURIOUS,5,54.0,1200.0,8.0,-0.4523809523809524,-0.38095238095238093,-0.38095238095238093,0.23922902494331066,0.1428571428571429,-0.07142857142857145,7.0,0.20181322226037884,0.19522208154231746,1.0,0.0,0.42857142857142855,0.7142857142857143,0.025,0.0,0.25,0.25,0.25,0.25,-0.5555555555555556,-0.38095238095238093,-0.38095238095238093,0.45,0.0558659217877095,0.0558659217877095,17.9,0,KOCAELI,Kum,NORMAL
Kocaeli-2026-09-08-2,2026-09-08,2026-09-08 17:45:00,KOCA ÖMER-6,KOCA ÖMER,6,56.0,1200.0,8.0,-1.3333333333333333,-0.7571428571428571,-0.7571428571428571,3.4734693877551024,0.0,-0.5761904761904761,12.0,0.320821300824607,0.6283161882953663,0.0,0.0,0.25,0.4166666666666667,0.041666666666666664,0.0,0.25,0.25,0.25,0.25,-0.9464285714285714,-0.7571428571428571,-0.7571428571428571,0.45,0.0547945205479452,0.0547945205479452,18.25,0,KOCAELI,Kum,NORMAL
Kocaeli-2026-09-08-2,2026-09-08,2026-09-08 17:45:00,TORANAGA  K Kulaklık takılacağını ifade eder.-7,TORANAGA  K Kulaklık takılacağını ifade eder.,7,54.0,1200.0,8.0,0.45,0.45,0.45,0.03,0.45,0.0,30.0,0.8175744761936437,0.7499476922271856,0.0,0.0,0.1,0.16666666666666666,0.0,0.0,0.25,0.25,0.25,0.25,0.45,0.45,0.45,0.45,0.08695652173913043,0.08695652173913043,11.5,0,KOCAELI,Kum,NORMAL
Kocaeli-2026-09-08-2,2026-09-08,2026-09-08 17:45:00,NEBULA STAR-8,NEBULA STAR,8,52.0,1200.0,8.0,0.3333333333333333,-1.6,-1.3666666666666665,17.220000000000002,0.0,1.6999999999999997,14.0,0.3775406687981454,0.6656490586132757,0.0,0.0,0.21428571428571427,0.35714285714285715,0.05,0.0,0.25,0.25,0.25,0.25,-1.3666666666666665,-1.6799999999999997,-1.6799999999999997,0.45,0.05,0.05,20.0,0,KOCAELI,Kum,NORMAL
Kocaeli-2026-09-08-3,2026-09-08,2026-09-08 18:30:00,CORSARO-1,CORSARO,1,60.0,1900.0,8.0,1.0,0.85,0.025,0.11250000000000002,1.0,0.975,22.0,0.6224593312018546,0.7859369643804279,0.0,0.0,0.13636363636363635,0.22727272727272727,0.03333333333333333,0.0,0.25,0.25,0.25,0.25,0.07142857142857142,0.11166666666666668,-0.5,0.45,0.3846153846153846,0.3846153846153846,2.6,1,KOCAELI,Kum,NORMAL
Kocaeli-2026-09-08-3,2026-09-08,2026-09-08 18:30:00,MR MONK-2,MR MONK,2,60.0,1900.0,8.0,0.8333333333333334,0.33999999999999997,-0.43,0.6779999999999999,0.5,1.2633333333333334,10.0,0.2689414213699951,0.6879819909924514,0.0,0.0,0.3,0.5,0.03333333333333333,0.0,0.25,0.25,0.25,0.25,-0.21476190476190476,-0.060416666666666674,0.0,0.45,0.3333333333333333,0.3333333333333333,3.0,0,KOCAELI,Kum,NORMAL
Kocaeli-2026-09-08-3,2026-09-08,2026-09-08 18:30:00,TIZONA-3,TIZONA,3,60.0,1900.0,8.0,0.6111111111111112,0.4523809523809524,0.45809523809523806,0.21371882086167804,1.0,0.1530158730158731,19.0,0.5312093733737563,0.7732961484372675,0.0,0.0,0.15789473684210525,0.2631578947368421,0.058333333333333334,0.0,0.25,0.25,0.25,0.25,0.5611414141414142,0.3916621572871573,0.5685734900020615,0.45,0.12987012987012986,0.12987012987012986,7.7,0,KOCAELI,Kum,NORMAL
Kocaeli-2026-09-08-3,2026-09-08,2026-09-08 18:30:00,AYBAR FIRTINASI-4,AYBAR FIRTINASI,4,57.0,1900.0,8.0,0.5777777777777778,-1.853333333333333,-1.7023076923076925,11.27422222222222,0.33333333333333337,2.2800854700854702,15.0,0.40733340004593027,0.6929686898474069,0.0,0.0,0.2,0.3333333333333333,0.058333333333333334,0.0,0.25,0.25,0.25,0.25,-1.0492673992673993,-0.7682051282051281,0.2,0.45,0.06097560975609757,0.06097560975609757,16.4,0,KOCAELI,Kum,NORMAL
Kocaeli-2026-09-08-3,2026-09-08,2026-09-08 18:30:00,RÜZGAR UĞUR-5,RÜZGAR UĞUR,5,57.0,1900.0,8.0,-1.4000000000000001,-0.8400000000000001,-1.3133333333333332,2.653,-2.0,-0.08666666666666689,12.0,0.320821300824607,0.37560488452114227,0.0,0.0,0.25,0.4166666666666667,0.075,0.0,0.25,0.25,0.25,0.25,-0.7203125,-0.8789855072463767,-0.3145833333333333,0.45,0.1694915254237288,0.1694915254237288,5.9,0,KOCAELI,Kum,NORMAL
Kocaeli-2026-09-08-3,2026-09-08,2026-09-08 18:30:00,AĞUSTOS AHMET  K Kulaklık takılacağını ifade eder.-6,AĞUSTOS AHMET  K Kulaklık takılacağını ifade eder.,6,55.0,1900.0,8.0,0.4916666666666667,0.22833333333333333,0.45244505494505505,0.2440138888888889,0.875,0.03922161172161165,12.0,0.320821300824607,0.7276213745469637,0.0,0.0,0.25,0.4166666666666667,0.008333333333333333,0.0,0.25,0.25,0.25,0.25,0.5313962132143951,0.2412683934423065,0.5622134038800706,0.45,0.2777777777777778,0.2777777777777778,3.6,0,KOCAELI,Kum,NORMAL
Kocaeli-2026-09-08-3,2026-09-08,2026-09-08 18:30:00,ÇAVDARLI-7,ÇAVDARLI,7,56.0,1900.0,8.0,-0.9166666666666666,-0.85,-1.0264285714285715,0.3625,-1.5,0.10976190476190484,12.0,0.320821300824607,0.44071873676127116,0.0,0.0,0.25,0.4166666666666667,0.05,0.0,0.25,0.25,0.25,0.25,-0.8064360119047618,-0.7565433975008443,-0.7956349206349207,0.45,0.2777777777777778,0.2777777777777778,3.6,0,KOCAELI,Kum,NORMAL
Kocaeli-2026-09-08-3,2026-09-08,2026-09-08 18:30:00,STASERA  K Kulaklık takılacağını ifade eder.-8,STASERA  K Kulaklık takılacağını ifade eder.,8,56.0,1900.0,8.0,-2.1666666666666665,-1.25,-0.47785714285714287,2.6875,-3.0,-1.6888095238095238,10.0,0.2689414213699951,0.27170981936952593,0.0,0.0,0.3,0.5,0.06666666666666667,0.0,0.25,0.25,0.25,0.25,-0.661547619047619,-0.09945436507936507,0.2375,0.45,0.08064516129032258,0.08064516129032258,12.4,0,KOCAELI,Kum,NORMAL
Kocaeli-2026-09-08-4,2026-09-08,2026-09-08 19:00:00,ALL THE STARS-1,ALL THE STARS,1,57.0,1400.0,10.0,0.5191798941798942,0.46150793650793653,0.05125661375661376,0.15051335348954398,0.875,0.4679232804232804,14.0,0.3775406687981454,0.7416654580495942,0.0,0.0,0.21428571428571427,0.35714285714285715,0.05,0.0,0.25,0.25,0.25,0.25,0.46150793650793653,0.05125661375661376,0.875,0.45,0.37037037037037035,0.37037037037037035,2.7,0,KOCAELI,Kum,NORMAL
Kocaeli-2026-09-08-4,2026-09-08,2026-09-08 19:00:00,ÇİKOK POWER-2,ÇİKOK POWER,2,53.0,1400.0,10.0,0.45,0.45,0.45,0.03,0.45,0.0,30.0,0.8175744761936437,0.7499476922271856,0.0,0.0,0.1,0.16666666666666666,0.0,0.0,0.25,0.25,0.25,0.25,0.45,0.45,0.45,0.45,0.022222222222222223,0.022222222222222223,45.0,0,KOCAELI,Kum,NORMAL
Kocaeli-2026-09-08-4,2026-09-08,2026-09-08 19:00:00,MAGIC SURPRISE  K Kulaklık takılacağını ifade eder.-3,MAGIC SURPRISE  K Kulaklık takılacağını ifade eder.,3,57.0,1400.0,10.0,-1.5,-1.125,-1.125,6.729166666666667,0.5,-0.375,14.0,0.3775406687981454,0.7069208897402712,0.0,0.0,0.21428571428571427,0.35714285714285715,0.03333333333333333,0.0,0.25,0.25,0.25,0.25,-1.5,0.16666666666666666,0.25,0.45,0.15037593984962405,0.15037593984962405,6.65,0,KOCAELI,Kum,NORMAL
Kocaeli-2026-09-08-4,2026-09-08,2026-09-08 19:00:00,MULHOLLAND DRIVE-4,MULHOLLAND DRIVE,4,57.0,1400.0,10.0,-1.5,-1.5,-1.5,0.03,-1.5,0.0,98.0,0.9999546021312976,0.43367548246131027,0.0,1.0,0.030612244897959183,0.05102040816326531,0.008333333333333333,0.0,0.25,0.25,0.25,0.25,-1.5,0.0,0.0,0.45,0.2597402597402597,0.2597402597402597,3.85,1,KOCAELI,Kum,NORMAL
Kocaeli-2026-09-08-4,2026-09-08,2026-09-08 19:00:00,NOBIL BIGTIME-5,NOBIL BIGTIME,5,57.0,1400.0,10.0,-1.5,-1.5,-1.5,0.5,-1.0,0.0,14.0,0.3775406687981454,0.5358905473591513,0.0,0.0,0.21428571428571427,0.35714285714285715,0.016666666666666666,0.0,0.25,0.25,0.25,0.25,-1.5,-1.5,-1.5,0.45,0.1680672268907563,0.1680672268907563,5.95,0,KOCAELI,Kum,NORMAL
Kocaeli-2026-09-08-4,2026-09-08,2026-09-08 19:00:00,PILLOW DANCE  K Kulaklık takılacağını ifade eder.-6,PILLOW DANCE  K Kulaklık takılacağını ifade eder.,6,57.0,1400.0,10.0,0.5714285714285714,0.5714285714285714,0.5714285714285714,0.03,0.5714285714285714,0.0,18.0,0.5,0.7373464930850371,0.0,0.0,0.16666666666666666,0.2777777777777778,0.008333333333333333,0.0,0.25,0.25,0.25,0.25,0.5714285714285714,0.0,0.0,0.45,0.2531645569620253,0.2531645569620253,3.95,0,KOCAELI,Kum,NORMAL
Kocaeli-2026-09-08-4,2026-09-08,2026-09-08 19:00:00,SHADEFALL-7,SHADEFALL,7,57.0,1400.0,10.0,0.4166666666666667,0.4166666666666667,0.4166666666666667,0.013888888888888883,0.33333333333333337,0.0,14.0,0.3775406687981454,0.6922109683218491,0.0,0.0,0.21428571428571427,0.35714285714285715,0.016666666666666666,0.0,0.25,0.25,0.25,0.25,0.33333333333333337,0.4166666666666667,0.4166666666666667,0.45,0.07575757575757576,0.07575757575757576,13.2,0,KOCAELI,Kum,NORMAL
Kocaeli-2026-09-08-4,2026-09-08,2026-09-08 19:00:00,SNOWDRIFT-8,SNOWDRIFT,8,57.0,1400.0,10.0,-2.4166666666666665,-2.4166666666666665,-2.4166666666666665,5.770833333333333,-0.25,0.0,14.0,0.3775406687981454,0.6253086757033286,0.0,0.0,0.21428571428571427,0.35714285714285715,0.025,0.0,0.25,0.25,0.25,0.25,-2.4166666666666665,-2.625,-2.625,0.45,0.05376344086021505,0.05376344086021505,18.6,0,KOCAELI,Kum,NORMAL
Kocaeli-2026-09-08-4,2026-09-08,2026-09-08 19:00:00,STEEL HUNTER-9,STEEL HUNTER,9,57.0,1400.0,10.0,-0.3999999999999999,-0.3999999999999999,-0.3999999999999999,0.03,-0.3999999999999999,0.0,14.0,0.3775406687981454,0.6107524465347767,0.0,0.0,0.21428571428571427,0.35714285714285715,0.008333333333333333,0.0,0.25,0.25,0.25,0.25,-0.3999999999999999,-0.3999999999999999,-0.3999999999999999,0.45,0.03460207612456748,0.03460207612456748,28.9,0,KOCAELI,Kum,NORMAL
Kocaeli-2026-09-08-4,2026-09-08,2026-09-08 19:00:00,TERRAFERMA-10,TERRAFERMA,10,57.0,1400.0,10.0,0.0,0.0,0.0,0.03,0.0,0.0,16.0,0.43782349911420193,0.6647210845082577,0.0,0.0,0.1875,0.3125,0.008333333333333333,0.0,0.25,0.25,0.25,0.25,0.0,0.0,0.0,0.45,0.0477326968973747,0.0477326968973747,20.95,0,KOCAELI,Kum,NORMAL
Kocaeli-2026-09-08-5,2026-09-08,2026-09-08 19:30:00,MISS CALIFORNIA-1,MISS CALIFORNIA,1,58.0,1400.0,13.0,0.23743386243386244,0.5224603174603175,0.2899470899470899,0.16968502771478963,0.4444444444444444,-0.052513227513227456,19.0,0.5312093733737563,0.7288684012458164,0.0,0.0,0.15789473684210525,0.2631578947368421,0.041666666666666664,0.0,0.25,0.25,0.25,0.25,0.06111111111111109,0.5299319727891156,0.5812169312169312,0.45,0.04132231404958678,0.04132231404958678,24.2,0,KOCAELI,Kum,NORMAL
Kocaeli-2026-09-08-5,2026-09-08,2026-09-08 19:30:00,KAYLA MARLA  K Kulaklık takılacağını ifade eder.-2,KAYLA MARLA  K Kulaklık takılacağını ifade eder.,2,60.0,1400.0,13.0,-0.20000000000000004,-0.13428571428571426,-0.22269841269841267,1.375877551020408,-2.0,0.022698412698412634,14.0,0.3775406687981454,0.41951567556168734,0.0,0.0,0.21428571428571427,0.35714285714285715,0.06666666666666667,0.0,0.25,0.25,0.25,0.25,-0.6194444444444445,-0.34034391534391534,0.08589065255731926,0.45,0.08130081300813008,0.08130081300813008,12.3,0,KOCAELI,Kum,NORMAL
Kocaeli-2026-09-08-5,2026-09-08,2026-09-08 19:30:00,ERULİNA  SKG-3,ERULİNA  SKG,3,58.0,1400.0,13.0,-1.7142857142857142,-0.7285714285714285,-0.16761904761904756,8.80140306122449,-6.0,-1.5466666666666666,16.0,0.43782349911420193,0.09224322635971345,0.0,0.0,0.1875,0.3125,0.016666666666666666,0.0,0.25,0.25,0.25,0.25,0.023626373626373612,0.48750000000000004,0.7444444444444445,0.45,0.16129032258064516,0.16129032258064516,6.2,0,KOCAELI,Kum,NORMAL
Kocaeli-2026-09-08-5,2026-09-08,2026-09-08 19:30:00,KINOWA GIRL-4,KINOWA GIRL,4,58.0,1400.0,13.0,-2.2777777777777777,-2.046666666666667,-1.6733333333333333,8.110888888888889,-6.0,-0.6044444444444443,14.0,0.3775406687981454,0.09128083547804536,0.0,0.0,0.21428571428571427,0.35714285714285715,0.03333333333333333,0.0,0.25,0.25,0.25,0.25,-1.6137254901960782,-1.6137254901960782,-2.708333333333333,0.45,0.03527336860670194,0.03527336860670194,28.35,0,KOCAELI,Kum,NORMAL
Kocaeli-2026-09-08-5,2026-09-08,2026-09-08 19:30:00,SHENRON-5,SHENRON,5,58.0,1400.0,13.0,0.7412698412698413,0.5903501400560224,0.5389124437653849,0.047941089180770356,0.6666666666666667,0.20235739750445636,14.0,0.3775406687981454,0.7340440008749307,0.0,0.0,0.21428571428571427,0.35714285714285715,0.058333333333333334,0.0,0.25,0.25,0.25,0.25,0.3960403459629466,0.5176627384960718,0.6121617965367966,0.45,0.1941747572815534,0.1941747572815534,5.15,1,KOCAELI,Kum,NORMAL
Kocaeli-2026-09-08-5,2026-09-08,2026-09-08 19:30:00,ŞEKERKIZ-6,ŞEKERKIZ,6,58.0,1400.0,13.0,-1.3333333333333333,-0.9333333333333333,-0.7208333333333333,3.0222222222222217,0.0,-0.6124999999999999,11.0,0.29421497216298875,0.5885268516103457,0.0,0.0,0.2727272727272727,0.45454545454545453,0.058333333333333334,0.0,0.25,0.25,0.25,0.25,-0.33787878787878783,-0.6698717948717948,-1.4166666666666665,0.45,0.04975124378109452,0.04975124378109452,20.1,0,KOCAELI,Kum,NORMAL
Kocaeli-2026-09-08-5,2026-09-08,2026-09-08 19:30:00,BARBOOM-7,BARBOOM,7,56.0,1400.0,13.0,0.10000000000000002,0.09636363636363636,0.19818181818181818,0.06915702479338842,0.5,-0.09818181818181816,17.0,0.46879062662624377,0.679135973165853,0.0,0.0,0.17647058823529413,0.29411764705882354,0.03333333333333333,0.0,0.25,0.25,0.25,0.25,0.1852272727272727,0.5,0.0,0.45,0.5882352941176471,0.5882352941176471,1.7,0,KOCAELI,Kum,NORMAL
Kocaeli-2026-09-08-5,2026-09-08,2026-09-08 19:30:00,MUCİZE SERENAY-8,MUCİZE SERENAY,8,55.0,1400.0,13.0,-0.10714285714285715,-0.10714285714285715,-0.10714285714285715,0.3086734693877551,-0.5,0.0,21.0,0.5926665999540697,0.6287053299097083,0.0,0.0,0.14285714285714285,0.23809523809523808,0.008333333333333333,0.0,0.25,0.25,0.25,0.25,-0.10714285714285715,-0.10714285714285715,-0.5,0.45,0.021436227224008574,0.021436227224008574,46.65,0,KOCAELI,Kum,NORMAL
Kocaeli-2026-09-08-5,2026-09-08,2026-09-08 19:30:00,QUİEREME-9,QUİEREME,9,58.0,1400.0,13.0,0.22023809523809523,0.21309523809523806,-1.0517857142857143,0.0873795351473923,0.0,1.2720238095238097,21.0,0.5926665999540697,0.6806295939638525,0.0,0.0,0.14285714285714285,0.23809523809523808,0.03333333333333333,0.0,0.25,0.25,0.25,0.25,-0.7799886621315194,-0.8207251082251082,0.01607142857142857,0.45,0.014970059880239521,0.014970059880239521,66.8,0,KOCAELI,Kum,NORMAL
Kocaeli-2026-09-08-5,2026-09-08,2026-09-08 19:30:00,SELLYGIRL-10,SELLYGIRL,10,58.0,1400.0,13.0,0.35555555555555557,0.35555555555555557,0.35555555555555557,0.8014814814814815,1.0,0.0,21.0,0.5926665999540697,0.7795993888183311,0.0,0.0,0.14285714285714285,0.23809523809523808,0.025,0.0,0.25,0.25,0.25,0.25,0.8666666666666667,0.35555555555555557,0.35555555555555557,0.45,0.13793103448275862,0.13793103448275862,7.25,0,KOCAELI,Kum,NORMAL
Kocaeli-2026-09-08-5,2026-09-08,2026-09-08 19:30:00,YEŞİL İNCİ-11,YEŞİL İNCİ,11,55.0,1400.0,13.0,-4.7407407407407405,-2.933333333333333,-2.05,38.32469135802469,-14.0,-2.6907407407407407,14.0,0.3775406687981454,0.0018242472951791727,0.0,0.0,0.21428571428571427,0.35714285714285715,0.041666666666666664,0.0,0.25,0.25,0.25,0.25,-2.388888888888889,-7.25,-14.0,0.45,0.023391812865497075,0.023391812865497075,42.75,0,KOCAELI,Kum,NORMAL
Kocaeli-2026-09-08-5,2026-09-08,2026-09-08 19:30:00,MANNARA-12,MANNARA,12,52.0,1400.0,13.0,-2.3703703703703707,-1.4722222222222223,-0.9801587301587302,10.008487654320989,-0.4444444444444444,-1.3902116402116405,28.0,0.7772998611746911,0.6090908042783764,0.0,0.0,0.10714285714285714,0.17857142857142858,0.025,0.0,0.25,0.25,0.25,0.25,-0.16666666666666666,-3.3333333333333335,0.0,0.45,0.038910505836575876,0.038910505836575876,25.7,0,KOCAELI,Kum,NORMAL
Kocaeli-2026-09-08-5,2026-09-08,2026-09-08 19:30:00,EMERY-13,EMERY,13,55.0,1400.0,13.0,-1.6904761904761905,-2.414285714285714,-1.4266666666666665,10.322448979591835,-4.5,-0.26380952380952394,8.0,0.22270013882530884,0.14616523039738208,0.0,0.0,0.375,0.625,0.05,0.0,0.25,0.25,0.25,0.25,-1.8577380952380953,-1.3374149659863945,0.0,0.45,0.04357298474945534,0.04357298474945534,22.95,0,KOCAELI,Kum,NORMAL
Kocaeli-2026-09-08-6,2026-09-08,2026-09-08 20:00:00,AVCI OĞLUM-1,AVCI OĞLUM,1,60.0,2000.0,9.0,0.5333333333333333,0.12,0.40166666666666667,0.572,0.6,0.13166666666666665,15.0,0.40733340004593027,0.6977627133851014,0.0,0.0,0.2,0.3333333333333333,0.075,0.0,0.25,0.25,0.25,0.25,-0.11607142857142858,-0.09080866580866577,-0.04074074074074077,0.45,0.029940119760479042,0.029940119760479042,33.4,0,KOCAELI,Kum,NORMAL
Kocaeli-2026-09-08-6,2026-09-08,2026-09-08 20:00:00,BEYAZIŞIK-2,BEYAZIŞIK,2,60.0,2000.0,9.0,-0.08333333333333333,0.25,0.525,0.4375,0.0,-0.6083333333333334,59.0,0.9940889311437562,0.7090125772478432,0.0,0.0,0.05084745762711865,0.0847457627118644,0.025,0.0,0.25,0.25,0.25,0.25,0.2761111111111111,0.10468682968682969,0.6666666666666667,0.45,0.4347826086956522,0.4347826086956522,2.3,0,KOCAELI,Kum,NORMAL
Kocaeli-2026-09-08-6,2026-09-08,2026-09-08 20:00:00,KAYAFATİH-3,KAYAFATİH,3,60.0,2000.0,9.0,0.3333333333333333,0.3,-0.10285714285714284,0.7,-1.0,0.43619047619047613,12.0,0.320821300824607,0.5,0.0,0.0,0.25,0.4166666666666667,0.041666666666666664,0.0,0.25,0.25,0.25,0.25,-0.22307692307692306,-0.13495670995671,0.13333333333333333,0.45,0.061919504643962855,0.061919504643962855,16.15,0,KOCAELI,Kum,NORMAL
Kocaeli-2026-09-08-6,2026-09-08,2026-09-08 20:00:00,KUMBEY-4,KUMBEY,4,60.0,2000.0,9.0,0.0,0.2303030303030303,0.26515151515151514,0.6288337924701561,1.0,-0.26515151515151514,31.0,0.8354835371034369,0.7912405428555179,0.0,0.0,0.0967741935483871,0.16129032258064516,0.025,0.0,0.25,0.25,0.25,0.25,0.5637741046831957,0.47113237639553435,-1.0,0.45,0.3278688524590164,0.3278688524590164,3.05,0,KOCAELI,Kum,NORMAL
Kocaeli-2026-09-08-6,2026-09-08,2026-09-08 20:00:00,ORÇUNTAY-5,ORÇUNTAY,5,60.0,2000.0,9.0,-0.16190476190476188,0.10285714285714287,-0.18190476190476187,1.5243265306122449,0.7142857142857143,0.01999999999999999,14.0,0.3775406687981454,0.7315264446679792,0.0,0.0,0.21428571428571427,0.35714285714285715,0.041666666666666664,0.0,0.25,0.25,0.25,0.25,-1.6428571428571428,-0.08774250440917106,0.7535714285714286,0.45,0.028208744710860365,0.028208744710860365,35.45,0,KOCAELI,Kum,NORMAL
Kocaeli-2026-09-08-6,2026-09-08,2026-09-08 20:00:00,TAŞKENT-6,TAŞKENT,6,60.0,2000.0,9.0,0.9296296296296296,-1.0422222222222222,-0.6244444444444444,19.79224691358025,0.8888888888888888,1.554074074074074,59.0,0.9940889311437562,0.7916727027391324,0.0,0.0,0.05084745762711865,0.0847457627118644,0.025,0.0,0.25,0.25,0.25,0.25,0.7390096618357487,0.5029513888888889,0.0,0.45,0.3278688524590164,0.3278688524590164,3.05,1,KOCAELI,Kum,NORMAL
Kocaeli-2026-09-08-6,2026-09-08,2026-09-08 20:00:00,CEVAHİRKAN-7,CEVAHİRKAN,7,57.5,2000.0,9.0,-0.8690476190476191,-0.5214285714285715,-0.3607142857142857,1.9308673469387756,-3.0,-0.5083333333333333,10.0,0.2689414213699951,0.25635510824373786,0.0,0.0,0.3,0.5,0.075,0.0,0.25,0.25,0.25,0.25,0.20158730158730154,-0.002023809523809539,1.0,0.45,0.042283298097251586,0.042283298097251586,23.65,0,KOCAELI,Kum,NORMAL
Kocaeli-2026-09-08-6,2026-09-08,2026-09-08 20:00:00,NUSRET OĞLU-8,NUSRET OĞLU,8,57.5,2000.0,9.0,0.5555555555555556,0.6933333333333334,0.6529292929292929,0.17022222222222222,0.0,-0.09737373737373733,10.0,0.2689414213699951,0.6070669880717037,0.0,0.0,0.3,0.5,0.075,0.0,0.25,0.25,0.25,0.25,0.8158730158730159,0.3826899951899952,1.0,0.45,0.07142857142857142,0.07142857142857142,14.0,0,KOCAELI,Kum,NORMAL
Kocaeli-2026-09-08-6,2026-09-08,2026-09-08 20:00:00,SON İZCİ-9,SON İZCİ,9,57.5,2000.0,9.0,0.4222222222222222,0.6533333333333334,0.23500000000000001,0.3342222222222222,0.6,0.1872222222222222,23.0,0.6513548646660542,0.7492812477358382,0.0,0.0,0.13043478260869565,0.21739130434782608,0.05,0.0,0.25,0.25,0.25,0.25,0.45,-0.14499341238471672,0.5833333333333334,0.45,0.1149425287356322,0.1149425287356322,8.7,0,KOCAELI,Kum,NORMAL
Kocaeli-2026-09-08-7,2026-09-08,2026-09-08 20:30:00,ALTINBORA-1,ALTINBORA,1,60.0,1400.0,8.0,0.3259259259259259,0.19555555555555554,0.49722222222222223,0.6134320987654321,0.7777777777777778,-0.17129629629629634,19.0,0.5312093733737563,0.759307909451501,0.0,0.0,0.15789473684210525,0.2631578947368421,0.05,0.0,0.25,0.25,0.25,0.25,0.32962962962962966,0.7962962962962963,0.0,0.45,0.3846153846153846,0.3846153846153846,2.6,0,KOCAELI,Kum,NORMAL
Kocaeli-2026-09-08-7,2026-09-08,2026-09-08 20:30:00,DADAKBEY-2,DADAKBEY,2,58.0,1400.0,8.0,0.6222222222222222,0.6733333333333335,0.6444444444444445,0.1168888888888889,0.6666666666666667,-0.022222222222222254,35.0,0.8933094060543487,0.7658029264260275,0.0,0.0,0.08571428571428572,0.14285714285714285,0.05,0.0,0.25,0.25,0.25,0.25,0.6444444444444445,0.6444444444444445,0.8333333333333334,0.45,0.23809523809523808,0.23809523809523808,4.2,0,KOCAELI,Kum,NORMAL
Kocaeli-2026-09-08-7,2026-09-08,2026-09-08 20:30:00,ERBAŞKAN-3,ERBAŞKAN,3,57.0,1400.0,8.0,0.3,0.27999999999999997,0.41428571428571426,0.41075000000000006,-0.25,-0.11428571428571427,32.0,0.8519528019683106,0.6558425364181633,0.0,0.0,0.09375,0.15625,0.05,0.0,0.25,0.25,0.25,0.25,0.39999999999999997,0.7999999999999999,0.0,0.45,0.11976047904191617,0.11976047904191617,8.35,1,KOCAELI,Kum,NORMAL
Kocaeli-2026-09-08-7,2026-09-08,2026-09-08 20:30:00,SALGUR-4,SALGUR,4,57.0,1400.0,8.0,-0.08333333333333333,0.13571428571428573,0.3095238095238096,0.47602040816326524,0.0,-0.3928571428571429,19.0,0.5312093733737563,0.6755363229894543,0.0,0.0,0.15789473684210525,0.2631578947368421,0.08333333333333333,0.0,0.25,0.25,0.25,0.25,0.3095238095238096,0.34956709956709964,0.18571428571428572,0.45,0.06734006734006734,0.06734006734006734,14.85,0,KOCAELI,Kum,NORMAL
Kocaeli-2026-09-08-7,2026-09-08,2026-09-08 20:30:00,YÜKENOĞLU-5,YÜKENOĞLU,5,57.0,1400.0,8.0,-1.6666666666666667,-0.6857142857142857,-1.1825396825396826,8.993877551020407,0.0,-0.4841269841269842,19.0,0.5312093733737563,0.6827993860934125,0.0,0.0,0.15789473684210525,0.2631578947368421,0.041666666666666664,0.0,0.25,0.25,0.25,0.25,-0.6857142857142857,-0.6857142857142857,-2.5,0.45,0.3076923076923077,0.3076923076923077,3.25,0,KOCAELI,Kum,NORMAL
Kocaeli-2026-09-08-7,2026-09-08,2026-09-08 20:30:00,MUTLU BAHAR-6,MUTLU BAHAR,6,55.0,1400.0,8.0,0.8190476190476191,0.09142857142857146,0.41130952380952385,1.5132244897959188,0.8571428571428572,0.4077380952380953,13.0,0.34864513533394575,0.7415198029328491,0.0,0.0,0.23076923076923078,0.38461538461538464,0.058333333333333334,0.0,0.25,0.25,0.25,0.25,0.3272108843537415,0.6866666666666668,1.0,0.45,0.078125,0.078125,12.8,0,KOCAELI,Kum,NORMAL
Kocaeli-2026-09-08-7,2026-09-08,2026-09-08 20:30:00,URASEFE-7,URASEFE,7,54.0,1400.0,8.0,0.36904761904761907,0.0267857142857143,0.0267857142857143,1.098107993197279,0.8571428571428572,0.34226190476190477,7.0,0.20181322226037884,0.28070800621787956,1.0,0.0,0.42857142857142855,0.7142857142857143,0.03333333333333333,0.0,0.25,0.25,0.25,0.25,0.0267857142857143,0.0267857142857143,-0.0714285714285714,0.45,0.14285714285714285,0.14285714285714285,7.0,0,KOCAELI,Kum,NORMAL
Kocaeli-2026-09-08-7,2026-09-08,2026-09-08 20:30:00,TEYZEOĞLU-8,TEYZEOĞLU,8,53.0,1400.0,8.0,-0.7222222222222222,-0.9333333333333333,-0.8492063492063493,1.3972222222222221,0.8333333333333334,0.1269841269841271,12.0,0.320821300824607,0.7288056604164053,0.0,0.0,0.25,0.4166666666666667,0.05,0.0,0.25,0.25,0.25,0.25,-0.8492063492063493,-0.8492063492063493,-0.8492063492063493,0.45,0.10101010101010101,0.10101010101010101,9.9,0,KOCAELI,Kum,NORMAL
Kocaeli-2026-09-08-8,2026-09-08,2026-09-08 21:00:00,SILA ALEYNA-1,SILA ALEYNA,1,59.0,1400.0,9.0,0.8375,0.8375,0.8375,0.002812499999999997,0.875,0.0,11.0,0.29421497216298875,0.7475105187950024,0.0,0.0,0.2727272727272727,0.45454545454545453,0.008333333333333333,0.0,0.25,0.25,0.25,0.25,0.875,0.875,0.0,0.45,0.2531645569620253,0.2531645569620253,3.95,0,KOCAELI,Kum,NORMAL
Kocaeli-2026-09-08-8,2026-09-08,2026-09-08 21:00:00,TODAY IS A GIFT-2,TODAY IS A GIFT,2,57.0,1400.0,9.0,0.5555555555555556,0.44333333333333336,0.44333333333333336,0.02855555555555556,0.5,0.11222222222222222,14.0,0.3775406687981454,0.7055377619067563,0.0,0.0,0.21428571428571427,0.35714285714285715,0.041666666666666664,0.0,0.25,0.25,0.25,0.25,0.44333333333333336,0.5555555555555556,0.5,0.45,0.37735849056603776,0.37735849056603776,2.65,1,KOCAELI,Kum,NORMAL
Kocaeli-2026-09-08-8,2026-09-08,2026-09-08 21:00:00,BRAVE HERA-3,BRAVE HERA,3,57.0,1400.0,9.0,0.30000000000000004,0.30000000000000004,0.30000000000000004,0.03,0.30000000000000004,0.0,18.0,0.5,0.7102313542105628,0.0,0.0,0.16666666666666666,0.2777777777777778,0.008333333333333333,0.0,0.25,0.25,0.25,0.25,0.30000000000000004,0.0,0.0,0.45,0.10810810810810811,0.10810810810810811,9.25,0,KOCAELI,Kum,NORMAL
Kocaeli-2026-09-08-8,2026-09-08,2026-09-08 21:00:00,GENERAL FEMALE-4,GENERAL FEMALE,4,57.0,1400.0,9.0,0.1666666666666667,0.1666666666666667,0.1666666666666667,0.19444444444444442,-0.33333333333333326,0.0,12.0,0.320821300824607,0.6216756663298777,0.0,0.0,0.25,0.4166666666666667,0.025,0.0,0.25,0.25,0.25,0.25,0.1666666666666667,0.4166666666666667,0.33333333333333337,0.45,0.11428571428571428,0.11428571428571428,8.75,0,KOCAELI,Kum,NORMAL
Kocaeli-2026-09-08-8,2026-09-08,2026-09-08 21:00:00,LA SAGRADA  SKG-5,LA SAGRADA  SKG,5,57.0,1400.0,9.0,-1.0,-1.0,-1.0,2.0,0.0,0.0,70.0,0.998498817743263,0.7028595956074221,0.0,0.0,0.04285714285714286,0.07142857142857142,0.016666666666666666,0.0,0.25,0.25,0.25,0.25,0.0,-1.0,-1.0,0.45,0.036036036036036036,0.036036036036036036,27.75,0,KOCAELI,Kum,NORMAL
Kocaeli-2026-09-08-8,2026-09-08,2026-09-08 21:00:00,NINJA QUEEN-6,NINJA QUEEN,6,57.0,1400.0,9.0,-0.16666666666666666,-0.16666666666666666,-0.16666666666666666,0.08333333333333334,-0.5,0.0,14.0,0.3775406687981454,0.5955947115272762,0.0,0.0,0.21428571428571427,0.35714285714285715,0.025,0.0,0.25,0.25,0.25,0.25,-0.16666666666666666,-0.5,-0.5,0.45,0.14814814814814814,0.14814814814814814,6.75,0,KOCAELI,Kum,NORMAL
Kocaeli-2026-09-08-8,2026-09-08,2026-09-08 21:00:00,SINISTRA DERMAN-7,SINISTRA DERMAN,7,57.0,1400.0,9.0,-5.0,-5.0,-5.0,0.03,-5.0,0.0,18.0,0.5,0.14760728788401467,0.0,0.0,0.16666666666666666,0.2777777777777778,0.008333333333333333,0.0,0.25,0.25,0.25,0.25,-5.0,0.0,0.0,0.45,0.1869158878504673,0.1869158878504673,5.35,0,KOCAELI,Kum,NORMAL
Kocaeli-2026-09-08-8,2026-09-08,2026-09-08 21:00:00,SOUL OF MINE  K Kulaklık takılacağını ifade eder.-8,SOUL OF MINE  K Kulaklık takılacağını ifade eder.,8,57.0,1400.0,9.0,-0.8333333333333334,-0.8333333333333334,-0.8333333333333334,3.583333333333333,0.0,0.0,19.0,0.5312093733737563,0.6779323121682667,0.0,0.0,0.15789473684210525,0.2631578947368421,0.025,0.0,0.25,0.25,0.25,0.25,-1.5,-0.8333333333333334,-1.25,0.45,0.17391304347826086,0.17391304347826086,5.75,0,KOCAELI,Kum,NORMAL
Kocaeli-2026-09-08-8,2026-09-08,2026-09-08 21:00:00,SUPINATOR  K Kulaklık takılacağını ifade eder.-9,SUPINATOR  K Kulaklık takılacağını ifade eder.,9,54.0,1400.0,9.0,0.5,0.5,0.5,0.010204081632653052,0.4285714285714286,0.0,70.0,0.998498817743263,0.7468542725754911,0.0,0.0,0.04285714285714286,0.07142857142857142,0.008333333333333333,0.0,0.25,0.25,0.25,0.25,0.4285714285714286,0.5,0.5,0.45,0.04040404040404041,0.04040404040404041,24.75,0,KOCAELI,Kum,NORMAL
Kocaeli-2026-09-08-9,2026-09-08,2026-09-08 21:30:00,SAFDERUN OĞLU-1,SAFDERUN OĞLU,1,63.0,2000.0,15.0,0.38589743589743586,0.3035972850678733,-0.04740770667241255,0.03182658012735201,0.6,0.4333051425698484,18.0,0.5,0.7431149857758651,0.0,0.0,0.16666666666666666,0.2777777777777778,0.03333333333333333,0.0,0.25,0.25,0.25,0.25,-0.45948456305599167,-0.21265290377866444,-0.2166666666666667,0.45,0.06734006734006734,0.06734006734006734,14.85,0,KOCAELI,Kum,NORMAL
Kocaeli-2026-09-08-9,2026-09-08,2026-09-08 21:30:00,ODABAŞI-2,ODABAŞI,2,59.0,2000.0,15.0,0.37777777777777777,0.340952380952381,-0.1253571428571428,0.06409977324263037,0.6,0.5031349206349206,12.0,0.320821300824607,0.6813537337890256,0.0,0.0,0.25,0.4166666666666667,0.09166666666666666,0.0,0.25,0.25,0.25,0.25,-0.20856848912404471,-0.3941558441558442,0.03690476190476191,0.45,0.06734006734006734,0.06734006734006734,14.85,0,KOCAELI,Kum,NORMAL
Kocaeli-2026-09-08-9,2026-09-08,2026-09-08 21:30:00,MANDAR ABBAS-3,MANDAR ABBAS,3,57.5,2000.0,15.0,-1.3095238095238095,-0.6584415584415584,-0.11144300144300148,2.4534407151290263,0.5714285714285714,-1.198080808080808,11.0,0.29421497216298875,0.7075662405180638,0.0,0.0,0.2727272727272727,0.45454545454545453,0.008333333333333333,0.0,0.25,0.25,0.25,0.25,-1.0316798941798941,-0.7809090909090908,-1.6190476190476188,0.45,0.22727272727272727,0.22727272727272727,4.4,0,KOCAELI,Kum,NORMAL
Kocaeli-2026-09-08-9,2026-09-08,2026-09-08 21:30:00,GÜMBÜR ŞAH-4,GÜMBÜR ŞAH,4,56.5,2000.0,15.0,-1.9285714285714286,-1.377142857142857,-0.7719047619047619,10.671897959183672,0.7142857142857143,-1.1566666666666667,11.0,0.29421497216298875,0.6903355114872514,0.0,0.0,0.2727272727272727,0.45454545454545453,0.075,0.0,0.25,0.25,0.25,0.25,-1.98,-0.5134250669964956,-0.36666666666666675,0.45,0.10582010582010583,0.10582010582010583,9.45,0,KOCAELI,Kum,NORMAL
Kocaeli-2026-09-08-9,2026-09-08,2026-09-08 21:30:00,ERSELEFE-5,ERSELEFE,5,54.0,2000.0,15.0,-0.1952380952380953,-0.0028571428571428914,-0.1390909090909091,0.324530612244898,0.5,-0.056147186147186195,11.0,0.29421497216298875,0.6684564602361726,0.0,0.0,0.2727272727272727,0.45454545454545453,0.06666666666666667,0.0,0.25,0.25,0.25,0.25,-0.20278293135435993,-0.30025252525252527,-1.0035714285714286,0.45,0.06289308176100629,0.06289308176100629,15.9,0,KOCAELI,Kum,NORMAL
Kocaeli-2026-09-08-9,2026-09-08,2026-09-08 21:30:00,SEMENDİN GÜCÜ-6,SEMENDİN GÜCÜ,6,57.5,2000.0,15.0,-0.43602693602693615,-0.853923853923854,-1.0019619269619269,3.72366219423329,-2.3333333333333335,0.5659349909349907,8.0,0.22270013882530884,0.3299672171335157,0.0,0.0,0.375,0.625,0.08333333333333333,0.0,0.25,0.25,0.25,0.25,-0.6487946693829046,-0.3274957846386418,-0.3978632478632479,0.45,0.03231017770597738,0.03231017770597738,30.95,0,KOCAELI,Kum,NORMAL
Kocaeli-2026-09-08-9,2026-09-08,2026-09-08 21:30:00,BUDABEŞTE GÜLÜ-7,BUDABEŞTE GÜLÜ,7,52.0,2000.0,15.0,-1.5158730158730158,-0.9261904761904761,-0.4967171717171717,3.3734693877551023,-0.8333333333333333,-1.0191558441558441,54.0,0.9890130573694068,0.5759809725987896,0.0,0.0,0.05555555555555555,0.09259259259259259,0.008333333333333333,0.0,0.25,0.25,0.25,0.25,-0.75,0.04973672161172163,-0.5833333333333333,0.45,0.02229654403567447,0.02229654403567447,44.85,0,KOCAELI,Kum,NORMAL
Kocaeli-2026-09-08-9,2026-09-08,2026-09-08 21:30:00,KURUÇAY-8,KURUÇAY,8,53.5,2000.0,15.0,0.33888888888888896,0.07000000000000006,0.23452380952380958,0.5633888888888889,0.75,0.10436507936507938,8.0,0.22270013882530884,0.6928193622042029,0.0,0.0,0.375,0.625,0.10833333333333334,0.0,0.25,0.25,0.25,0.25,-0.4499743983614951,-0.2523242630385487,-0.22222222222222215,0.45,0.13513513513513511,0.13513513513513511,7.4,0,KOCAELI,Kum,NORMAL
Kocaeli-2026-09-08-9,2026-09-08,2026-09-08 21:30:00,ŞANLI ANKA-9,ŞANLI ANKA,9,56.5,2000.0,15.0,0.025560224089635875,0.12866946778711486,0.26342564298446647,0.03612299723811093,0.05882352941176472,-0.2378654188948306,43.0,0.9579122720843811,0.7128718430522772,0.0,0.0,0.06976744186046512,0.11627906976744186,0.008333333333333333,0.0,0.25,0.25,0.25,0.25,0.4358149320334194,0.2974105415281886,0.23981481481481481,0.45,0.023094688221709007,0.023094688221709007,43.3,0,KOCAELI,Kum,NORMAL
Kocaeli-2026-09-08-9,2026-09-08,2026-09-08 21:30:00,CAYMAZBEY-10,CAYMAZBEY,10,51.0,2000.0,15.0,-0.36630036630036633,-0.5142246642246643,-0.5142246642246643,1.187519641869459,0.6153846153846154,0.14792429792429795,140.0,0.9999997617630899,0.6749258341407538,0.0,1.0,0.02142857142857143,0.03571428571428571,0.0,0.0,0.25,0.25,0.25,0.25,0.0,-0.7142094017094017,0.6153846153846154,0.45,0.03231017770597738,0.03231017770597738,30.95,0,KOCAELI,Kum,NORMAL
Kocaeli-2026-09-08-9,2026-09-08,2026-09-08 21:30:00,KURUŞUN GÜCÜ-11,KURUŞUN GÜCÜ,11,52.0,2000.0,15.0,-0.3,0.08888888888888893,0.23888888888888893,1.4545061728395063,-2.0,-0.538888888888889,11.0,0.29421497216298875,0.3707996404044977,0.0,0.0,0.2727272727272727,0.45454545454545453,0.041666666666666664,0.0,0.25,0.25,0.25,0.25,0.44222222222222224,0.2432098765432099,0.9,0.45,0.4081632653061224,0.4081632653061224,2.45,0,KOCAELI,Kum,NORMAL
Kocaeli-2026-09-08-9,2026-09-08,2026-09-08 21:30:00,TUTMAÇ-12,TUTMAÇ,12,52.0,2000.0,15.0,-1.3285714285714285,-1.7971428571428572,-0.5966483516483516,2.6378979591836735,-1.2000000000000002,-0.7319230769230769,11.0,0.29421497216298875,0.48947125359576243,0.0,0.0,0.2727272727272727,0.45454545454545453,0.058333333333333334,0.0,0.25,0.25,0.25,0.25,-0.6682336182336183,-0.7333236938500097,-0.7933150183150184,0.45,0.06872852233676975,0.06872852233676975,14.55,0,KOCAELI,Kum,NORMAL
Kocaeli-2026-09-08-9,2026-09-08,2026-09-08 21:30:00,Bİ ANKA-14,Bİ ANKA,14,52.5,2000.0,15.0,-1.7037037037037035,-1.6822222222222223,-1.5456565656565655,12.23269135802469,1.0,-0.158047138047138,7.0,0.20181322226037884,0.28607501860139306,1.0,0.0,0.42857142857142855,0.7142857142857143,0.058333333333333334,0.0,0.25,0.25,0.25,0.25,-0.8462962962962962,-0.5780170122275385,0.24126984126984127,0.45,0.18181818181818182,0.18181818181818182,5.5,1,KOCAELI,Kum,NORMAL
Kocaeli-2026-09-08-9,2026-09-08,2026-09-08 21:30:00,AFŞARBEY-15,AFŞARBEY,15,52.0,2000.0,15.0,0.055555555555555546,-0.29393939393939394,-1.321969696969697,0.9632518365472911,0.25,1.3775252525252526,19.0,0.5312093733737563,0.6998674325879449,0.0,0.0,0.15789473684210525,0.2631578947368421,0.06666666666666667,0.0,0.25,0.25,0.25,0.25,-0.8728354978354979,-0.37624859708193037,-0.49567099567099565,0.45,0.03584229390681004,0.03584229390681004,27.9,0,KOCAELI,Kum,NORMAL
İstanbul-2026-09-09-1,2026-09-09,2026-09-09 13:30:00,GÜLALP KIZI-1,GÜLALP KIZI,1,59.0,2200.0,10.0,0.4444444444444445,0.2666666666666667,-0.015000000000000003,0.6888888888888888,0.33333333333333337,0.4594444444444445,10.0,0.2689414213699951,0.6335729655619289,0.0,0.0,0.3,0.5,0.1,0.0,0.25,0.25,0.25,0.25,-0.3861231361231361,0.05897435897435897,-0.18053221288515403,0.45,0.2150537634408602,0.2150537634408602,4.65,0,ISTANBUL,Cim,NORMAL
İstanbul-2026-09-09-1,2026-09-09,2026-09-09 13:30:00,SEMRAKAYA-2,SEMRAKAYA,2,60.0,2200.0,10.0,0.47500000000000003,0.5837012987012986,0.6715565317035905,0.0854353811772643,0.8,-0.1965565317035905,10.0,0.2689414213699951,0.690168910895882,0.0,0.0,0.3,0.5,0.075,0.0,0.25,0.25,0.25,0.25,1.0,0.15834018922254217,0.2907449848626319,0.45,0.1801801801801802,0.1801801801801802,5.55,0,ISTANBUL,Cim,NORMAL
İstanbul-2026-09-09-1,2026-09-09,2026-09-09 13:30:00,SİYAH KUŞ-3,SİYAH KUŞ,3,59.5,2200.0,10.0,0.9153439153439153,0.5968253968253968,-0.13286181139122313,0.2953640715545477,0.8571428571428572,1.0482057267351386,12.0,0.320821300824607,0.7323248765034244,0.0,0.0,0.25,0.4166666666666667,0.075,0.0,0.25,0.25,0.25,0.25,-0.4920634920634919,0.03073168661403961,-1.972222222222222,0.45,0.4081632653061224,0.4081632653061224,2.45,1,ISTANBUL,Cim,NORMAL
İstanbul-2026-09-09-1,2026-09-09,2026-09-09 13:30:00,RAZKAN-4,RAZKAN,4,57.0,2200.0,10.0,-0.9166666666666666,-1.05,-0.43499999999999994,1.9500000000000002,-3.0,-0.4816666666666667,76.0,0.9992903296008995,0.26721713182459667,0.0,1.0,0.039473684210526314,0.06578947368421052,0.016666666666666666,0.0,0.25,0.25,0.25,0.25,-0.6666666666666666,-1.75,-0.45999999999999996,0.45,0.15151515151515152,0.15151515151515152,6.6,0,ISTANBUL,Cim,NORMAL
İstanbul-2026-09-09-1,2026-09-09,2026-09-09 13:30:00,TÜRKÖREN-5,TÜRKÖREN,5,52.5,2200.0,10.0,0.7777777777777778,0.7095238095238094,0.6031162464985995,0.08344671201814059,1.0,0.17466153127917827,31.0,0.8354835371034369,0.7806121988226955,0.0,0.0,0.0967741935483871,0.16129032258064516,0.05,0.0,0.25,0.25,0.25,0.25,0.6666666666666667,0.8214285714285714,0.8809523809523809,0.45,0.29411764705882354,0.29411764705882354,3.4,0,ISTANBUL,Cim,NORMAL
İstanbul-2026-09-09-1,2026-09-09,2026-09-09 13:30:00,KIVIRCIKKIZ-6,KIVIRCIKKIZ,6,51.0,2200.0,10.0,-0.4444444444444444,-0.03452380952380953,0.22742673992673995,1.321435657596372,0.6666666666666667,-0.6718711843711844,8.0,0.22270013882530884,0.6704346382542545,0.0,0.0,0.375,0.625,0.1,0.0,0.25,0.25,0.25,0.25,-1.5052083333333333,-0.6353174603174602,-0.08452380952380951,0.45,0.11904761904761904,0.11904761904761904,8.4,0,ISTANBUL,Cim,NORMAL
İstanbul-2026-09-09-1,2026-09-09,2026-09-09 13:30:00,GÜZEL HUYLUM-7,GÜZEL HUYLUM,7,50.0,2200.0,10.0,-1.0888888888888888,-2.3676190476190473,-1.3101770451770451,12.167385487528346,-0.10000000000000009,0.22128815628815635,33.0,0.8670357598021706,0.6604166536773748,0.0,0.0,0.09090909090909091,0.15151515151515152,0.041666666666666664,0.0,0.25,0.25,0.25,0.25,-1.913690476190476,-1.1277777777777778,-1.9055555555555557,0.45,0.2150537634408602,0.2150537634408602,4.65,0,ISTANBUL,Cim,NORMAL
İstanbul-2026-09-09-1,2026-09-09,2026-09-09 13:30:00,JULNAR-8,JULNAR,8,52.0,2200.0,10.0,-0.9333333333333332,-0.6933333333333334,-0.7761904761904762,0.5702222222222222,-1.0,-0.15714285714285703,22.0,0.6224593312018546,0.563444055537324,0.0,0.0,0.13636363636363635,0.22727272727272727,0.03333333333333333,0.0,0.25,0.25,0.25,0.25,-0.5,-0.22083333333333327,-0.20833333333333331,0.45,0.036036036036036036,0.036036036036036036,27.75,0,ISTANBUL,Cim,NORMAL
İstanbul-2026-09-09-1,2026-09-09,2026-09-09 13:30:00,PAMUK ELLA-9,PAMUK ELLA,9,52.0,2200.0,10.0,-3.6666666666666665,-3.1,-3.1,16.173333333333336,-2.0,-0.5666666666666664,54.0,0.9890130573694068,0.419625785837604,0.0,0.0,0.05555555555555555,0.09259259259259259,0.03333333333333333,0.0,0.25,0.25,0.25,0.25,0.0,-2.0,-2.0,0.45,0.01833180568285976,0.01833180568285976,54.55,0,ISTANBUL,Cim,NORMAL
İstanbul-2026-09-09-1,2026-09-09,2026-09-09 13:30:00,ŞİRİN DE FAUST-10,ŞİRİN DE FAUST,10,52.0,2200.0,10.0,-0.825925925925926,-2.2555555555555555,-2.8253968253968256,7.40395061728395,-1.2000000000000002,1.9994708994708996,15.0,0.40733340004593027,0.4918946494990197,0.0,0.0,0.2,0.3333333333333333,0.025,0.0,0.25,0.25,0.25,0.25,0.0,-8.0,0.0,0.45,0.014025245441795233,0.014025245441795233,71.3,0,ISTANBUL,Cim,NORMAL
İstanbul-2026-09-09-2,2026-09-09,2026-09-09 14:00:00,CANBULUT-1,CANBULUT,1,59.0,1300.0,10.0,0.0,0.0,0.0,0.0,0.0,0.0,24.0,0.679178699175393,0.6794859093079069,0.0,0.0,0.125,0.20833333333333334,0.016666666666666666,0.0,0.25,0.25,0.25,0.25,0.0,0.0,0.0,0.45,0.7692307692307692,0.7692307692307692,1.3,1,ISTANBUL,Sentetik,NORMAL
İstanbul-2026-09-09-2,2026-09-09,2026-09-09 14:00:00,AKÇAALİ-2,AKÇAALİ,2,57.0,1300.0,10.0,0.16666666666666674,0.16666666666666674,0.16666666666666674,0.5,-0.33333333333333326,0.0,12.0,0.320821300824607,0.5957887975294365,0.0,0.0,0.25,0.4166666666666667,0.016666666666666666,0.0,0.25,0.25,0.25,0.25,0.6666666666666667,0.6666666666666667,0.16666666666666674,0.45,0.18181818181818182,0.18181818181818182,5.5,0,ISTANBUL,Sentetik,NORMAL
İstanbul-2026-09-09-2,2026-09-09,2026-09-09 14:00:00,BOZAĞIN KRALI-3,BOZAĞIN KRALI,3,53.0,1300.0,10.0,-4.2,-4.2,-4.2,28.880000000000003,-0.3999999999999999,0.0,33.0,0.8670357598021706,0.6546902267180341,0.0,0.0,0.09090909090909091,0.15151515151515152,0.008333333333333333,0.0,0.25,0.25,0.25,0.25,-0.3999999999999999,-8.0,-4.2,0.45,0.013003901170351105,0.013003901170351105,76.9,0,ISTANBUL,Sentetik,NORMAL
İstanbul-2026-09-09-2,2026-09-09,2026-09-09 14:00:00,KAHRAMAN FATİH-4,KAHRAMAN FATİH,4,57.0,1300.0,10.0,0.8571428571428572,0.8571428571428572,0.8571428571428572,0.03,0.8571428571428572,0.0,10.0,0.2689414213699951,0.7317350186130556,0.0,0.0,0.3,0.5,0.008333333333333333,0.0,0.25,0.25,0.25,0.25,0.8571428571428572,0.0,0.8571428571428572,0.45,0.26666666666666666,0.26666666666666666,3.75,0,ISTANBUL,Sentetik,NORMAL
İstanbul-2026-09-09-2,2026-09-09,2026-09-09 14:00:00,KARANLIK-5,KARANLIK,5,54.0,1300.0,10.0,-0.1891025641025641,0.09225274725274724,0.09225274725274724,0.40285504468059413,-1.0,-0.28135531135531133,13.0,0.34864513533394575,0.5339221684995761,0.0,0.0,0.23076923076923078,0.38461538461538464,0.041666666666666664,0.0,0.25,0.25,0.25,0.25,0.08406593406593404,0.4285714285714286,0.36531593406593404,0.45,0.043859649122807015,0.043859649122807015,22.8,0,ISTANBUL,Sentetik,NORMAL
İstanbul-2026-09-09-2,2026-09-09,2026-09-09 14:00:00,KÜÇÜK ŞOVALYE-6,KÜÇÜK ŞOVALYE,6,57.0,1300.0,10.0,-7.0,-7.0,-7.0,0.03,-7.0,0.0,36.0,0.9046505351008906,0.06835594920985145,0.0,0.0,0.08333333333333333,0.1388888888888889,0.008333333333333333,0.0,0.25,0.25,0.25,0.25,-7.0,0.0,0.0,0.45,0.03787878787878788,0.03787878787878788,26.4,0,ISTANBUL,Sentetik,NORMAL
İstanbul-2026-09-09-2,2026-09-09,2026-09-09 14:00:00,ROSSİMAN-7,ROSSİMAN,7,57.0,1300.0,10.0,-0.26587301587301576,-0.5761904761904761,-0.5761904761904761,0.7408304988662132,0.2857142857142857,0.3103174603174604,14.0,0.3775406687981454,0.6980638995421692,0.0,0.0,0.21428571428571427,0.35714285714285715,0.041666666666666664,0.0,0.25,0.25,0.25,0.25,-0.6369047619047619,-0.8333333333333333,-0.5761904761904761,0.45,0.03355704697986577,0.03355704697986577,29.8,0,ISTANBUL,Sentetik,NORMAL
İstanbul-2026-09-09-2,2026-09-09,2026-09-09 14:00:00,BEŞPINAR-8,BEŞPINAR,8,55.0,1300.0,10.0,-0.32407407407407407,-0.32407407407407407,-0.32407407407407407,0.9261831275720165,-0.75,0.0,26.0,0.7310585786300049,0.6035752812840868,0.0,0.0,0.11538461538461539,0.19230769230769232,0.025,0.0,0.25,0.25,0.25,0.25,-0.32407407407407407,0.7777777777777778,0.7777777777777778,0.45,0.04975124378109452,0.04975124378109452,20.1,0,ISTANBUL,Sentetik,NORMAL
İstanbul-2026-09-09-2,2026-09-09,2026-09-09 14:00:00,BİTTER ÇİKOLATA-9,BİTTER ÇİKOLATA,9,52.0,1300.0,10.0,-0.1333333333333333,-0.1333333333333333,-0.1333333333333333,0.05333333333333331,0.0,0.0,14.0,0.3775406687981454,0.670085420938272,0.0,0.0,0.21428571428571427,0.35714285714285715,0.025,0.0,0.25,0.25,0.25,0.25,-0.19999999999999996,-0.3999999999999999,-0.1333333333333333,0.45,0.03273322422258593,0.03273322422258593,30.55,0,ISTANBUL,Sentetik,NORMAL
İstanbul-2026-09-09-2,2026-09-09,2026-09-09 14:00:00,GÜNKARİ-10,GÜNKARİ,10,53.0,1300.0,10.0,-0.5523504273504273,-1.8647435897435893,-1.8647435897435893,6.114441568047336,-0.375,1.3123931623931622,12.0,0.320821300824607,0.5859178928636549,0.0,0.0,0.25,0.4166666666666667,0.041666666666666664,0.0,0.25,0.25,0.25,0.25,-2.237179487179487,-3.833333333333333,-2.427083333333333,0.45,0.01156737998843262,0.01156737998843262,86.45,0,ISTANBUL,Sentetik,NORMAL
İstanbul-2026-09-09-3,2026-09-09,2026-09-09 14:30:00,SLUICIFER-1,SLUICIFER,1,59.0,1200.0,7.0,0.19047619047619047,-0.8857142857142858,-0.8857142857142858,8.56530612244898,0.0,1.0761904761904764,13.0,0.34864513533394575,0.6339868553787361,0.0,0.0,0.23076923076923078,0.38461538461538464,0.041666666666666664,0.0,0.25,0.25,0.25,0.25,-1.1071428571428572,0.0,0.0,0.45,0.2061855670103093,0.2061855670103093,4.85,0,ISTANBUL,Sentetik,NORMAL
İstanbul-2026-09-09-3,2026-09-09,2026-09-09 14:30:00,ART OF VICTORY-2,ART OF VICTORY,2,54.0,1200.0,7.0,0.025641025641025623,0.015384615384615375,0.1378205128205128,1.0011834319526627,-1.0,-0.11217948717948718,17.0,0.46879062662624377,0.5621282387127153,0.0,0.0,0.17647058823529413,0.29411764705882354,0.03333333333333333,0.0,0.25,0.25,0.25,0.25,-0.23076923076923078,-1.0,0.1378205128205128,0.45,0.052910052910052914,0.052910052910052914,18.9,0,ISTANBUL,Sentetik,NORMAL
İstanbul-2026-09-09-3,2026-09-09,2026-09-09 14:30:00,BLESSED STORM  K Kulaklık takılacağını ifade eder.-3,BLESSED STORM  K Kulaklık takılacağını ifade eder.,3,57.0,1200.0,7.0,1.0,1.0,1.0,0.03,1.0,0.0,43.0,0.9579122720843811,0.802969982339024,0.0,0.0,0.06976744186046512,0.11627906976744186,0.008333333333333333,0.0,0.25,0.25,0.25,0.25,1.0,0.0,0.0,0.45,0.2127659574468085,0.2127659574468085,4.7,0,ISTANBUL,Sentetik,NORMAL
İstanbul-2026-09-09-3,2026-09-09,2026-09-09 14:30:00,KARTAL-4,KARTAL,4,57.0,1200.0,7.0,1.0,1.0,1.0,0.03,1.0,0.0,17.0,0.46879062662624377,0.7807091806704213,0.0,0.0,0.17647058823529413,0.29411764705882354,0.008333333333333333,0.0,0.25,0.25,0.25,0.25,1.0,1.0,1.0,0.45,0.6896551724137931,0.6896551724137931,1.45,1,ISTANBUL,Sentetik,NORMAL
İstanbul-2026-09-09-3,2026-09-09,2026-09-09 14:30:00,ATOMIC AGE-5,ATOMIC AGE,5,55.0,1200.0,7.0,0.5,0.5,0.5,0.5,0.0,0.0,19.0,0.5312093733737563,0.6689264003011612,0.0,0.0,0.15789473684210525,0.2631578947368421,0.016666666666666666,0.0,0.25,0.25,0.25,0.25,0.5,0.5,0.5,0.45,0.20833333333333334,0.20833333333333334,4.8,0,ISTANBUL,Sentetik,NORMAL
İstanbul-2026-09-09-3,2026-09-09,2026-09-09 14:30:00,SPIDER-6,SPIDER,6,55.0,1200.0,7.0,0.37777777777777777,0.4708333333333334,0.4708333333333334,0.14229166666666668,0.8,-0.09305555555555561,7.0,0.20181322226037884,0.26674693729279597,1.0,0.0,0.42857142857142855,0.7142857142857143,0.03333333333333333,0.0,0.25,0.25,0.25,0.25,0.4708333333333334,0.8,0.8,0.45,0.056818181818181816,0.056818181818181816,17.6,0,ISTANBUL,Sentetik,NORMAL
İstanbul-2026-09-09-3,2026-09-09,2026-09-09 14:30:00,KUZGUN GÖKMEN-7,KUZGUN GÖKMEN,7,50.0,1200.0,7.0,-0.6296296296296297,-0.4494949494949495,-0.4494949494949495,1.0708091011121315,0.11111111111111116,-0.18013468013468015,7.0,0.20181322226037884,0.20495065800291506,1.0,0.0,0.42857142857142855,0.7142857142857143,0.03333333333333333,0.0,0.25,0.25,0.25,0.25,-0.4494949494949495,0.11111111111111116,0.06734006734006737,0.45,0.016736401673640166,0.016736401673640166,59.75,0,ISTANBUL,Sentetik,NORMAL
İstanbul-2026-09-09-4,2026-09-09,2026-09-09 15:00:00,SPLENDID-1,SPLENDID,1,60.0,2000.0,4.0,0.0,0.2,-0.26111111111111107,0.20000000000000007,0.0,0.26111111111111107,82.0,0.9996646498695336,0.6318880650574753,0.0,1.0,0.036585365853658534,0.06097560975609756,0.016666666666666666,0.0,0.25,0.25,0.25,0.25,-0.187532002048131,0.14152046783625732,-0.14379960317460314,0.45,0.425531914893617,0.425531914893617,2.35,0,ISTANBUL,Sentetik,NORMAL
İstanbul-2026-09-09-4,2026-09-09,2026-09-09 15:00:00,VISENYA-2,VISENYA,2,60.0,2000.0,4.0,0.3333333333333333,-0.16,0.06999999999999999,1.728,-1.0,0.2633333333333333,21.0,0.5926665999540697,0.5355352265320525,0.0,0.0,0.14285714285714285,0.23809523809523808,0.03333333333333333,0.0,0.25,0.25,0.25,0.25,-0.0625,0.4023809523809524,0.055889724310776955,0.45,0.6896551724137931,0.6896551724137931,1.45,1,ISTANBUL,Sentetik,NORMAL
İstanbul-2026-09-09-4,2026-09-09,2026-09-09 15:00:00,CAPE COD  K Kulaklık takılacağını ifade eder.-3,CAPE COD  K Kulaklık takılacağını ifade eder.,3,57.0,2000.0,4.0,-0.4666666666666666,-0.11333333333333331,-0.13666666666666666,0.3642222222222222,-1.0,-0.32999999999999996,24.0,0.679178699175393,0.5781052328843092,0.0,0.0,0.125,0.20833333333333334,0.03333333333333333,0.0,0.25,0.25,0.25,0.25,-0.481578947368421,0.036428571428571456,-0.29950396825396824,0.45,0.2127659574468085,0.2127659574468085,4.7,0,ISTANBUL,Sentetik,NORMAL
İstanbul-2026-09-09-4,2026-09-09,2026-09-09 15:00:00,JIMDEMA  K Kulaklık takılacağını ifade eder.-4,JIMDEMA  K Kulaklık takılacağını ifade eder.,4,56.0,2000.0,4.0,-2.380952380952381,-1.6285714285714286,-0.8592857142857142,6.0647959183673485,-6.0,-1.5216666666666667,20.0,0.5621765008857981,0.09767462906972679,0.0,0.0,0.15,0.25,0.041666666666666664,0.0,0.25,0.25,0.25,0.25,-0.19172932330827067,0.06153846153846153,0.019999999999999987,0.45,0.111731843575419,0.111731843575419,8.95,0,ISTANBUL,Sentetik,NORMAL
İstanbul-2026-09-09-5,2026-09-09,2026-09-09 15:30:00,BALKIBEY-1,BALKIBEY,1,57.0,1300.0,11.0,0.8,0.8,0.8,0.03,0.8,0.0,10.0,0.2689414213699951,0.7260894841094631,0.0,0.0,0.3,0.5,0.008333333333333333,0.0,0.25,0.25,0.25,0.25,0.8,0.0,0.8,0.45,0.4,0.4,2.5,0,ISTANBUL,Sentetik,NORMAL
İstanbul-2026-09-09-5,2026-09-09,2026-09-09 15:30:00,EFE KAPTAN-2,EFE KAPTAN,2,57.0,1300.0,11.0,0.6058201058201059,0.501953601953602,0.501953601953602,0.12537520815909095,0.9285714285714286,0.10386650386650398,13.0,0.34864513533394575,0.7502944208499317,0.0,0.0,0.23076923076923078,0.38461538461538464,0.041666666666666664,0.0,0.25,0.25,0.25,0.25,0.501953601953602,0.16666666666666669,0.39529914529914534,0.45,0.1234567901234568,0.1234567901234568,8.1,0,ISTANBUL,Sentetik,NORMAL
İstanbul-2026-09-09-5,2026-09-09,2026-09-09 15:30:00,ERYÜREKLİ-3,ERYÜREKLİ,3,53.0,1300.0,11.0,0.3481481481481481,-0.17111111111111107,-0.16640211640211636,1.105283950617284,0.4444444444444444,0.5145502645502644,13.0,0.34864513533394575,0.7022676473889885,0.0,0.0,0.23076923076923078,0.38461538461538464,0.041666666666666664,0.0,0.25,0.25,0.25,0.25,-0.17111111111111107,-0.021428571428571408,-0.6809523809523809,0.45,0.04192872117400419,0.04192872117400419,23.85,0,ISTANBUL,Sentetik,NORMAL
İstanbul-2026-09-09-5,2026-09-09,2026-09-09 15:30:00,FAROZ-4,FAROZ,4,57.0,1300.0,11.0,-1.0,-1.0,-1.0,0.03,-1.0,0.0,10.0,0.2689414213699951,0.5187092095495195,0.0,0.0,0.3,0.5,0.008333333333333333,0.0,0.25,0.25,0.25,0.25,-1.0,0.0,-1.0,0.45,0.10810810810810811,0.10810810810810811,9.25,0,ISTANBUL,Sentetik,NORMAL
İstanbul-2026-09-09-5,2026-09-09,2026-09-09 15:30:00,ÖZGÜR-5,ÖZGÜR,5,57.0,1300.0,11.0,-0.30158730158730157,-0.30158730158730157,-0.30158730158730157,0.5109599395313681,-1.0,0.0,89.0,0.9998601779243528,0.5093247614056888,0.0,1.0,0.033707865168539325,0.056179775280898875,0.025,0.0,0.25,0.25,0.25,0.25,-0.6666666666666666,-0.6666666666666666,-0.30158730158730157,0.45,0.1639344262295082,0.1639344262295082,6.1,1,ISTANBUL,Sentetik,NORMAL
İstanbul-2026-09-09-5,2026-09-09,2026-09-09 15:30:00,ŞAFAKBERK-6,ŞAFAKBERK,6,57.0,1300.0,11.0,0.6,0.6,0.6,0.03,0.6,0.0,10.0,0.2689414213699951,0.70575840501642,0.0,0.0,0.3,0.5,0.008333333333333333,0.0,0.25,0.25,0.25,0.25,0.6,0.0,0.6,0.45,0.1652892561983471,0.1652892561983471,6.05,0,ISTANBUL,Sentetik,NORMAL
İstanbul-2026-09-09-5,2026-09-09,2026-09-09 15:30:00,TUGUNTAY-7,TUGUNTAY,7,54.0,1300.0,11.0,-1.3333333333333335,-1.3333333333333335,-1.3333333333333335,0.03,-1.3333333333333335,0.0,10.0,0.2689414213699951,0.4770673828799916,0.0,0.0,0.3,0.5,0.008333333333333333,0.0,0.25,0.25,0.25,0.25,-1.3333333333333335,0.0,-1.3333333333333335,0.45,0.19047619047619047,0.19047619047619047,5.25,0,ISTANBUL,Sentetik,NORMAL
İstanbul-2026-09-09-5,2026-09-09,2026-09-09 15:30:00,ÇİLDUTAY-8,ÇİLDUTAY,8,60.0,1300.0,11.0,0.5703463203463204,0.6155411255411256,0.5544372294372295,0.07307992728771948,0.75,0.015909090909090873,14.0,0.3775406687981454,0.7382523364271437,0.0,0.0,0.21428571428571427,0.35714285714285715,0.08333333333333333,0.0,0.25,0.25,0.25,0.25,0.5382635882635882,0.5076839826839826,0.4960678210678211,0.45,0.19047619047619047,0.19047619047619047,5.25,0,ISTANBUL,Sentetik,NORMAL
İstanbul-2026-09-09-5,2026-09-09,2026-09-09 15:30:00,NİSAM-9,NİSAM,9,57.0,1300.0,11.0,0.45909090909090916,0.5087878787878788,0.09065656565656567,0.03788613406795226,0.4,0.3684343434343435,14.0,0.3775406687981454,0.7085952776213276,0.0,0.0,0.21428571428571427,0.35714285714285715,0.05,0.0,0.25,0.25,0.25,0.25,0.05878787878787881,0.0,0.09065656565656567,0.45,0.14084507042253522,0.14084507042253522,7.1,0,ISTANBUL,Sentetik,NORMAL
İstanbul-2026-09-09-5,2026-09-09,2026-09-09 15:30:00,HAMZA KIZI-10,HAMZA KIZI,10,55.0,1300.0,11.0,0.2314814814814815,0.2314814814814815,0.2314814814814815,0.30426954732510286,0.11111111111111116,0.0,12.0,0.320821300824607,0.6464576189521488,0.0,0.0,0.25,0.4166666666666667,0.025,0.0,0.25,0.25,0.25,0.25,0.2916666666666667,0.2916666666666667,0.2314814814814815,0.45,0.07662835249042145,0.07662835249042145,13.05,0,ISTANBUL,Sentetik,NORMAL
İstanbul-2026-09-09-5,2026-09-09,2026-09-09 15:30:00,NESLİHAN HATUN-11,NESLİHAN HATUN,11,55.0,1300.0,11.0,-2.944444444444444,-2.944444444444444,-2.944444444444444,7.509259259259259,-4.0,0.0,13.0,0.34864513533394575,0.20574464043753452,0.0,0.0,0.23076923076923078,0.38461538461538464,0.025,0.0,0.25,0.25,0.25,0.25,-2.944444444444444,0.0,0.0,0.45,0.023094688221709007,0.023094688221709007,43.3,0,ISTANBUL,Sentetik,NORMAL
İstanbul-2026-09-09-6,2026-09-09,2026-09-09 16:00:00,BOLD RUNNER  K Kulaklık takılacağını ifade eder.-1,BOLD RUNNER  K Kulaklık takılacağını ifade eder.,1,62.0,1900.0,14.0,-1.712962962962963,-0.6277777777777778,-0.42222222222222217,6.27608024691358,-0.25,-1.2907407407407407,27.0,0.7549149868676283,0.6580485931084324,0.0,0.0,0.1111111111111111,0.18518518518518517,0.06666666666666667,0.0,0.25,0.25,0.25,0.25,-0.40079365079365076,-0.16666666666666663,-0.3277777777777778,0.45,0.07117437722419928,0.07117437722419928,14.05,0,ISTANBUL,Cim,NORMAL
İstanbul-2026-09-09-6,2026-09-09,2026-09-09 16:00:00,SÜPER HAN-2,SÜPER HAN,2,60.0,1900.0,14.0,0.9523809523809524,0.6380952380952382,0.06755952380952385,0.4108276643990929,1.0,0.8848214285714286,10.0,0.2689414213699951,0.7299533615854544,0.0,0.0,0.3,0.5,0.058333333333333334,0.0,0.25,0.25,0.25,0.25,0.3968253968253969,-0.35,0.5458333333333334,0.45,0.4444444444444444,0.4444444444444444,2.25,1,ISTANBUL,Cim,NORMAL
İstanbul-2026-09-09-6,2026-09-09,2026-09-09 16:00:00,GLONASS-3,GLONASS,3,57.0,1900.0,14.0,0.4523809523809524,0.5904761904761905,-0.4582972582972582,0.13701814058956918,0.5,0.9106782106782105,40.0,0.9399133498259924,0.7238062337565088,0.0,0.0,0.075,0.125,0.075,0.0,0.25,0.25,0.25,0.25,0.0,-0.6317941317941318,-0.7271241830065359,0.45,0.12195121951219513,0.12195121951219513,8.2,0,ISTANBUL,Cim,NORMAL
İstanbul-2026-09-09-6,2026-09-09,2026-09-09 16:00:00,MR HERMES-4,MR HERMES,4,59.0,1900.0,14.0,0.8333333333333334,0.7,0.32166666666666666,0.05411352040816326,0.625,0.5116666666666667,14.0,0.3775406687981454,0.7221409792093956,0.0,0.0,0.21428571428571427,0.35714285714285715,0.041666666666666664,0.0,0.25,0.25,0.25,0.25,0.5739583333333333,-0.01499999999999999,0.2341666666666667,0.45,0.20833333333333334,0.20833333333333334,4.8,0,ISTANBUL,Cim,NORMAL
İstanbul-2026-09-09-6,2026-09-09,2026-09-09 16:00:00,PEVRUL-5,PEVRUL,5,59.0,1900.0,14.0,0.375,0.49642857142857144,0.4766313932980599,0.1920280612244898,0.125,-0.10163139329805992,22.0,0.6224593312018546,0.7005194646596412,0.0,0.0,0.13636363636363635,0.22727272727272727,0.05,0.0,0.25,0.25,0.25,0.25,0.29910714285714285,0.5178571428571429,0.0,0.45,0.16666666666666666,0.16666666666666666,6.0,0,ISTANBUL,Cim,NORMAL
İstanbul-2026-09-09-6,2026-09-09,2026-09-09 16:00:00,BOUNDLESS GLORY-6,BOUNDLESS GLORY,6,57.5,1900.0,14.0,-0.6969696969696969,-0.08484848484848487,0.019036519036519078,4.798306932966024,-4.0,-0.716006216006216,20.0,0.5621765008857981,0.20725052115764553,0.0,0.0,0.15,0.25,0.025,0.0,0.25,0.25,0.25,0.25,0.0,0.9090909090909091,0.7350427350427351,0.45,0.07142857142857142,0.07142857142857142,0.0,0,ISTANBUL,Cim,NORMAL
İstanbul-2026-09-09-6,2026-09-09,2026-09-09 16:00:00,TERZO MILLENNIO-7,TERZO MILLENNIO,7,51.5,1900.0,14.0,-5.708333333333333,-4.025,-1.8886904761904764,23.253125,-0.125,-3.8196428571428567,17.0,0.46879062662624377,0.6445972608354559,0.0,0.0,0.17647058823529413,0.29411764705882354,0.016666666666666666,0.0,0.25,0.25,0.25,0.25,0.0,0.125,-0.016666666666666646,0.45,0.021164021164021163,0.021164021164021163,47.25,0,ISTANBUL,Cim,NORMAL
İstanbul-2026-09-09-6,2026-09-09,2026-09-09 16:00:00,REGAL BELLE-8,REGAL BELLE,8,54.0,1900.0,14.0,-1.7380952380952381,-1.1761904761904762,-0.3972527472527473,1.8218820861678,-3.5,-1.340842490842491,24.0,0.679178699175393,0.2805638066528299,0.0,0.0,0.125,0.20833333333333334,0.041666666666666664,0.0,0.25,0.25,0.25,0.25,-1.3035714285714286,-1.75,-0.4807692307692308,0.45,0.011554015020219527,0.011554015020219527,86.55,0,ISTANBUL,Cim,NORMAL
İstanbul-2026-09-09-6,2026-09-09,2026-09-09 16:00:00,SCARGIVER-9,SCARGIVER,9,54.0,1900.0,14.0,-0.2333333333333333,-1.282857142857143,-0.5682539682539683,7.285755102040815,-0.19999999999999996,0.33492063492063506,12.0,0.320821300824607,0.6156328698893483,0.0,0.0,0.25,0.4166666666666667,0.041666666666666664,0.0,0.25,0.25,0.25,0.25,-0.35714285714285715,0.08571428571428573,-0.5682539682539683,0.45,0.09900990099009901,0.09900990099009901,10.1,0,ISTANBUL,Cim,NORMAL
İstanbul-2026-09-09-6,2026-09-09,2026-09-09 16:00:00,GENERAL EL CID-10,GENERAL EL CID,10,52.5,1900.0,14.0,-1.638888888888889,-2.316666666666667,-1.3302469135802468,5.404166666666667,-5.0,-0.30864197530864224,30.0,0.8175744761936437,0.15714193639952415,0.0,0.0,0.1,0.16666666666666666,0.03333333333333333,0.0,0.25,0.25,0.25,0.25,-1.9791666666666667,-2.316666666666667,-0.8715277777777778,0.45,0.12658227848101264,0.12658227848101264,7.9,0,ISTANBUL,Cim,NORMAL
İstanbul-2026-09-09-6,2026-09-09,2026-09-09 16:00:00,PERA CORDELIA-11,PERA CORDELIA,11,52.0,1900.0,14.0,0.6,0.29,-0.5071428571428571,0.2855000000000001,0.5,1.1071428571428572,12.0,0.320821300824607,0.6958724715821488,0.0,0.0,0.25,0.4166666666666667,0.03333333333333333,0.0,0.25,0.25,0.25,0.25,0.2333333333333333,0.5125,-0.725,0.45,0.04329004329004329,0.04329004329004329,23.1,0,ISTANBUL,Cim,NORMAL
İstanbul-2026-09-09-6,2026-09-09,2026-09-09 16:00:00,VALTROX-12,VALTROX,12,52.0,1900.0,14.0,-1.9000000000000001,-0.9566666666666667,-0.9265432098765432,4.005222222222223,-4.0,-0.973456790123457,14.0,0.3775406687981454,0.20255911448305353,0.0,0.0,0.21428571428571427,0.35714285714285715,0.025,0.0,0.25,0.25,0.25,0.25,-0.5462962962962963,-0.9265432098765432,-1.9000000000000001,0.45,0.06779661016949153,0.06779661016949153,14.75,0,ISTANBUL,Cim,NORMAL
İstanbul-2026-09-09-6,2026-09-09,2026-09-09 16:00:00,INVINCIBLE ARES-13,INVINCIBLE ARES,13,52.0,1900.0,14.0,-1.9814814814814816,-1.788888888888889,-1.1019444444444446,5.139506172839507,-5.0,-0.879537037037037,14.0,0.3775406687981454,0.12968923355359133,0.0,0.0,0.21428571428571427,0.35714285714285715,0.06666666666666667,0.0,0.25,0.25,0.25,0.25,-1.5240079365079364,-0.9466049382716051,-1.4885185185185184,0.45,0.023174971031286212,0.023174971031286212,43.15,0,ISTANBUL,Cim,NORMAL
İstanbul-2026-09-09-6,2026-09-09,2026-09-09 16:00:00,MR EKO-14,MR EKO,14,48.0,1900.0,14.0,-0.24949494949494955,-0.24949494949494955,-0.24949494949494955,0.15037955310682585,-0.6666666666666667,0.0,9.0,0.24508501313237172,0.5231997038100963,0.0,0.0,0.3333333333333333,0.5555555555555556,0.025,0.0,0.25,0.25,0.25,0.25,-0.04090909090909095,-0.24949494949494955,0.0,0.45,0.027548209366391185,0.027548209366391185,36.3,0,ISTANBUL,Cim,NORMAL
İstanbul-2026-09-09-7,2026-09-09,2026-09-09 16:30:00,MİR EMRE  K Kulaklık takılacağını ifade eder.-1,MİR EMRE  K Kulaklık takılacağını ifade eder.,1,58.5,1900.0,6.0,-1.0,-0.2,-0.6666666666666666,4.699999999999999,0.0,-0.33333333333333337,17.0,0.46879062662624377,0.674762243045497,0.0,0.0,0.17647058823529413,0.29411764705882354,0.058333333333333334,0.0,0.25,0.25,0.25,0.25,0.2592592592592593,-0.27999999999999997,-0.2,0.45,0.6896551724137931,0.6896551724137931,1.45,0,ISTANBUL,Cim,NORMAL
İstanbul-2026-09-09-7,2026-09-09,2026-09-09 16:30:00,TOUCH THE CLOUD-2,TOUCH THE CLOUD,2,60.0,1900.0,6.0,0.6944444444444445,0.6944444444444444,0.6543650793650794,0.09645061728395063,0.8333333333333334,0.04007936507936516,14.0,0.3775406687981454,0.7374888463890209,0.0,0.0,0.21428571428571427,0.35714285714285715,0.041666666666666664,0.0,0.25,0.25,0.25,0.25,0.625,0.3846230158730159,0.42308201058201056,0.45,0.29411764705882354,0.29411764705882354,3.4,0,ISTANBUL,Cim,NORMAL
İstanbul-2026-09-09-7,2026-09-09,2026-09-09 16:30:00,ATOMIC CAT-3,ATOMIC CAT,3,59.5,1900.0,6.0,0.08888888888888895,0.2700000000000001,-0.24944444444444444,0.3117222222222222,0.6666666666666667,0.3383333333333334,8.0,0.22270013882530884,0.6534237074978201,0.0,0.0,0.375,0.625,0.05,0.0,0.25,0.25,0.25,0.25,-0.2525462962962963,-0.3664777021919879,-0.8033333333333333,0.45,0.15267175572519084,0.15267175572519084,6.55,1,ISTANBUL,Cim,NORMAL
İstanbul-2026-09-09-7,2026-09-09,2026-09-09 16:30:00,PLAYMAKER-4,PLAYMAKER,4,60.0,1900.0,6.0,-3.5,-3.08,-1.2233333333333334,8.207,-7.0,-2.2766666666666664,7.0,0.20181322226037884,0.007471403693105489,1.0,0.0,0.42857142857142855,0.7142857142857143,0.025,0.0,0.25,0.25,0.25,0.25,-0.8925925925925926,-0.8571428571428572,-0.2616780045351475,0.45,0.03937007874015748,0.03937007874015748,25.4,0,ISTANBUL,Cim,NORMAL
İstanbul-2026-09-09-7,2026-09-09,2026-09-09 16:30:00,ROYAL TOUCH K Kulaklık takılacağını ifade eder.-5,ROYAL TOUCH K Kulaklık takılacağını ifade eder.,5,52.5,1900.0,6.0,0.6222222222222222,0.6733333333333335,-0.39904761904761904,0.1168888888888889,0.19999999999999996,1.0212698412698413,12.0,0.320821300824607,0.6377910516327472,0.0,0.0,0.25,0.4166666666666667,0.041666666666666664,0.0,0.25,0.25,0.25,0.25,0.0,0.4255555555555556,-0.4964726631393298,0.45,0.16666666666666666,0.16666666666666666,0.0,0,ISTANBUL,Cim,NORMAL
İstanbul-2026-09-09-7,2026-09-09,2026-09-09 16:30:00,HARD LION-6,HARD LION,6,53.5,1900.0,6.0,0.5555555555555556,-0.33333333333333326,-0.2898412698412698,2.5,0.6666666666666667,0.8453968253968254,12.0,0.320821300824607,0.7264463096789666,0.0,0.0,0.25,0.4166666666666667,0.05,0.0,0.25,0.25,0.25,0.25,-0.318342151675485,-0.0008658008658008628,0.22222222222222224,0.45,0.2631578947368421,0.2631578947368421,3.8,0,ISTANBUL,Cim,NORMAL
İstanbul-2026-09-09-8,2026-09-09,2026-09-09 17:00:00,SUPER TOMO-1,SUPER TOMO,1,60.0,1600.0,7.0,0.28571428571428575,0.49142857142857144,-0.8542857142857143,0.29322448979591836,1.0,1.1400000000000001,10.0,0.2689414213699951,0.6949434557753679,0.0,0.0,0.3,0.5,0.058333333333333334,0.0,0.25,0.25,0.25,0.25,-0.43589743589743585,-0.7959183673469388,-0.6571428571428571,0.45,0.16666666666666666,0.16666666666666666,6.0,0,ISTANBUL,Cim,NORMAL
İstanbul-2026-09-09-8,2026-09-09,2026-09-09 17:00:00,GOLDRAKHAN-2,GOLDRAKHAN,2,58.0,1600.0,7.0,-1.222222222222222,-0.8333333333333333,-0.5407407407407407,4.25,0.0,-0.6814814814814814,24.0,0.679178699175393,0.6728822161773792,0.0,0.0,0.125,0.20833333333333334,0.03333333333333333,0.0,0.25,0.25,0.25,0.25,-0.34,-0.611111111111111,-0.5407407407407407,0.45,0.46511627906976744,0.46511627906976744,2.15,0,ISTANBUL,Cim,NORMAL
İstanbul-2026-09-09-8,2026-09-09,2026-09-09 17:00:00,HİDAN  SKG-3,HİDAN  SKG,3,58.0,1600.0,7.0,0.746031746031746,0.7619047619047619,0.5621031746031746,0.04875283446712018,1.0,0.18392857142857144,14.0,0.3775406687981454,0.7652901121696424,0.0,0.0,0.21428571428571427,0.35714285714285715,0.058333333333333334,0.0,0.25,0.25,0.25,0.25,0.5026289682539683,0.7152777777777778,0.5850859788359789,0.45,0.12738853503184713,0.12738853503184713,7.85,0,ISTANBUL,Cim,NORMAL
İstanbul-2026-09-09-8,2026-09-09,2026-09-09 17:00:00,JAZZ RUNNER-4,JAZZ RUNNER,4,58.0,1600.0,7.0,0.4444444444444445,-0.1708333333333333,-0.06041666666666665,1.2500868055555556,0.0,0.5048611111111111,19.0,0.5312093733737563,0.6745309087718904,0.0,0.0,0.15789473684210525,0.2631578947368421,0.05,0.0,0.25,0.25,0.25,0.25,-0.34523809523809523,-0.17041666666666666,-0.02053571428571426,0.45,0.3846153846153846,0.3846153846153846,2.6,0,ISTANBUL,Cim,NORMAL
İstanbul-2026-09-09-8,2026-09-09,2026-09-09 17:00:00,SNOW LEOPARD-5,SNOW LEOPARD,5,58.0,1600.0,7.0,-2.0,-1.6833333333333336,-0.9616666666666667,6.334722222222222,-6.0,-1.0383333333333333,20.0,0.5621765008857981,0.08917500413951641,0.0,0.0,0.15,0.25,0.05,0.0,0.25,0.25,0.25,0.25,0.18131868131868137,-1.1296536796536798,-0.5277777777777778,0.45,0.032467532467532464,0.032467532467532464,30.8,0,ISTANBUL,Cim,NORMAL
İstanbul-2026-09-09-8,2026-09-09,2026-09-09 17:00:00,TOUCH OF THUNDER-6,TOUCH OF THUNDER,6,58.0,1600.0,7.0,-0.75,-0.45,0.16666666666666666,2.5749999999999997,0.5,-0.9166666666666666,14.0,0.3775406687981454,0.7188110023449787,0.0,0.0,0.21428571428571427,0.35714285714285715,0.05,0.0,0.25,0.25,0.25,0.25,0.3125,-0.20833333333333334,0.05,0.45,0.15267175572519084,0.15267175572519084,6.55,1,ISTANBUL,Cim,NORMAL
İstanbul-2026-09-09-8,2026-09-09,2026-09-09 17:00:00,TURAMUN-7,TURAMUN,7,58.0,1600.0,7.0,-0.11111111111111109,-1.8222222222222224,-0.5503968253968253,17.47283950617284,1.0,0.4392857142857142,17.0,0.46879062662624377,0.7581787920440995,0.0,0.0,0.17647058823529413,0.29411764705882354,0.05,0.0,0.25,0.25,0.25,0.25,0.5333333333333333,-1.329365079365079,-0.4086640211640211,0.45,0.10869565217391305,0.10869565217391305,9.2,0,ISTANBUL,Cim,NORMAL
İstanbul-2026-09-09-9,2026-09-09,2026-09-09 17:30:00,ALTIN ADAM-1,ALTIN ADAM,1,57.0,1300.0,11.0,-0.7222222222222223,-0.3901515151515152,-0.3901515151515152,0.9893107208448118,-0.6666666666666667,-0.3320707070707071,12.0,0.320821300824607,0.5691061323891496,0.0,0.0,0.25,0.4166666666666667,0.041666666666666664,0.0,0.25,0.25,0.25,0.25,-0.3901515151515152,-0.2878787878787879,-0.15025252525252528,0.45,0.053908355795148244,0.053908355795148244,18.55,0,ISTANBUL,Sentetik,NORMAL
İstanbul-2026-09-09-9,2026-09-09,2026-09-09 17:30:00,ASMALI-2,ASMALI,2,57.0,1300.0,11.0,0.21250000000000002,0.21250000000000002,0.21250000000000002,0.34031249999999996,0.625,0.0,24.0,0.679178699175393,0.743437090973144,0.0,0.0,0.125,0.20833333333333334,0.016666666666666666,0.0,0.25,0.25,0.25,0.25,0.21250000000000002,0.21250000000000002,0.21250000000000002,0.45,0.17699115044247787,0.17699115044247787,5.65,0,ISTANBUL,Sentetik,NORMAL
İstanbul-2026-09-09-9,2026-09-09,2026-09-09 17:30:00,BATAGAY-3,BATAGAY,3,57.0,1300.0,11.0,0.35000000000000003,0.35000000000000003,0.35000000000000003,0.0049999999999999975,0.4,0.0,27.0,0.7549149868676283,0.7249206998354871,0.0,0.0,0.1111111111111111,0.18518518518518517,0.016666666666666666,0.0,0.25,0.25,0.25,0.25,0.35000000000000003,0.30000000000000004,0.30000000000000004,0.45,0.03225806451612903,0.03225806451612903,31.0,0,ISTANBUL,Sentetik,NORMAL
İstanbul-2026-09-09-9,2026-09-09,2026-09-09 17:30:00,BİGASİ-4,BİGASİ,4,57.0,1300.0,11.0,0.09469696969696972,-0.5539772727272727,-0.5539772727272727,1.7237753960055098,0.375,0.6486742424242424,14.0,0.3775406687981454,0.7101415114215028,0.0,0.0,0.21428571428571427,0.35714285714285715,0.025,0.0,0.25,0.25,0.25,0.25,0.09469696969696972,-1.25,-0.5539772727272727,0.45,0.050505050505050504,0.050505050505050504,19.8,0,ISTANBUL,Sentetik,NORMAL
İstanbul-2026-09-09-9,2026-09-09,2026-09-09 17:30:00,DEV YÜREK-5,DEV YÜREK,5,57.0,1300.0,11.0,-2.8333333333333335,-2.8333333333333335,-2.8333333333333335,20.083333333333332,0.0,0.0,12.0,0.320821300824607,0.6336595470799634,0.0,0.0,0.25,0.4166666666666667,0.025,0.0,0.25,0.25,0.25,0.25,-0.5,-0.5,-2.8333333333333335,0.45,0.5555555555555556,0.5555555555555556,1.8,1,ISTANBUL,Sentetik,NORMAL
İstanbul-2026-09-09-9,2026-09-09,2026-09-09 17:30:00,FATİHİNASLANI-6,FATİHİNASLANI,6,57.0,1300.0,11.0,-0.6444444444444445,-0.6444444444444445,-0.6444444444444445,1.3792592592592596,-1.0,0.0,14.0,0.3775406687981454,0.5519546491188151,0.0,0.0,0.21428571428571427,0.35714285714285715,0.025,0.0,0.25,0.25,0.25,0.25,-0.6444444444444445,-0.4666666666666667,-0.6444444444444445,0.45,0.25641025641025644,0.25641025641025644,3.9,0,ISTANBUL,Sentetik,NORMAL
İstanbul-2026-09-09-9,2026-09-09,2026-09-09 17:30:00,SAROZ BEYİ-7,SAROZ BEYİ,7,57.0,1300.0,11.0,-3.9444444444444446,-2.716666666666667,-2.2222222222222223,13.193055555555556,-0.33333333333333326,-1.7222222222222223,14.0,0.3775406687981454,0.6291498587749625,0.0,0.0,0.21428571428571427,0.35714285714285715,0.041666666666666664,0.0,0.25,0.25,0.25,0.25,-2.263888888888889,-2.625,-1.8055555555555556,0.45,0.028089887640449437,0.028089887640449437,35.6,0,ISTANBUL,Sentetik,NORMAL
İstanbul-2026-09-09-9,2026-09-09,2026-09-09 17:30:00,TANKIZI-8,TANKIZI,8,60.0,1300.0,11.0,0.10476190476190472,0.1906349206349206,0.39527417027417033,0.2781369362559839,0.6,-0.2905122655122656,12.0,0.320821300824607,0.6902486575131399,0.0,0.0,0.25,0.4166666666666667,0.08333333333333333,0.0,0.25,0.25,0.25,0.25,0.36909271284271283,0.6088356088356088,0.45233447108447106,0.45,0.2247191011235955,0.2247191011235955,4.45,0,ISTANBUL,Sentetik,NORMAL
İstanbul-2026-09-09-9,2026-09-09,2026-09-09 17:30:00,ALCANZAR-9,ALCANZAR,9,55.0,1300.0,11.0,0.12373737373737377,0.12373737373737377,0.12373737373737377,0.0838116008570554,0.0,0.0,20.0,0.5621765008857981,0.6795138297946668,0.0,0.0,0.15,0.25,0.025,0.0,0.25,0.25,0.25,0.25,0.12373737373737377,0.4545454545454546,0.18560606060606066,0.45,0.04716981132075472,0.04716981132075472,21.2,0,ISTANBUL,Sentetik,NORMAL
İstanbul-2026-09-09-9,2026-09-09,2026-09-09 17:30:00,GÜZEL BANU-10,GÜZEL BANU,10,54.0,1300.0,11.0,-1.0,-1.0,-1.0,0.03,-1.0,0.0,110.0,0.9999898700090192,0.505081410129792,0.0,1.0,0.02727272727272727,0.045454545454545456,0.008333333333333333,0.0,0.25,0.25,0.25,0.25,-1.0,0.0,-1.0,0.45,0.09090909090909091,0.09090909090909091,0.0,0,ISTANBUL,Sentetik,NORMAL
İstanbul-2026-09-09-9,2026-09-09,2026-09-09 17:30:00,İCLAL BİKE-11,İCLAL BİKE,11,52.0,1300.0,11.0,-1.2833333333333334,-1.2833333333333334,-1.2833333333333334,5.565833333333334,-0.10000000000000009,0.0,14.0,0.3775406687981454,0.6604360704204323,0.0,0.0,0.21428571428571427,0.35714285714285715,0.016666666666666666,0.0,0.25,0.25,0.25,0.25,0.07499999999999996,-1.875,-1.2833333333333334,0.45,0.013440860215053762,0.013440860215053762,74.4,0,ISTANBUL,Sentetik,NORMAL
İstanbul-2026-09-09-10,2026-09-09,2026-09-09 18:00:00,DURUSU BEYİ-1,DURUSU BEYİ,1,59.0,1200.0,18.0,-0.35000000000000003,-0.26,-0.8300000000000001,0.58175,0.19999999999999996,0.48000000000000004,21.0,0.5926665999540697,0.7052408830311745,0.0,0.0,0.14285714285714285,0.23809523809523808,0.058333333333333334,0.0,0.25,0.25,0.25,0.25,-0.6652777777777777,-0.43333333333333335,-0.7875000000000001,0.45,0.12578616352201258,0.12578616352201258,7.95,0,ISTANBUL,Sentetik,NORMAL
İstanbul-2026-09-09-10,2026-09-09,2026-09-09 18:00:00,TAHAYYÜL-2,TAHAYYÜL,2,59.0,1200.0,18.0,-1.3222222222222222,-1.1433333333333333,-1.8073809523809525,4.402722222222222,0.8333333333333334,0.48515873015873034,21.0,0.5926665999540697,0.767761501521129,0.0,0.0,0.14285714285714285,0.23809523809523808,0.05,0.0,0.25,0.25,0.25,0.25,0.5941798941798941,-0.4206349206349206,-1.9685185185185188,0.45,0.12903225806451613,0.12903225806451613,7.75,0,ISTANBUL,Sentetik,NORMAL
İstanbul-2026-09-09-10,2026-09-09,2026-09-09 18:00:00,KULAGER-3,KULAGER,3,57.0,1200.0,18.0,-1.5833333333333333,-1.25,-1.0852014652014652,3.7222222222222223,0.0,-0.49813186813186805,76.0,0.9992903296008995,0.5457053875844059,0.0,1.0,0.039473684210526314,0.06578947368421052,0.041666666666666664,0.0,0.25,0.25,0.25,0.25,-0.12677045177045176,-0.2111111111111111,-0.4309523809523809,0.45,0.012987012987012988,0.012987012987012988,77.0,0,ISTANBUL,Sentetik,NORMAL
İstanbul-2026-09-09-10,2026-09-09,2026-09-09 18:00:00,LUSİA-4,LUSİA,4,57.0,1200.0,18.0,-0.6666666666666666,-0.4666666666666666,-0.4897619047619048,0.5888888888888889,-1.0,-0.17690476190476184,40.0,0.9399133498259924,0.5801363955312802,0.0,0.0,0.075,0.125,0.05,0.0,0.25,0.25,0.25,0.25,-0.523639455782313,-0.42142857142857143,-0.47084599797365756,0.45,0.07751937984496124,0.07751937984496124,12.9,0,ISTANBUL,Sentetik,NORMAL
İstanbul-2026-09-09-10,2026-09-09,2026-09-09 18:00:00,ALKANLI-5,ALKANLI,5,56.0,1200.0,18.0,-0.6666666666666666,0.0,-0.016666666666666653,5.0,1.0,-0.65,533.0,1.0,0.7410060096729801,0.0,1.0,0.005628517823639775,0.009380863039399626,0.0,0.0,0.25,0.25,0.25,0.25,0.5631868131868132,0.22142857142857145,0.26785714285714285,0.45,0.18348623853211007,0.18348623853211007,5.45,0,ISTANBUL,Sentetik,NORMAL
İstanbul-2026-09-09-10,2026-09-09,2026-09-09 18:00:00,ESEN BATU-6,ESEN BATU,6,56.0,1200.0,18.0,-0.3,-0.38,-0.33166666666666667,1.3220000000000003,0.09999999999999998,0.031666666666666676,140.0,0.9999997617630899,0.6219556198309744,0.0,1.0,0.02142857142857143,0.03571428571428571,0.0,0.0,0.25,0.25,0.25,0.25,-0.9496753246753247,-0.13474399164054338,-0.6690012368583795,0.45,0.03710575139146568,0.03710575139146568,26.95,0,ISTANBUL,Sentetik,NORMAL
İstanbul-2026-09-09-10,2026-09-09,2026-09-09 18:00:00,KAHRAMAN EVLAT-7,KAHRAMAN EVLAT,7,54.0,1200.0,18.0,-1.5303030303030303,-2.743181818181818,-1.831590909090909,17.162164256198345,-5.0,0.30128787878787877,196.0,0.999999999782756,0.09511500770713814,0.0,1.0,0.015306122448979591,0.025510204081632654,0.0,0.0,0.25,0.25,0.25,0.25,-0.6983285233285235,-1.8608100233100233,-1.60599173553719,0.45,0.01593625498007968,0.01593625498007968,62.75,0,ISTANBUL,Sentetik,NORMAL
İstanbul-2026-09-09-10,2026-09-09,2026-09-09 18:00:00,KILIÇ İBO-8,KILIÇ İBO,8,56.0,1200.0,18.0,-1.222222222222222,-1.0666666666666667,-1.0178571428571428,0.9666666666666667,-1.6666666666666665,-0.2043650793650793,19.0,0.5312093733737563,0.44728001997430805,0.0,0.0,0.15789473684210525,0.2631578947368421,0.06666666666666667,0.0,0.25,0.25,0.25,0.25,-0.9183035714285716,-0.35,-0.4828571428571428,0.45,0.17543859649122806,0.17543859649122806,5.7,0,ISTANBUL,Sentetik,NORMAL
İstanbul-2026-09-09-10,2026-09-09,2026-09-09 18:00:00,NAMSAL-9,NAMSAL,9,56.0,1200.0,18.0,-0.0666666666666667,-0.76,-0.7744444444444445,3.950222222222223,0.33333333333333337,0.7077777777777778,7.0,0.20181322226037884,0.21649831020078542,1.0,0.0,0.42857142857142855,0.7142857142857143,0.03333333333333333,0.0,0.25,0.25,0.25,0.25,-0.0023809523809523647,-0.20952380952380953,-0.07500000000000001,0.45,0.45454545454545453,0.45454545454545453,2.2,1,ISTANBUL,Sentetik,NORMAL
İstanbul-2026-09-09-10,2026-09-09,2026-09-09 18:00:00,KONAKLI-10,KONAKLI,10,55.0,1200.0,18.0,0.0,0.0,0.0,0.03,0.0,0.0,341.0,1.0,0.6431026859446931,0.0,1.0,0.008797653958944282,0.01466275659824047,0.0,0.0,0.25,0.25,0.25,0.25,0.0,0.0,0.0,0.45,0.012422360248447204,0.012422360248447204,80.5,0,ISTANBUL,Sentetik,NORMAL
İstanbul-2026-09-09-10,2026-09-09,2026-09-09 18:00:00,DİLAN KIZ-11,DİLAN KIZ,11,54.0,1200.0,18.0,-0.5833333333333334,-1.4166666666666667,-1.5016666666666667,2.701388888888889,-1.75,0.9183333333333333,7.0,0.20181322226037884,0.08776855228704558,1.0,0.0,0.42857142857142855,0.7142857142857143,0.05,0.0,0.25,0.25,0.25,0.25,-0.7842101775775244,-1.0392290249433107,-1.0559150619495445,0.45,0.052083333333333336,0.052083333333333336,19.2,0,ISTANBUL,Sentetik,NORMAL
İstanbul-2026-09-09-10,2026-09-09,2026-09-09 18:00:00,CABİRE SULTAN-12,CABİRE SULTAN,12,52.0,1200.0,18.0,0.6660818713450293,0.7478844169246648,0.7011302766720724,0.015623513649661702,0.631578947368421,-0.03504840532704312,14.0,0.3775406687981454,0.7279726571602376,0.0,0.0,0.21428571428571427,0.35714285714285715,0.075,0.0,0.25,0.25,0.25,0.25,0.3982810483380795,0.5266228542699131,0.5092564123040129,0.45,0.028129395218002815,0.028129395218002815,35.55,0,ISTANBUL,Sentetik,NORMAL
İstanbul-2026-09-09-10,2026-09-09,2026-09-09 18:00:00,MAHMUT USTA-13,MAHMUT USTA,13,52.0,1200.0,18.0,-0.7196969696969697,-0.6103896103896104,-0.830194805194805,0.6976988109293304,-0.25,0.11049783549783532,94.0,0.9999251537724895,0.575153198699306,0.0,1.0,0.031914893617021274,0.05319148936170213,0.008333333333333333,0.0,0.25,0.25,0.25,0.25,0.04826152683295547,-0.24161375661375661,-0.855761316872428,0.45,0.03502626970227671,0.03502626970227671,28.55,0,ISTANBUL,Sentetik,NORMAL
İstanbul-2026-09-09-10,2026-09-09,2026-09-09 18:00:00,ATARTAY-14,ATARTAY,14,52.0,1200.0,18.0,-5.333333333333333,-3.3333333333333335,-2.338888888888889,42.722222222222214,-15.0,-2.994444444444444,14.0,0.3775406687981454,0.0011072566880863542,0.0,0.0,0.21428571428571427,0.35714285714285715,0.041666666666666664,0.0,0.25,0.25,0.25,0.25,-1.8756613756613756,-0.9995590828924164,-2.2980859010270778,0.45,0.009779951100244499,0.009779951100244499,102.25,0,ISTANBUL,Sentetik,NORMAL
İstanbul-2026-09-09-10,2026-09-09,2026-09-09 18:00:00,BABA ZAMAN-15,BABA ZAMAN,15,56.0,1200.0,18.0,-1.150793650793651,-0.6354761904761904,-1.2298593073593076,2.649804705215419,-0.2857142857142858,0.07906565656565667,38.0,0.9241418199787566,0.6518413317851424,0.0,0.0,0.07894736842105263,0.13157894736842105,0.058333333333333334,0.0,0.25,0.25,0.25,0.25,-1.5803485162180815,-1.1676286676286678,-1.705118326118326,0.45,0.04081632653061224,0.04081632653061224,24.5,0,ISTANBUL,Sentetik,NORMAL
İstanbul-2026-09-09-10,2026-09-09,2026-09-09 18:00:00,SUSADIM-16,SUSADIM,16,53.0,1200.0,18.0,-1.257936507936508,-0.9880952380952379,-0.2926190476190476,2.1767998866213145,-3.333333333333333,-0.9653174603174604,21.0,0.5926665999540697,0.2943633171920417,0.0,0.0,0.14285714285714285,0.23809523809523808,0.03333333333333333,0.0,0.25,0.25,0.25,0.25,-0.20697278911564626,-0.3592261904761904,-0.18401360544217685,0.45,0.011554015020219527,0.011554015020219527,86.55,0,ISTANBUL,Sentetik,NORMAL
İstanbul-2026-09-09-10,2026-09-09,2026-09-09 18:00:00,TARLABAŞI-17,TARLABAŞI,17,54.0,1200.0,18.0,-2.3028846153846154,-2.4817307692307695,-1.404357448107448,10.48003420857988,0.4375,-0.8985271672771675,14.0,0.3775406687981454,0.7124517316161091,0.0,0.0,0.21428571428571427,0.35714285714285715,0.05,0.0,0.25,0.25,0.25,0.25,-0.17642195767195767,-1.1597222222222223,-0.3659527201193868,0.45,0.011813349084465446,0.011813349084465446,84.65,0,ISTANBUL,Sentetik,NORMAL
İstanbul-2026-09-09-10,2026-09-09,2026-09-09 18:00:00,BİGBERK-18,BİGBERK,18,54.0,1200.0,18.0,-1.4734848484848484,-1.884090909090909,-0.9470454545454545,6.962060950413225,-4.5,-0.5264393939393939,14.0,0.3775406687981454,0.17632769848880445,0.0,0.0,0.21428571428571427,0.35714285714285715,0.025,0.0,0.25,0.25,0.25,0.25,-0.9137121212121212,0.26988636363636365,-0.8030934343434343,0.45,0.017937219730941704,0.017937219730941704,55.75,0,ISTANBUL,Sentetik,NORMAL
Elazığ-2026-09-09-1,2026-09-09,2026-09-09 17:45:00,ATAKAYA HÜKÜMDARI-1,ATAKAYA HÜKÜMDARI,1,57.0,1200.0,11.0,-0.01010101010101013,-0.10606060606060608,-0.14718614718614717,0.46912304866850324,-0.16666666666666674,0.13708513708513703,9.0,0.24508501313237172,0.5816241954805119,0.0,0.0,0.3333333333333333,0.5555555555555556,0.05,0.0,0.25,0.25,0.25,0.25,-0.07272727272727272,-0.14718614718614717,-0.06060606060606063,0.45,0.04192872117400419,0.04192872117400419,23.85,0,ELAZIĞ,Kum,NORMAL
Elazığ-2026-09-09-1,2026-09-09,2026-09-09 17:45:00,KİNG BEDİRHAN-2,KİNG BEDİRHAN,2,54.0,1200.0,11.0,-1.222222222222222,-1.7333333333333332,-1.7333333333333332,2.1888888888888887,-2.0,0.5111111111111111,9.0,0.24508501313237172,0.35880477036004393,0.0,0.0,0.3333333333333333,0.5555555555555556,0.041666666666666664,0.0,0.25,0.25,0.25,0.25,-1.6666666666666667,-1.7333333333333332,-1.7333333333333332,0.45,0.09345794392523366,0.09345794392523366,10.7,0,ELAZIĞ,Kum,NORMAL
Elazığ-2026-09-09-1,2026-09-09,2026-09-09 17:45:00,MİRAÇHAT  SKG-3,MİRAÇHAT  SKG,3,57.0,1200.0,11.0,-1.2857142857142858,-1.2857142857142858,-1.2857142857142858,2.5306122448979593,-3.0,0.0,18.0,0.5,0.32495094910616296,0.0,0.0,0.16666666666666666,0.2777777777777778,0.025,0.0,0.25,0.25,0.25,0.25,-2.0,-1.2857142857142858,0.1428571428571429,0.45,0.04504504504504505,0.04504504504504505,22.2,0,ELAZIĞ,Kum,NORMAL
Elazığ-2026-09-09-1,2026-09-09,2026-09-09 17:45:00,MİRZACAN  SKG-4,MİRZACAN  SKG,4,57.0,1200.0,11.0,0.47222222222222227,0.42559523809523814,0.42559523809523814,0.04727654950869237,0.75,0.04662698412698413,9.0,0.24508501313237172,0.6902121083847267,0.0,0.0,0.3333333333333333,0.5555555555555556,0.03333333333333333,0.0,0.25,0.25,0.25,0.25,0.3174603174603175,0.42559523809523814,0.47222222222222227,0.45,0.30303030303030304,0.30303030303030304,3.3,0,ELAZIĞ,Kum,NORMAL
Elazığ-2026-09-09-1,2026-09-09,2026-09-09 17:45:00,URFA KAPLANI-5,URFA KAPLANI,5,57.0,1200.0,11.0,0.28571428571428575,0.378021978021978,0.36538461538461536,0.21993479048424103,0.4,-0.07967032967032961,18.0,0.5,0.7168498107768178,0.0,0.0,0.16666666666666666,0.2777777777777778,0.075,0.0,0.25,0.25,0.25,0.25,0.36538461538461536,0.36538461538461536,0.0,0.45,0.0947867298578199,0.0947867298578199,10.55,0,ELAZIĞ,Kum,NORMAL
Elazığ-2026-09-09-1,2026-09-09,2026-09-09 17:45:00,PRENSES FADİLE-6,PRENSES FADİLE,6,58.0,1200.0,11.0,-0.40952380952380957,-0.062380952380952384,0.16396103896103895,0.4277902494331066,-1.0,-0.5734848484848485,7.0,0.20181322226037884,0.13129877390595102,1.0,0.0,0.42857142857142855,0.7142857142857143,0.058333333333333334,0.0,0.25,0.25,0.25,0.25,0.16396103896103895,0.16396103896103895,0.06101190476190477,0.45,0.1694915254237288,0.1694915254237288,5.9,0,ELAZIĞ,Kum,NORMAL
Elazığ-2026-09-09-1,2026-09-09,2026-09-09 17:45:00,ELİFİN IŞIĞI-7,ELİFİN IŞIĞI,7,57.0,1200.0,11.0,0.2638888888888889,0.2638888888888889,0.2638888888888889,0.12557870370370375,0.0,0.0,7.0,0.20181322226037884,0.20377633409081808,1.0,0.0,0.42857142857142855,0.7142857142857143,0.025,0.0,0.25,0.25,0.25,0.25,0.2638888888888889,0.2638888888888889,0.2638888888888889,0.45,0.23809523809523808,0.23809523809523808,4.2,1,ELAZIĞ,Kum,NORMAL
Elazığ-2026-09-09-1,2026-09-09,2026-09-09 17:45:00,ALGHABRA-8,ALGHABRA,8,55.0,1200.0,11.0,-0.7380952380952381,-0.4761904761904763,-0.4761904761904763,0.8064058956916098,-0.5,-0.26190476190476186,7.0,0.20181322226037884,0.16435289634154024,1.0,0.0,0.42857142857142855,0.7142857142857143,0.041666666666666664,0.0,0.25,0.25,0.25,0.25,-0.22222222222222224,-0.4761904761904763,-0.5535714285714286,0.45,0.07782101167315175,0.07782101167315175,12.85,0,ELAZIĞ,Kum,NORMAL
Elazığ-2026-09-09-1,2026-09-09,2026-09-09 17:45:00,FATMA ŞAH-9,FATMA ŞAH,9,54.0,1200.0,11.0,0.038461538461538436,0.038461538461538436,0.038461538461538436,0.0029585798816568008,0.07692307692307687,0.0,7.0,0.20181322226037884,0.21119638720758216,1.0,0.0,0.42857142857142855,0.7142857142857143,0.016666666666666666,0.0,0.25,0.25,0.25,0.25,0.038461538461538436,0.038461538461538436,0.038461538461538436,0.45,0.018832391713747645,0.018832391713747645,53.1,0,ELAZIĞ,Kum,NORMAL
Elazığ-2026-09-09-1,2026-09-09,2026-09-09 17:45:00,MAVİ DAMLA-10,MAVİ DAMLA,10,55.0,1200.0,11.0,-0.33333333333333337,-0.33333333333333337,-0.33333333333333337,0.22222222222222227,-0.6666666666666667,0.0,7.0,0.20181322226037884,0.15496346597694757,1.0,0.0,0.42857142857142855,0.7142857142857143,0.025,0.0,0.25,0.25,0.25,0.25,0.0,-0.22222222222222224,-0.22222222222222224,0.45,0.07782101167315175,0.07782101167315175,12.85,0,ELAZIĞ,Kum,NORMAL
Elazığ-2026-09-09-1,2026-09-09,2026-09-09 17:45:00,SEYYARETAY-11,SEYYARETAY,11,55.0,1200.0,11.0,0.36574074074074076,0.36574074074074076,0.36574074074074076,0.019354423868312758,0.5,0.0,7.0,0.20181322226037884,0.247338612611372,1.0,0.0,0.42857142857142855,0.7142857142857143,0.025,0.0,0.25,0.25,0.25,0.25,0.36574074074074076,0.36574074074074076,0.36574074074074076,0.45,0.3508771929824561,0.3508771929824561,2.85,0,ELAZIĞ,Kum,NORMAL
Elazığ-2026-09-09-2,2026-09-09,2026-09-09 18:30:00,ALPERİN KIZI-1,ALPERİN KIZI,1,57.0,1200.0,6.0,-0.31666666666666665,-0.19,-0.10959595959595957,0.23050000000000004,-0.19999999999999996,-0.20707070707070707,16.0,0.43782349911420193,0.649270313153141,0.0,0.0,0.1875,0.3125,0.058333333333333334,0.0,0.25,0.25,0.25,0.25,-0.1545454545454545,-0.10959595959595957,-0.12329545454545451,0.45,0.111731843575419,0.111731843575419,8.95,0,ELAZIĞ,Kum,NORMAL
Elazığ-2026-09-09-2,2026-09-09,2026-09-09 18:30:00,GODDESS OF BEAUTY-2,GODDESS OF BEAUTY,2,57.0,1200.0,6.0,0.4166666666666667,0.33999999999999997,-0.3833333333333333,0.20925,0.5,0.8,16.0,0.43782349911420193,0.7269428335024738,0.0,0.0,0.1875,0.3125,0.041666666666666664,0.0,0.25,0.25,0.25,0.25,-0.3833333333333333,0.3625,0.4166666666666667,0.45,0.2898550724637681,0.2898550724637681,3.45,0,ELAZIĞ,Kum,NORMAL
Elazığ-2026-09-09-2,2026-09-09,2026-09-09 18:30:00,KING RHAEGAL-3,KING RHAEGAL,3,57.0,1200.0,6.0,0.04444444444444443,-0.30000000000000004,-0.30000000000000004,0.9674074074074075,-0.6666666666666667,0.3444444444444445,9.0,0.24508501313237172,0.5542302813183,0.0,0.0,0.3333333333333333,0.5555555555555556,0.03333333333333333,0.0,0.25,0.25,0.25,0.25,-0.30000000000000004,-0.30000000000000004,-0.30000000000000004,0.45,0.2222222222222222,0.2222222222222222,4.5,1,ELAZIĞ,Kum,NORMAL
Elazığ-2026-09-09-2,2026-09-09,2026-09-09 18:30:00,BERNAMCAN-4,BERNAMCAN,4,57.0,1200.0,6.0,-3.6666666666666665,-1.9600000000000002,-1.8642857142857143,6.207999999999998,-3.0,-1.8023809523809522,25.0,0.7057850278370112,0.3350719992601042,0.0,0.0,0.12,0.2,0.041666666666666664,0.0,0.25,0.25,0.25,0.25,-1.8642857142857143,-1.8642857142857143,-5.0,0.45,0.07117437722419928,0.07117437722419928,14.05,0,ELAZIĞ,Kum,NORMAL
Elazığ-2026-09-09-2,2026-09-09,2026-09-09 18:30:00,KUMSAL STAR-5,KUMSAL STAR,5,55.0,1200.0,6.0,0.8424242424242424,0.7483116883116884,-0.5591774891774891,0.03231944678697926,1.0,1.4016017316017315,11.0,0.29421497216298875,0.7479820731204764,0.0,0.0,0.2727272727272727,0.45454545454545453,0.08333333333333333,0.0,0.25,0.25,0.25,0.25,-0.5591774891774891,-0.5657527657527658,0.0,0.45,0.6060606060606061,0.6060606060606061,1.65,0,ELAZIĞ,Kum,NORMAL
Elazığ-2026-09-09-2,2026-09-09,2026-09-09 18:30:00,EMİNÖNÜ-6,EMİNÖNÜ,6,56.0,1200.0,6.0,0.45,0.45,0.45,0.03,0.45,0.0,30.0,0.8175744761936437,0.7499476922271856,0.0,0.0,0.1,0.16666666666666666,0.0,0.0,0.25,0.25,0.25,0.25,0.45,0.45,0.45,0.45,0.13793103448275862,0.13793103448275862,7.25,0,ELAZIĞ,Kum,NORMAL
Elazığ-2026-09-09-3,2026-09-09,2026-09-09 19:00:00,YAĞIZALP-1,YAĞIZALP,1,62.5,1500.0,12.0,-0.8214285714285715,-1.3928571428571428,-1.7989926739926738,7.673469387755103,-3.0,0.9775641025641023,9.0,0.24508501313237172,0.25688501422413484,0.0,0.0,0.3333333333333333,0.5555555555555556,0.05,0.0,0.25,0.25,0.25,0.25,-0.21545036160420777,-0.6108353098149016,-0.5234848484848486,0.45,0.111731843575419,0.111731843575419,8.95,1,ELAZIĞ,Kum,NORMAL
Elazığ-2026-09-09-3,2026-09-09,2026-09-09 19:00:00,KARA KORSAN  SKG-2,KARA KORSAN  SKG,2,61.5,1500.0,12.0,-3.3333333333333335,-1.7194444444444443,-1.5660714285714286,27.05327932098765,0.0,-1.767261904761905,16.0,0.43782349911420193,0.633942229705443,0.0,0.0,0.1875,0.3125,0.058333333333333334,0.0,0.25,0.25,0.25,0.25,-0.8312781494599675,-0.84687794089968,-1.8444444444444443,0.45,0.1639344262295082,0.1639344262295082,6.1,0,ELAZIĞ,Kum,NORMAL
Elazığ-2026-09-09-3,2026-09-09,2026-09-09 19:00:00,KILIÇBAĞI-3,KILIÇBAĞI,3,61.5,1500.0,12.0,-0.7196969696969697,-0.4118181818181818,-0.3792424242424242,0.595698347107438,0.09090909090909094,-0.3404545454545455,7.0,0.20181322226037884,0.18886491266307717,1.0,0.0,0.42857142857142855,0.7142857142857143,0.075,0.0,0.25,0.25,0.25,0.25,0.2442412850307587,-0.13487278028094354,-0.2590496804782519,0.45,0.0390625,0.0390625,25.6,0,ELAZIĞ,Kum,NORMAL
Elazığ-2026-09-09-3,2026-09-09,2026-09-09 19:00:00,QUATRO-4,QUATRO,4,61.5,1500.0,12.0,0.18796296296296297,0.2127777777777778,-0.14503968253968252,0.5011404320987654,0.1333333333333333,0.33300264550264547,7.0,0.20181322226037884,0.19421406444835926,1.0,0.0,0.42857142857142855,0.7142857142857143,0.058333333333333334,0.0,0.25,0.25,0.25,0.25,-0.48999012683223203,-0.38059163059163054,-0.07657199702654248,0.45,0.051546391752577324,0.051546391752577324,19.4,0,ELAZIĞ,Kum,NORMAL
Elazığ-2026-09-09-3,2026-09-09,2026-09-09 19:00:00,YOLKIRAN-5,YOLKIRAN,5,58.5,1500.0,12.0,-1.7196969696969697,-0.8595959595959595,-0.22222222222222224,3.6127710182634423,-1.25,-1.4974747474747474,9.0,0.24508501313237172,0.4516790600445062,0.0,0.0,0.3333333333333333,0.5555555555555556,0.058333333333333334,0.0,0.25,0.25,0.25,0.25,-1.6234693877551023,-1.1228605935127673,-0.35947712418300654,0.45,0.05305039787798408,0.05305039787798408,18.85,0,ELAZIĞ,Kum,NORMAL
Elazığ-2026-09-09-3,2026-09-09,2026-09-09 19:00:00,MESTAN BEY-6,MESTAN BEY,6,61.0,1500.0,12.0,0.10317460317460318,-1.138095238095238,-0.6246031746031745,4.892970521541949,0.16666666666666663,0.7277777777777776,14.0,0.3775406687981454,0.6559365774369077,0.0,0.0,0.21428571428571427,0.35714285714285715,0.08333333333333333,0.0,0.25,0.25,0.25,0.25,-0.36976911976911975,-0.6446145124716552,-0.8703703703703703,0.45,0.035211267605633804,0.035211267605633804,28.4,0,ELAZIĞ,Kum,NORMAL
Elazığ-2026-09-09-3,2026-09-09,2026-09-09 19:00:00,ÇELİK SEMEND-7,ÇELİK SEMEND,7,59.5,1500.0,12.0,-2.2222222222222223,-1.330952380952381,-1.2697619047619049,4.563520408163265,-5.0,-0.9524603174603175,37.0,0.9149009549929797,0.1439697257872709,0.0,0.0,0.08108108108108109,0.13513513513513514,0.058333333333333334,0.0,0.25,0.25,0.25,0.25,-0.4994360902255638,-0.7545787545787547,-1.2777777777777777,0.45,0.05730659025787966,0.05730659025787966,17.45,0,ELAZIĞ,Kum,NORMAL
Elazığ-2026-09-09-3,2026-09-09,2026-09-09 19:00:00,BİRÇETİN-8,BİRÇETİN,8,56.5,1500.0,12.0,0.36111111111111116,0.11666666666666667,0.3383333333333333,0.1513888888888889,0.25,0.02277777777777784,9.0,0.24508501313237172,0.6447660865999986,0.0,0.0,0.3333333333333333,0.5555555555555556,0.008333333333333333,0.0,0.25,0.25,0.25,0.25,0.2976190476190476,0.34484126984126984,0.25,0.45,0.14285714285714285,0.14285714285714285,7.0,0,ELAZIĞ,Kum,NORMAL
Elazığ-2026-09-09-3,2026-09-09,2026-09-09 19:00:00,MELİHTAY-9,MELİHTAY,9,56.5,1500.0,12.0,0.2148148148148148,-0.09968253968253968,-0.4826190476190475,0.3329281934996221,0.5555555555555556,0.6974338624338623,9.0,0.24508501313237172,0.6701555984022607,0.0,0.0,0.3333333333333333,0.5555555555555556,0.058333333333333334,0.0,0.25,0.25,0.25,0.25,0.1351686507936508,0.04852607709750572,-0.1746031746031746,0.45,0.14925373134328357,0.14925373134328357,6.7,0,ELAZIĞ,Kum,NORMAL
Elazığ-2026-09-09-3,2026-09-09,2026-09-09 19:00:00,MUCİZE HAN-10,MUCİZE HAN,10,56.5,1500.0,12.0,0.5166666666666667,0.31,0.5466666666666666,0.3055,-0.25,-0.029999999999999916,23.0,0.6513548646660542,0.6463688606821351,0.0,0.0,0.13043478260869565,0.21739130434782608,0.008333333333333333,0.0,0.25,0.25,0.25,0.25,-0.5135802469135802,-1.5576984126984128,-2.6164965986394555,0.45,0.11299435028248588,0.11299435028248588,8.85,0,ELAZIĞ,Kum,NORMAL
Elazığ-2026-09-09-3,2026-09-09,2026-09-09 19:00:00,ÖZAYDIN-11,ÖZAYDIN,11,56.5,1500.0,12.0,0.29603729603729606,0.3776223776223776,0.4177000777000777,0.18502127243385985,0.0,-0.12166278166278166,9.0,0.24508501313237172,0.614067990849063,0.0,0.0,0.3333333333333333,0.5555555555555556,0.016666666666666666,0.0,0.25,0.25,0.25,0.25,0.657165404040404,0.629016750445322,0.29603729603729606,0.45,0.5263157894736842,0.5263157894736842,1.9,0,ELAZIĞ,Kum,NORMAL
Elazığ-2026-09-09-3,2026-09-09,2026-09-09 19:00:00,BİTİRİM SEDA-12,BİTİRİM SEDA,12,55.0,1500.0,12.0,-1.1111111111111112,-0.7523809523809524,-1.2136904761904763,1.0684807256235827,-2.0,0.10257936507936516,9.0,0.24508501313237172,0.3584214208154491,0.0,0.0,0.3333333333333333,0.5555555555555556,0.075,0.0,0.25,0.25,0.25,0.25,-0.3824088609802895,-0.5757364163614163,-0.4275850340136055,0.45,0.111731843575419,0.111731843575419,8.95,0,ELAZIĞ,Kum,NORMAL
Elazığ-2026-09-09-4,2026-09-09,2026-09-09 19:30:00,ADANALI DEMİR-1,ADANALI DEMİR,1,57.0,1200.0,11.0,-1.0000000000000002,-0.29333333333333333,-0.15757575757575756,2.452444444444444,0.16666666666666663,-0.8424242424242426,9.0,0.24508501313237172,0.6199755489215394,0.0,0.0,0.3333333333333333,0.5555555555555556,0.058333333333333334,0.0,0.25,0.25,0.25,0.25,-0.2206060606060606,-0.15757575757575756,-0.15757575757575756,0.45,0.2150537634408602,0.2150537634408602,4.65,0,ELAZIĞ,Kum,NORMAL
Elazığ-2026-09-09-4,2026-09-09,2026-09-09 19:30:00,FIRATHAN AĞASI  SKG-2,FIRATHAN AĞASI  SKG,2,57.0,1200.0,11.0,-0.040740740740740744,-0.253015873015873,-0.2516754850088183,0.8971826656588562,0.7777777777777778,0.21093474426807757,18.0,0.5,0.7572714027321078,0.0,0.0,0.16666666666666666,0.2777777777777778,0.05,0.0,0.25,0.25,0.25,0.25,-0.2516754850088183,-0.16031746031746033,0.19999999999999996,0.45,0.3278688524590164,0.3278688524590164,3.05,0,ELAZIĞ,Kum,NORMAL
Elazığ-2026-09-09-4,2026-09-09,2026-09-09 19:30:00,GÜLPAŞA-3,GÜLPAŞA,3,57.0,1200.0,11.0,-0.38888888888888884,-0.06742424242424239,-0.06742424242424239,1.1991821625344352,-2.0,-0.32146464646464645,9.0,0.24508501313237172,0.35880477036004393,0.0,0.0,0.3333333333333333,0.5555555555555556,0.041666666666666664,0.0,0.25,0.25,0.25,0.25,0.33207070707070707,-0.06742424242424239,-0.06742424242424239,0.45,0.12422360248447203,0.12422360248447203,8.05,0,ELAZIĞ,Kum,NORMAL
Elazığ-2026-09-09-4,2026-09-09,2026-09-09 19:30:00,RECEPPAŞA-4,RECEPPAŞA,4,57.0,1200.0,11.0,0.5277777777777778,0.3333333333333333,-0.9523809523809524,0.11458333333333334,0.5,1.4801587301587302,9.0,0.24508501313237172,0.6583862632222809,0.0,0.0,0.3333333333333333,0.5555555555555556,0.058333333333333334,0.0,0.25,0.25,0.25,0.25,-1.5833333333333335,-0.9523809523809524,0.22222222222222224,0.45,0.2531645569620253,0.2531645569620253,3.95,0,ELAZIĞ,Kum,NORMAL
Elazığ-2026-09-09-4,2026-09-09,2026-09-09 19:30:00,RÜZGAR DELİSİ-5,RÜZGAR DELİSİ,5,57.0,1200.0,11.0,-0.8666666666666667,-0.5366666666666667,-0.5366666666666667,0.7733888888888889,-2.0,-0.32999999999999996,9.0,0.24508501313237172,0.35880477036004393,0.0,0.0,0.3333333333333333,0.5555555555555556,0.041666666666666664,0.0,0.25,0.25,0.25,0.25,-0.17083333333333334,-0.5366666666666667,-0.5366666666666667,0.45,0.13986013986013984,0.13986013986013984,7.15,0,ELAZIĞ,Kum,NORMAL
Elazığ-2026-09-09-4,2026-09-09,2026-09-09 19:30:00,ALİYE ANA  K Kulaklık takılacağını ifade eder.-6,ALİYE ANA  K Kulaklık takılacağını ifade eder.,6,57.0,1200.0,11.0,-0.7916666666666666,-0.3283333333333333,-0.3038492063492063,1.4994305555555556,0.0,-0.4878174603174603,7.0,0.20181322226037884,0.198421321308224,1.0,0.0,0.42857142857142855,0.7142857142857143,0.06666666666666667,0.0,0.25,0.25,0.25,0.25,-0.3368326118326119,-0.3368326118326119,-0.12051587301587303,0.45,0.10526315789473684,0.10526315789473684,9.5,0,ELAZIĞ,Kum,NORMAL
Elazığ-2026-09-09-4,2026-09-09,2026-09-09 19:30:00,AĞCILKIZI-7,AĞCILKIZI,7,54.0,1200.0,11.0,-0.5714285714285714,-0.5714285714285714,-0.5714285714285714,0.03,-0.5714285714285714,0.0,35.0,0.8933094060543487,0.64543838625953,0.0,0.0,0.08571428571428572,0.14285714285714285,0.008333333333333333,0.0,0.25,0.25,0.25,0.25,-0.5714285714285714,-0.5714285714285714,-0.5714285714285714,0.45,0.1,0.1,10.0,0,ELAZIĞ,Kum,NORMAL
Elazığ-2026-09-09-4,2026-09-09,2026-09-09 19:30:00,GÖNLÜMDE KUTUP-8,GÖNLÜMDE KUTUP,8,55.0,1200.0,11.0,-0.3333333333333333,-0.175,-0.175,0.15583333333333335,0.0,-0.15833333333333333,7.0,0.20181322226037884,0.20269679306142124,1.0,0.0,0.42857142857142855,0.7142857142857143,0.03333333333333333,0.0,0.25,0.25,0.25,0.25,-0.06666666666666665,-0.175,0.0,0.45,0.017761989342806397,0.017761989342806397,56.3,0,ELAZIĞ,Kum,NORMAL
Elazığ-2026-09-09-4,2026-09-09,2026-09-09 19:30:00,KOĞUN SESİ-9,KOĞUN SESİ,9,55.0,1200.0,11.0,-3.4166666666666665,-2.65,-2.017857142857143,4.925,-0.75,-1.3988095238095237,7.0,0.20181322226037884,0.14705892070141802,1.0,0.0,0.42857142857142855,0.7142857142857143,0.05,0.0,0.25,0.25,0.25,0.25,-2.017857142857143,-2.017857142857143,-2.017857142857143,0.45,0.030721966205837177,0.030721966205837177,32.55,0,ELAZIĞ,Kum,NORMAL
Elazığ-2026-09-09-4,2026-09-09,2026-09-09 19:30:00,MİR ATHENA-10,MİR ATHENA,10,55.0,1200.0,11.0,0.2638888888888889,0.2638888888888889,0.2638888888888889,0.04668209876543207,0.11111111111111116,0.0,7.0,0.20181322226037884,0.214058180246872,1.0,0.0,0.42857142857142855,0.7142857142857143,0.016666666666666666,0.0,0.25,0.25,0.25,0.25,0.2638888888888889,0.2638888888888889,0.2638888888888889,0.45,0.044345898004434586,0.044345898004434586,22.55,1,ELAZIĞ,Kum,NORMAL
Elazığ-2026-09-09-4,2026-09-09,2026-09-09 19:30:00,YAĞMUR ECE-11,YAĞMUR ECE,11,53.0,1200.0,11.0,-2.444444444444444,-2.3916666666666666,-2.3916666666666666,8.412847222222222,-0.33333333333333326,-0.05277777777777759,7.0,0.20181322226037884,0.1770897500122324,1.0,0.0,0.42857142857142855,0.7142857142857143,0.03333333333333333,0.0,0.25,0.25,0.25,0.25,-2.3916666666666666,-2.3916666666666666,-0.6666666666666666,0.45,0.07352941176470588,0.07352941176470588,13.6,0,ELAZIĞ,Kum,NORMAL
Elazığ-2026-09-09-5,2026-09-09,2026-09-09 20:00:00,ŞAHKAYA-1,ŞAHKAYA,1,61.0,1600.0,14.0,-0.375,0.09500000000000001,0.3546428571428571,3.020125,0.875,-0.729642857142857,7.0,0.20181322226037884,0.25963680046358906,1.0,0.0,0.42857142857142855,0.7142857142857143,0.1,0.0,0.25,0.25,0.25,0.25,-0.32182539682539685,-0.05464616402116401,0.38010204081632654,0.45,0.11976047904191617,0.11976047904191617,8.35,0,ELAZIĞ,Kum,NORMAL
Elazığ-2026-09-09-5,2026-09-09,2026-09-09 20:00:00,BERATKIZ-2,BERATKIZ,2,58.0,1600.0,14.0,0.7333333333333334,0.5466666666666666,0.5741269841269842,0.17422222222222225,0.19999999999999996,0.15920634920634924,71.0,0.9986749775827868,0.7126205330123162,0.0,0.0,0.04225352112676056,0.07042253521126761,0.016666666666666666,0.0,0.25,0.25,0.25,0.25,0.2619047619047619,-0.02627865961199294,0.33333333333333337,0.45,0.06153846153846154,0.06153846153846154,16.25,0,ELAZIĞ,Kum,NORMAL
Elazığ-2026-09-09-5,2026-09-09,2026-09-09 20:00:00,BERHAN BEYLİ-3,BERHAN BEYLİ,3,58.0,1600.0,14.0,0.04166666666666663,0.425,0.32083333333333336,0.9899305555555558,0.8333333333333334,-0.27916666666666673,30.0,0.8175744761936437,0.757373505594587,0.0,0.0,0.1,0.16666666666666666,0.03333333333333333,0.0,0.25,0.25,0.25,0.25,-0.8019841269841269,-0.18762210012210015,0.30357142857142855,0.45,0.05181347150259067,0.05181347150259067,19.3,0,ELAZIĞ,Kum,NORMAL
Elazığ-2026-09-09-5,2026-09-09,2026-09-09 20:00:00,ESSANCAR  SKG-4,ESSANCAR  SKG,4,58.0,1600.0,14.0,-3.6,-1.7600000000000002,-0.810357142857143,12.888000000000002,0.19999999999999996,-2.789642857142857,42.0,0.9525741268224334,0.7100802455232391,0.0,0.0,0.07142857142857142,0.11904761904761904,0.025,0.0,0.25,0.25,0.25,0.25,0.3295454545454546,-0.12988816738816739,-0.26349206349206344,0.45,0.06688963210702341,0.06688963210702341,14.95,0,ELAZIĞ,Kum,NORMAL
Elazığ-2026-09-09-5,2026-09-09,2026-09-09 20:00:00,KOCA SABRİ-5,KOCA SABRİ,5,58.0,1600.0,14.0,-0.6944444444444443,-0.26282051282051283,-0.5147435897435897,1.4287064431295202,0.6666666666666667,-0.17970085470085462,14.0,0.3775406687981454,0.7216654975674969,0.0,0.0,0.21428571428571427,0.35714285714285715,0.058333333333333334,0.0,0.25,0.25,0.25,0.25,-0.2997863247863248,-0.3337387057387058,-0.3309294871794871,0.45,0.13157894736842105,0.13157894736842105,7.6,0,ELAZIĞ,Kum,NORMAL
Elazığ-2026-09-09-5,2026-09-09,2026-09-09 20:00:00,UMUDUM DENİZ-6,UMUDUM DENİZ,6,58.0,1600.0,14.0,-0.3333333333333333,-0.13999999999999999,0.059090909090909104,0.24799999999999997,0.0,-0.3924242424242424,21.0,0.5926665999540697,0.6718463267011132,0.0,0.0,0.14285714285714285,0.23809523809523808,0.05,0.0,0.25,0.25,0.25,0.25,-0.25476190476190474,0.049636261174722716,0.0,0.45,0.05555555555555555,0.05555555555555555,18.0,0,ELAZIĞ,Kum,NORMAL
Elazığ-2026-09-09-5,2026-09-09,2026-09-09 20:00:00,AL BENZE-7,AL BENZE,7,56.0,1600.0,14.0,1.0,-0.55,-0.12750000000000003,9.387500000000003,1.0,1.1275,23.0,0.6513548646660542,0.7667021817121268,0.0,0.0,0.13043478260869565,0.21739130434782608,0.025,0.0,0.25,0.25,0.25,0.25,-1.5083333333333335,0.3327380952380952,0.8952380952380953,0.45,0.625,0.625,1.6,1,ELAZIĞ,Kum,NORMAL
Elazığ-2026-09-09-5,2026-09-09,2026-09-09 20:00:00,NEVALÇİÇEĞİ-8,NEVALÇİÇEĞİ,8,56.0,1600.0,14.0,0.35185185185185186,0.30833333333333335,-0.010119047619047606,0.11462191358024694,0.5555555555555556,0.36197089947089944,14.0,0.3775406687981454,0.6987492983418859,0.0,0.0,0.21428571428571427,0.35714285714285715,0.05,0.0,0.25,0.25,0.25,0.25,-0.8993506493506492,-0.40502044252044256,0.18966450216450215,0.45,0.025806451612903226,0.025806451612903226,38.75,0,ELAZIĞ,Kum,NORMAL
Elazığ-2026-09-09-5,2026-09-09,2026-09-09 20:00:00,SAVT-9,SAVT,9,56.0,1600.0,14.0,0.2962962962962963,0.17777777777777776,-0.07777777777777777,0.33858024691358024,-0.11111111111111116,0.37407407407407406,16.0,0.43782349911420193,0.6291591174701286,0.0,0.0,0.1875,0.3125,0.06666666666666667,0.0,0.25,0.25,0.25,0.25,-2.2333333333333334,-0.7238715277777777,-0.08655555555555555,0.45,0.09900990099009901,0.09900990099009901,10.1,0,ELAZIĞ,Kum,NORMAL
Elazığ-2026-09-09-5,2026-09-09,2026-09-09 20:00:00,TURBOKOLİK-10,TURBOKOLİK,10,56.0,1600.0,14.0,-0.1706349206349207,0.04047619047619042,-0.7997619047619047,0.6672052154195012,0.25,0.629126984126984,9.0,0.24508501313237172,0.629742223688652,0.0,0.0,0.3333333333333333,0.5555555555555556,0.058333333333333334,0.0,0.25,0.25,0.25,0.25,-0.3154761904761905,-0.6642857142857144,-0.8679653679653682,0.45,0.024242424242424242,0.024242424242424242,41.25,0,ELAZIĞ,Kum,NORMAL
Elazığ-2026-09-09-5,2026-09-09,2026-09-09 20:00:00,BİÇERROZA-11,BİÇERROZA,11,55.0,1600.0,14.0,0.0,0.15999999999999998,-0.6501298701298701,1.0030000000000001,-1.5,0.6501298701298701,7.0,0.20181322226037884,0.09779010385057475,1.0,0.0,0.42857142857142855,0.7142857142857143,0.08333333333333333,0.0,0.25,0.25,0.25,0.25,-1.4838842975206612,-0.2912528647822765,0.33015873015873015,0.45,0.08658008658008658,0.08658008658008658,11.55,0,ELAZIĞ,Kum,NORMAL
Elazığ-2026-09-09-5,2026-09-09,2026-09-09 20:00:00,KESKİN KAAN-12,KESKİN KAAN,12,54.0,1600.0,14.0,0.2583333333333333,-0.31166666666666665,-0.007291666666666641,2.614847222222222,-0.6000000000000001,0.26562499999999994,21.0,0.5926665999540697,0.6117001321111504,0.0,0.0,0.14285714285714285,0.23809523809523808,0.041666666666666664,0.0,0.25,0.25,0.25,0.25,-0.29500000000000004,-0.007291666666666641,-0.007291666666666641,0.45,0.038986354775828465,0.038986354775828465,25.65,0,ELAZIĞ,Kum,NORMAL
Elazığ-2026-09-09-5,2026-09-09,2026-09-09 20:00:00,SEYRANTAY-13,SEYRANTAY,13,55.0,1600.0,14.0,0.5095238095238095,0.5807142857142857,0.40702380952380957,0.16203826530612245,0.09999999999999998,0.10249999999999992,23.0,0.6513548646660542,0.6798572679433099,0.0,0.0,0.13043478260869565,0.21739130434782608,0.008333333333333333,0.0,0.25,0.25,0.25,0.25,0.5607142857142857,0.37500481000480995,0.23929292929292928,0.45,0.044642857142857144,0.044642857142857144,22.4,0,ELAZIĞ,Kum,NORMAL
Elazığ-2026-09-09-5,2026-09-09,2026-09-09 20:00:00,HİSARLI KIZ-14,HİSARLI KIZ,14,53.0,1600.0,14.0,-0.5648148148148148,-0.19141414141414143,-0.08427849927849929,1.2296334557698194,-2.0,-0.4805363155363155,32.0,0.8519528019683106,0.4542946124155941,0.0,0.0,0.09375,0.15625,0.041666666666666664,0.0,0.25,0.25,0.25,0.25,-0.25966810966810966,0.006716515807424878,-0.4444444444444444,0.45,0.06153846153846154,0.06153846153846154,16.25,0,ELAZIĞ,Kum,NORMAL
Elazığ-2026-09-09-6,2026-09-09,2026-09-09 20:30:00,ŞİRİNHAT-1,ŞİRİNHAT,1,60.0,1200.0,7.0,-0.6904761904761904,-0.18095238095238103,-0.11309523809523814,2.5744331065759636,-3.0,-0.5773809523809522,7.0,0.20181322226037884,0.046774032052180746,1.0,0.0,0.42857142857142855,0.7142857142857143,0.058333333333333334,0.0,0.25,0.25,0.25,0.25,0.26587301587301587,-0.11309523809523814,-0.18095238095238103,0.45,0.12738853503184713,0.12738853503184713,7.85,0,ELAZIĞ,Kum,NORMAL
Elazığ-2026-09-09-6,2026-09-09,2026-09-09 20:30:00,BİLDENBİR-2,BİLDENBİR,2,57.0,1200.0,7.0,0.23809523809523805,-0.5371428571428571,-0.5371428571428571,3.9997551020408157,1.0,0.7752380952380952,16.0,0.43782349911420193,0.773672688165638,0.0,0.0,0.1875,0.3125,0.041666666666666664,0.0,0.25,0.25,0.25,0.25,-0.5371428571428571,-0.5371428571428571,0.3571428571428571,0.45,0.16260162601626016,0.16260162601626016,6.15,0,ELAZIĞ,Kum,NORMAL
Elazığ-2026-09-09-6,2026-09-09,2026-09-09 20:30:00,BİLGİNURKIZI-3,BİLGİNURKIZI,3,57.0,1200.0,7.0,0.17777777777777778,-0.2933333333333333,-0.1595238095238095,1.2885555555555557,0.8333333333333334,0.3373015873015873,9.0,0.24508501313237172,0.7193240420349957,0.0,0.0,0.3333333333333333,0.5555555555555556,0.06666666666666667,0.0,0.25,0.25,0.25,0.25,-0.1595238095238095,-0.1595238095238095,-0.1595238095238095,0.45,0.23529411764705882,0.23529411764705882,4.25,0,ELAZIĞ,Kum,NORMAL
Elazığ-2026-09-09-6,2026-09-09,2026-09-09 20:30:00,GÖNÜL KALESİ-4,GÖNÜL KALESİ,4,57.0,1200.0,7.0,-0.16666666666666666,-0.375,-0.375,1.2291666666666667,0.0,0.20833333333333334,14.0,0.3775406687981454,0.670085420938272,0.0,0.0,0.21428571428571427,0.35714285714285715,0.025,0.0,0.25,0.25,0.25,0.25,-0.375,-0.375,0.0,0.45,0.1075268817204301,0.1075268817204301,9.3,0,ELAZIĞ,Kum,NORMAL
Elazığ-2026-09-09-6,2026-09-09,2026-09-09 20:30:00,KAVİM-5,KAVİM,5,57.0,1200.0,7.0,0.7185185185185184,0.41388888888888886,0.41388888888888886,0.411141975308642,0.6,0.3046296296296296,11.0,0.29421497216298875,0.7166447394515832,0.0,0.0,0.2727272727272727,0.45454545454545453,0.03333333333333333,0.0,0.25,0.25,0.25,0.25,0.21851851851851853,0.41388888888888886,0.35185185185185186,0.45,0.2857142857142857,0.2857142857142857,3.5,1,ELAZIĞ,Kum,NORMAL
Elazığ-2026-09-09-6,2026-09-09,2026-09-09 20:30:00,NARLIGÖL-6,NARLIGÖL,6,55.0,1200.0,7.0,-0.26984126984126977,-0.053015873015873,-0.8775132275132275,2.259820609725371,-2.6666666666666665,0.6076719576719577,9.0,0.24508501313237172,0.3109770304591818,0.0,0.0,0.3333333333333333,0.5555555555555556,0.05,0.0,0.25,0.25,0.25,0.25,-1.253015873015873,-0.053015873015873,-0.053015873015873,0.45,0.09852216748768472,0.09852216748768472,10.15,0,ELAZIĞ,Kum,NORMAL
Elazığ-2026-09-09-6,2026-09-09,2026-09-09 20:30:00,RENKLİ GÜZEL-7,RENKLİ GÜZEL,7,55.0,1200.0,7.0,-0.25,-0.25,-0.25,3.125,1.0,0.0,7.0,0.20181322226037884,0.2967427524804931,1.0,0.0,0.42857142857142855,0.7142857142857143,0.025,0.0,0.25,0.25,0.25,0.25,-0.16666666666666666,-0.16666666666666666,-0.16666666666666666,0.45,0.4166666666666667,0.4166666666666667,2.4,0,ELAZIĞ,Kum,NORMAL
Elazığ-2026-09-09-7,2026-09-09,2026-09-09 21:00:00,ATEŞATAR-1,ATEŞATAR,1,57.0,1200.0,11.0,0.32936507936507936,0.24702380952380953,0.24702380952380953,0.2520195578231292,0.75,0.08234126984126983,16.0,0.43782349911420193,0.7522844378879524,0.0,0.0,0.1875,0.3125,0.03333333333333333,0.0,0.25,0.25,0.25,0.25,0.44047619047619047,0.24702380952380953,0.24702380952380953,0.45,0.273972602739726,0.273972602739726,3.65,0,ELAZIĞ,Kum,NORMAL
Elazığ-2026-09-09-7,2026-09-09,2026-09-09 21:00:00,ÇEÇAN BEY-2,ÇEÇAN BEY,2,57.0,1200.0,11.0,-0.7444444444444445,-0.6216666666666667,-1.596875,0.817763888888889,0.16666666666666663,0.8524305555555556,14.0,0.3775406687981454,0.6719250607395064,0.0,0.0,0.21428571428571427,0.35714285714285715,0.06666666666666667,0.0,0.25,0.25,0.25,0.25,-1.6291666666666667,-1.3333333333333333,0.0,0.45,0.06514657980456026,0.06514657980456026,15.35,0,ELAZIĞ,Kum,NORMAL
Elazığ-2026-09-09-7,2026-09-09,2026-09-09 21:00:00,EFSANE YILMAZ-3,EFSANE YILMAZ,3,57.0,1200.0,11.0,0.19166666666666665,-0.16499999999999998,-0.018452380952380942,0.382375,0.0,0.2101190476190476,9.0,0.24508501313237172,0.6033503026599201,0.0,0.0,0.3333333333333333,0.5555555555555556,0.041666666666666664,0.0,0.25,0.25,0.25,0.25,-0.02214285714285713,-0.018452380952380942,-0.018452380952380942,0.45,0.08130081300813008,0.08130081300813008,12.3,0,ELAZIĞ,Kum,NORMAL
Elazığ-2026-09-09-7,2026-09-09,2026-09-09 21:00:00,KAHRAMAN-4,KAHRAMAN,4,57.0,1200.0,11.0,-2.3333333333333335,-1.8,-1.8,4.026666666666667,0.0,-0.5333333333333334,16.0,0.43782349911420193,0.6789970929077888,0.0,0.0,0.1875,0.3125,0.016666666666666666,0.0,0.25,0.25,0.25,0.25,-1.8,-1.8,0.0,0.45,0.13986013986013984,0.13986013986013984,7.15,0,ELAZIĞ,Kum,NORMAL
Elazığ-2026-09-09-7,2026-09-09,2026-09-09 21:00:00,ÖZGÜRAK-5,ÖZGÜRAK,5,57.0,1200.0,11.0,0.1777777777777778,-0.018333333333333313,-0.018333333333333313,0.4336249999999999,0.19999999999999996,0.19611111111111112,9.0,0.24508501313237172,0.6270178496697968,0.0,0.0,0.3333333333333333,0.5555555555555556,0.041666666666666664,0.0,0.25,0.25,0.25,0.25,0.013888888888888914,-0.018333333333333313,-0.018333333333333313,0.45,0.1342281879194631,0.1342281879194631,7.45,0,ELAZIĞ,Kum,NORMAL
Elazığ-2026-09-09-7,2026-09-09,2026-09-09 21:00:00,ŞAH TUNALI-6,ŞAH TUNALI,6,57.0,1200.0,11.0,0.16666666666666666,-0.05555555555555556,-1.1882716049382716,0.3131751543209877,0.375,1.3549382716049383,9.0,0.24508501313237172,0.6411313204929243,0.0,0.0,0.3333333333333333,0.5555555555555556,0.075,0.0,0.25,0.25,0.25,0.25,-1.3211805555555556,-1.1597222222222223,0.08333333333333333,0.45,0.13986013986013984,0.13986013986013984,7.15,0,ELAZIĞ,Kum,NORMAL
Elazığ-2026-09-09-7,2026-09-09,2026-09-09 21:00:00,ÖZTÜRK PINARI-7,ÖZTÜRK PINARI,7,58.0,1200.0,11.0,0.8363636363636364,0.3018181818181818,0.21818181818181817,0.6677438016528925,0.9090909090909091,0.6181818181818183,7.0,0.20181322226037884,0.2832673618423975,1.0,0.0,0.42857142857142855,0.7142857142857143,0.05,0.0,0.25,0.25,0.25,0.25,0.21818181818181817,0.21818181818181817,0.21818181818181817,0.45,0.3225806451612903,0.3225806451612903,3.1,1,ELAZIĞ,Kum,NORMAL
Elazığ-2026-09-09-7,2026-09-09,2026-09-09 21:00:00,YAZ MELTEMİ-8,YAZ MELTEMİ,8,57.0,1200.0,11.0,0.03174603174603178,-0.14458874458874454,-0.6556277056277057,0.4248758456550665,0.0,0.6873737373737374,7.0,0.20181322226037884,0.19525949149979535,1.0,0.0,0.42857142857142855,0.7142857142857143,0.09166666666666666,0.0,0.25,0.25,0.25,0.25,-0.556773088023088,-0.6073888232979142,-0.053030303030303004,0.45,0.2597402597402597,0.2597402597402597,3.85,0,ELAZIĞ,Kum,NORMAL
Elazığ-2026-09-09-7,2026-09-09,2026-09-09 21:00:00,EMOŞUN KIZI  GKR Göz koruyucu takılacağını ifade eder.-9,EMOŞUN KIZI  GKR Göz koruyucu takılacağını ifade eder.,9,55.0,1200.0,11.0,-0.8888888888888888,-0.49696969696969695,-0.28354978354978355,1.9773186409550045,0.0,-0.6053391053391053,7.0,0.20181322226037884,0.198421321308224,1.0,0.0,0.42857142857142855,0.7142857142857143,0.06666666666666667,0.0,0.25,0.25,0.25,0.25,-0.2481060606060606,-0.2481060606060606,-0.2481060606060606,0.45,0.05263157894736842,0.05263157894736842,19.0,0,ELAZIĞ,Kum,NORMAL
Elazığ-2026-09-09-7,2026-09-09,2026-09-09 21:00:00,MISRADA-10,MISRADA,10,53.0,1200.0,11.0,-1.7261904761904763,-1.7946428571428572,-1.7946428571428572,2.6210671768707483,-4.0,0.06845238095238093,7.0,0.20181322226037884,0.03326161747592323,1.0,0.0,0.42857142857142855,0.7142857142857143,0.03333333333333333,0.0,0.25,0.25,0.25,0.25,-1.7946428571428572,-1.7946428571428572,-1.7946428571428572,0.45,0.03616636528028933,0.03616636528028933,27.65,0,ELAZIĞ,Kum,NORMAL
Elazığ-2026-09-09-7,2026-09-09,2026-09-09 21:00:00,TOPRAK ÇİÇEĞİ-11,TOPRAK ÇİÇEĞİ,11,55.0,1200.0,11.0,-0.16825396825396824,-0.0984126984126984,-0.0984126984126984,1.0539077853363568,0.4285714285714286,-0.06984126984126984,7.0,0.20181322226037884,0.23953362454371527,1.0,0.0,0.42857142857142855,0.7142857142857143,0.03333333333333333,0.0,0.25,0.25,0.25,0.25,-0.0984126984126984,-0.0984126984126984,0.5476190476190477,0.45,0.06920415224913495,0.06920415224913495,14.45,0,ELAZIĞ,Kum,NORMAL
Elazığ-2026-09-09-8,2026-09-09,2026-09-09 21:30:00,HUNTER OF VICTORY-1,HUNTER OF VICTORY,1,63.0,1900.0,12.0,-2.1575091575091574,-1.5945054945054946,-1.0222527472527472,9.426524574326773,0.3846153846153846,-1.1352564102564102,7.0,0.20181322226037884,0.2194034878258581,1.0,0.0,0.42857142857142855,0.7142857142857143,0.016666666666666666,0.0,0.25,0.25,0.25,0.25,-1.15,-0.5043956043956044,-0.4038461538461538,0.45,0.06211180124223602,0.06211180124223602,16.1,0,ELAZIĞ,Kum,NORMAL
Elazığ-2026-09-09-8,2026-09-09,2026-09-09 21:30:00,VERMİTHRAX  SKG-2,VERMİTHRAX  SKG,2,62.0,1900.0,12.0,0.25,0.43499999999999994,0.44321428571428567,0.06925,0.25,-0.19321428571428567,16.0,0.43782349911420193,0.7015139409183407,0.0,0.0,0.1875,0.3125,0.008333333333333333,0.0,0.25,0.25,0.25,0.25,0.5608843537414966,0.525,0.25,0.45,0.11764705882352941,0.11764705882352941,8.5,0,ELAZIĞ,Kum,NORMAL
Elazığ-2026-09-09-8,2026-09-09,2026-09-09 21:30:00,BALDUR-3,BALDUR,3,61.5,1900.0,12.0,0.45,0.45,0.45,0.03,0.45,0.0,30.0,0.8175744761936437,0.7499476922271856,0.0,0.0,0.1,0.16666666666666666,0.0,0.0,0.25,0.25,0.25,0.25,0.45,0.45,0.45,0.45,0.0547945205479452,0.0547945205479452,18.25,0,ELAZIĞ,Kum,NORMAL
Elazığ-2026-09-09-8,2026-09-09,2026-09-09 21:30:00,IRISH MILLIONS  K Kulaklık takılacağını ifade eder.-4,IRISH MILLIONS  K Kulaklık takılacağını ifade eder.,4,59.5,1900.0,12.0,0.7407407407407408,0.7582905982905983,-0.3077777777777778,0.06448184673825698,0.33333333333333337,1.0485185185185186,18.0,0.5,0.7155661022133051,0.0,0.0,0.16666666666666666,0.2777777777777778,0.008333333333333333,0.0,0.25,0.25,0.25,0.25,-0.6499338624338624,-0.40390257890257886,0.0,0.45,0.10471204188481674,0.10471204188481674,9.55,0,ELAZIĞ,Kum,NORMAL
Elazığ-2026-09-09-8,2026-09-09,2026-09-09 21:30:00,JUNIOR CURA-5,JUNIOR CURA,5,59.0,1900.0,12.0,-2.388888888888889,-1.0904761904761906,-1.2884199134199135,15.14807256235828,1.0,-1.1004689754689754,23.0,0.6513548646660542,0.7849555951819974,0.0,0.0,0.13043478260869565,0.21739130434782608,0.05,0.0,0.25,0.25,0.25,0.25,-1.159559738507107,-0.715453107498562,-0.6060606060606061,0.45,0.10526315789473684,0.10526315789473684,9.5,0,ELAZIĞ,Kum,NORMAL
Elazığ-2026-09-09-8,2026-09-09,2026-09-09 21:30:00,ROYAL WARRIOR-6,ROYAL WARRIOR,6,55.5,1900.0,12.0,0.4611111111111111,0.27666666666666667,0.3335714285714285,0.10772222222222225,0.8,0.12753968253968256,9.0,0.24508501313237172,0.7199965396446176,0.0,0.0,0.3333333333333333,0.5555555555555556,0.041666666666666664,0.0,0.25,0.25,0.25,0.25,0.6833333333333332,0.3335714285714285,0.11666666666666664,0.45,0.273972602739726,0.273972602739726,3.65,0,ELAZIĞ,Kum,NORMAL
Elazığ-2026-09-09-8,2026-09-09,2026-09-09 21:30:00,SIDNEY SHOW-7,SIDNEY SHOW,7,58.5,1900.0,12.0,0.46428571428571425,-1.8714285714285714,-1.8690476190476193,16.908545918367345,1.0,2.3333333333333335,7.0,0.20181322226037884,0.2686557155739123,1.0,0.0,0.42857142857142855,0.7142857142857143,0.06666666666666667,0.0,0.25,0.25,0.25,0.25,-1.3248299319727892,-1.4361263736263736,-1.4761904761904763,0.45,0.11764705882352941,0.11764705882352941,8.5,0,ELAZIĞ,Kum,NORMAL
Elazığ-2026-09-09-8,2026-09-09,2026-09-09 21:30:00,MELİS HANIM-8,MELİS HANIM,8,58.0,1900.0,12.0,-0.7777777777777777,-0.18888888888888888,-0.048484848484848506,0.7432098765432098,-0.33333333333333326,-0.7292929292929292,9.0,0.24508501313237172,0.5821150585386944,0.0,0.0,0.3333333333333333,0.5555555555555556,0.06666666666666667,0.0,0.25,0.25,0.25,0.25,-0.5584449404761903,-0.4020263424518743,-0.25249901613537973,0.45,0.0784313725490196,0.0784313725490196,12.75,0,ELAZIĞ,Kum,NORMAL
Elazığ-2026-09-09-8,2026-09-09,2026-09-09 21:30:00,INFORMACTION-9,INFORMACTION,9,57.5,1900.0,12.0,-0.8703703703703703,-1.722222222222222,-2.3277777777777775,7.802469135802467,-0.5,1.4574074074074073,9.0,0.24508501313237172,0.5617158456290355,0.0,0.0,0.3333333333333333,0.5555555555555556,0.06666666666666667,0.0,0.25,0.25,0.25,0.25,-0.32136948300741397,-0.5085630464306934,-0.5321933621933622,0.45,0.5,0.5,2.0,1,ELAZIĞ,Kum,NORMAL
Elazığ-2026-09-09-8,2026-09-09,2026-09-09 21:30:00,UNCHARTERED-10,UNCHARTERED,10,52.5,1900.0,12.0,0.6666666666666666,0.7464285714285714,0.6556122448979592,0.17863520408163264,1.0,0.011054421768707412,21.0,0.5926665999540697,0.7867951171302838,0.0,0.0,0.14285714285714285,0.23809523809523808,0.016666666666666666,0.0,0.25,0.25,0.25,0.25,1.0,0.6556122448979592,1.0,0.45,0.5,0.5,2.0,0,ELAZIĞ,Kum,NORMAL
Elazığ-2026-09-09-8,2026-09-09,2026-09-09 21:30:00,SAKLIKAPI-11,SAKLIKAPI,11,54.0,1900.0,12.0,0.11574074074074074,-0.25555555555555554,0.07335858585858585,1.1260223765432098,0.2222222222222222,0.042382154882154896,9.0,0.24508501313237172,0.6462447699472122,0.0,0.0,0.3333333333333333,0.5555555555555556,0.075,0.0,0.25,0.25,0.25,0.25,-0.20035842293906814,-0.19426294191919188,-0.09477588383838384,0.45,0.07352941176470588,0.07352941176470588,13.6,0,ELAZIĞ,Kum,NORMAL
Elazığ-2026-09-09-8,2026-09-09,2026-09-09 21:30:00,TALENTED HERO-12,TALENTED HERO,12,53.0,1900.0,12.0,-0.1611111111111111,0.21242424242424246,0.3389502164502165,0.3138778696051423,-0.33333333333333326,-0.5000613275613276,9.0,0.24508501313237172,0.5918121990570971,0.0,0.0,0.3333333333333333,0.5555555555555556,0.016666666666666666,0.0,0.25,0.25,0.25,0.25,0.37547348484848486,0.48512783512783514,-0.11666666666666664,0.45,0.06968641114982578,0.06968641114982578,14.35,0,ELAZIĞ,Kum,NORMAL
